2026-03-11T07:25:33.143+05:30  INFO 20632 --- [backend] [main] com.tsarit.backend.BackendApplication    : Starting BackendApplication using Java 23.0.1 with PID 20632 (D:\Desktop\NewWebsite\New Web\Backend\target\classes started by Nikhil Nawale in D:\Desktop\NewWebsite\New Web\Backend)
2026-03-11T07:25:33.171+05:30 DEBUG 20632 --- [backend] [main] com.tsarit.backend.BackendApplication    : Running with Spring Boot v3.2.2, Spring v6.1.3
2026-03-11T07:25:33.174+05:30  INFO 20632 --- [backend] [main] com.tsarit.backend.BackendApplication    : No active profile set, falling back to 1 default profile: "default"
2026-03-11T07:25:37.249+05:30  INFO 20632 --- [backend] [main] .s.d.r.c.RepositoryConfigurationDelegate : Bootstrapping Spring Data JPA repositories in DEFAULT mode.
2026-03-11T07:25:37.455+05:30  INFO 20632 --- [backend] [main] .s.d.r.c.RepositoryConfigurationDelegate : Finished Spring Data repository scanning in 186 ms. Found 15 JPA repository interfaces.
2026-03-11T07:25:39.146+05:30  INFO 20632 --- [backend] [main] o.s.b.w.embedded.tomcat.TomcatWebServer  : Tomcat initialized with port 8081 (http)
2026-03-11T07:25:39.193+05:30  INFO 20632 --- [backend] [main] o.apache.catalina.core.StandardService   : Starting service [Tomcat]
2026-03-11T07:25:39.194+05:30  INFO 20632 --- [backend] [main] o.apache.catalina.core.StandardEngine    : Starting Servlet engine: [Apache Tomcat/10.1.18]
2026-03-11T07:25:39.475+05:30  INFO 20632 --- [backend] [main] o.a.c.c.C.[Tomcat].[localhost].[/]       : Initializing Spring embedded WebApplicationContext
2026-03-11T07:25:39.478+05:30  INFO 20632 --- [backend] [main] w.s.c.ServletWebServerApplicationContext : Root WebApplicationContext: initialization completed in 6141 ms
2026-03-11T07:25:40.135+05:30  INFO 20632 --- [backend] [main] o.hibernate.jpa.internal.util.LogHelper  : HHH000204: Processing PersistenceUnitInfo [name: default]
2026-03-11T07:25:40.510+05:30  INFO 20632 --- [backend] [main] org.hibernate.Version                    : HHH000412: Hibernate ORM core version 6.4.1.Final
2026-03-11T07:25:40.740+05:30  INFO 20632 --- [backend] [main] o.h.c.internal.RegionFactoryInitiator    : HHH000026: Second-level cache disabled
2026-03-11T07:25:41.493+05:30  INFO 20632 --- [backend] [main] o.s.o.j.p.SpringPersistenceUnitInfo      : No LoadTimeWeaver setup: ignoring JPA class transformer
2026-03-11T07:25:41.597+05:30  INFO 20632 --- [backend] [main] com.zaxxer.hikari.HikariDataSource       : HikariPool-1 - Starting...
2026-03-11T07:25:42.411+05:30  INFO 20632 --- [backend] [main] com.zaxxer.hikari.pool.HikariPool        : HikariPool-1 - Added connection com.mysql.cj.jdbc.ConnectionImpl@75dc1c1c
2026-03-11T07:25:42.415+05:30  INFO 20632 --- [backend] [main] com.zaxxer.hikari.HikariDataSource       : HikariPool-1 - Start completed.
2026-03-11T07:25:47.552+05:30  INFO 20632 --- [backend] [main] o.h.e.t.j.p.i.JtaPlatformInitiator       : HHH000489: No JTA platform available (set 'hibernate.transaction.jta.platform' to enable JTA platform integration)
2026-03-11T07:25:48.068+05:30  INFO 20632 --- [backend] [main] j.LocalContainerEntityManagerFactoryBean : Initialized JPA EntityManagerFactory for persistence unit 'default'
2026-03-11T07:25:49.914+05:30 DEBUG 20632 --- [backend] [main] c.t.backend.security.AuthTokenFilter     : Filter 'authTokenFilter' configured for use
2026-03-11T07:25:50.655+05:30  INFO 20632 --- [backend] [main] o.s.d.j.r.query.QueryEnhancerFactory     : Hibernate is in classpath; If applicable, HQL parser will be used.
2026-03-11T07:25:53.403+05:30 DEBUG 20632 --- [backend] [main] org.hibernate.SQL                        : select count(*) from courses c1_0
2026-03-11T07:25:55.819+05:30  WARN 20632 --- [backend] [main] JpaBaseConfiguration$JpaWebConfiguration : spring.jpa.open-in-view is enabled by default. Therefore, database queries may be performed during view rendering. Explicitly configure spring.jpa.open-in-view to disable this warning
2026-03-11T07:25:57.368+05:30  INFO 20632 --- [backend] [main] o.s.s.web.DefaultSecurityFilterChain     : Will secure any request with [org.springframework.security.web.session.DisableEncodeUrlFilter@454056b, org.springframework.security.web.context.request.async.WebAsyncManagerIntegrationFilter@2a882681, org.springframework.security.web.context.SecurityContextHolderFilter@250988e5, org.springframework.security.web.header.HeaderWriterFilter@891f18f, org.springframework.web.filter.CorsFilter@525b999, org.springframework.security.web.authentication.logout.LogoutFilter@2f8a82e9, com.tsarit.backend.security.AuthTokenFilter@1dc9e4d2, org.springframework.security.web.savedrequest.RequestCacheAwareFilter@1502cd38, org.springframework.security.web.servletapi.SecurityContextHolderAwareRequestFilter@3662dc9b, org.springframework.security.web.authentication.AnonymousAuthenticationFilter@12f4b3a2, org.springframework.security.web.session.SessionManagementFilter@344ab465, org.springframework.security.web.access.ExceptionTranslationFilter@71590f85, org.springframework.security.web.access.intercept.AuthorizationFilter@2b009051]
2026-03-11T07:25:58.378+05:30  INFO 20632 --- [backend] [main] o.s.b.w.embedded.tomcat.TomcatWebServer  : Tomcat started on port 8081 (http) with context path ''
2026-03-11T07:25:58.412+05:30  INFO 20632 --- [backend] [main] com.tsarit.backend.BackendApplication    : Started BackendApplication in 26.222 seconds (process running for 27.176)
2026-03-11T07:25:58.692+05:30 DEBUG 20632 --- [backend] [main] org.hibernate.SQL                        : select c1_0.id,c1_0.bg_color,c1_0.border_color,c1_0.color,c1_0.description,c1_0.discount,c1_0.domain,c1_0.duration,c1_0.gradient,c1_0.icon_name,c1_0.level,c1_0.live_link,c1_0.name,c1_0.shadow,c1_0.slug,c1_0.total_fee from courses c1_0 where c1_0.name=?
2026-03-11T07:25:58.807+05:30 DEBUG 20632 --- [backend] [main] org.hibernate.SQL                        : select c1_0.id,c1_0.bg_color,c1_0.border_color,c1_0.color,c1_0.description,c1_0.discount,c1_0.domain,c1_0.duration,c1_0.gradient,c1_0.icon_name,c1_0.level,c1_0.live_link,c1_0.name,c1_0.shadow,c1_0.slug,c1_0.total_fee,s1_0.course_id,s1_0.id,s1_0.title from courses c1_0 left join sections s1_0 on c1_0.id=s1_0.course_id where c1_0.id=?
2026-03-11T07:25:58.833+05:30 DEBUG 20632 --- [backend] [main] org.hibernate.SQL                        : select v1_0.section_id,v1_0.id,v1_0.duration,v1_0.title,v1_0.type,v1_0.url from videos v1_0 where v1_0.section_id=?
2026-03-11T07:25:58.848+05:30 DEBUG 20632 --- [backend] [main] org.hibernate.SQL                        : select q1_0.section_id,q1_0.id,q1_0.description,q1_0.title from quizzes q1_0 where q1_0.section_id=?
2026-03-11T07:25:58.852+05:30 DEBUG 20632 --- [backend] [main] org.hibernate.SQL                        : select v1_0.section_id,v1_0.id,v1_0.duration,v1_0.title,v1_0.type,v1_0.url from videos v1_0 where v1_0.section_id=?
2026-03-11T07:25:58.857+05:30 DEBUG 20632 --- [backend] [main] org.hibernate.SQL                        : select q1_0.section_id,q1_0.id,q1_0.description,q1_0.title from quizzes q1_0 where q1_0.section_id=?
2026-03-11T07:25:58.866+05:30 DEBUG 20632 --- [backend] [main] org.hibernate.SQL                        : select v1_0.section_id,v1_0.id,v1_0.duration,v1_0.title,v1_0.type,v1_0.url from videos v1_0 where v1_0.section_id=?
2026-03-11T07:25:58.872+05:30 DEBUG 20632 --- [backend] [main] org.hibernate.SQL                        : select q1_0.section_id,q1_0.id,q1_0.description,q1_0.title from quizzes q1_0 where q1_0.section_id=?
2026-03-11T07:25:58.930+05:30 DEBUG 20632 --- [backend] [main] org.hibernate.SQL                        : select c1_0.id,c1_0.bg_color,c1_0.border_color,c1_0.color,c1_0.description,c1_0.discount,c1_0.domain,c1_0.duration,c1_0.gradient,c1_0.icon_name,c1_0.level,c1_0.live_link,c1_0.name,c1_0.shadow,c1_0.slug,c1_0.total_fee from courses c1_0 where c1_0.name=?
2026-03-11T07:25:58.944+05:30 DEBUG 20632 --- [backend] [main] org.hibernate.SQL                        : select c1_0.id,c1_0.bg_color,c1_0.border_color,c1_0.color,c1_0.description,c1_0.discount,c1_0.domain,c1_0.duration,c1_0.gradient,c1_0.icon_name,c1_0.level,c1_0.live_link,c1_0.name,c1_0.shadow,c1_0.slug,c1_0.total_fee,s1_0.course_id,s1_0.id,s1_0.title from courses c1_0 left join sections s1_0 on c1_0.id=s1_0.course_id where c1_0.id=?
2026-03-11T07:25:58.961+05:30 DEBUG 20632 --- [backend] [main] org.hibernate.SQL                        : select c1_0.id,c1_0.bg_color,c1_0.border_color,c1_0.color,c1_0.description,c1_0.discount,c1_0.domain,c1_0.duration,c1_0.gradient,c1_0.icon_name,c1_0.level,c1_0.live_link,c1_0.name,c1_0.shadow,c1_0.slug,c1_0.total_fee from courses c1_0 where c1_0.name=?
2026-03-11T07:25:58.968+05:30 DEBUG 20632 --- [backend] [main] org.hibernate.SQL                        : select c1_0.id,c1_0.bg_color,c1_0.border_color,c1_0.color,c1_0.description,c1_0.discount,c1_0.domain,c1_0.duration,c1_0.gradient,c1_0.icon_name,c1_0.level,c1_0.live_link,c1_0.name,c1_0.shadow,c1_0.slug,c1_0.total_fee,s1_0.course_id,s1_0.id,s1_0.title from courses c1_0 left join sections s1_0 on c1_0.id=s1_0.course_id where c1_0.id=?
2026-03-11T07:25:58.986+05:30 DEBUG 20632 --- [backend] [main] org.hibernate.SQL                        : select c1_0.id,c1_0.bg_color,c1_0.border_color,c1_0.color,c1_0.description,c1_0.discount,c1_0.domain,c1_0.duration,c1_0.gradient,c1_0.icon_name,c1_0.level,c1_0.live_link,c1_0.name,c1_0.shadow,c1_0.slug,c1_0.total_fee from courses c1_0 where c1_0.name=?
2026-03-11T07:25:58.992+05:30 DEBUG 20632 --- [backend] [main] org.hibernate.SQL                        : select c1_0.id,c1_0.bg_color,c1_0.border_color,c1_0.color,c1_0.description,c1_0.discount,c1_0.domain,c1_0.duration,c1_0.gradient,c1_0.icon_name,c1_0.level,c1_0.live_link,c1_0.name,c1_0.shadow,c1_0.slug,c1_0.total_fee,s1_0.course_id,s1_0.id,s1_0.title from courses c1_0 left join sections s1_0 on c1_0.id=s1_0.course_id where c1_0.id=?
2026-03-11T07:25:59.004+05:30 DEBUG 20632 --- [backend] [main] org.hibernate.SQL                        : select c1_0.id,c1_0.bg_color,c1_0.border_color,c1_0.color,c1_0.description,c1_0.discount,c1_0.domain,c1_0.duration,c1_0.gradient,c1_0.icon_name,c1_0.level,c1_0.live_link,c1_0.name,c1_0.shadow,c1_0.slug,c1_0.total_fee from courses c1_0 where c1_0.name=?
2026-03-11T07:25:59.011+05:30 DEBUG 20632 --- [backend] [main] org.hibernate.SQL                        : select c1_0.id,c1_0.bg_color,c1_0.border_color,c1_0.color,c1_0.description,c1_0.discount,c1_0.domain,c1_0.duration,c1_0.gradient,c1_0.icon_name,c1_0.level,c1_0.live_link,c1_0.name,c1_0.shadow,c1_0.slug,c1_0.total_fee,s1_0.course_id,s1_0.id,s1_0.title from courses c1_0 left join sections s1_0 on c1_0.id=s1_0.course_id where c1_0.id=?
2026-03-11T07:25:59.027+05:30 DEBUG 20632 --- [backend] [main] org.hibernate.SQL                        : select c1_0.id,c1_0.bg_color,c1_0.border_color,c1_0.color,c1_0.description,c1_0.discount,c1_0.domain,c1_0.duration,c1_0.gradient,c1_0.icon_name,c1_0.level,c1_0.live_link,c1_0.name,c1_0.shadow,c1_0.slug,c1_0.total_fee from courses c1_0 where c1_0.name=?
2026-03-11T07:25:59.035+05:30 DEBUG 20632 --- [backend] [main] org.hibernate.SQL                        : select c1_0.id,c1_0.bg_color,c1_0.border_color,c1_0.color,c1_0.description,c1_0.discount,c1_0.domain,c1_0.duration,c1_0.gradient,c1_0.icon_name,c1_0.level,c1_0.live_link,c1_0.name,c1_0.shadow,c1_0.slug,c1_0.total_fee,s1_0.course_id,s1_0.id,s1_0.title from courses c1_0 left join sections s1_0 on c1_0.id=s1_0.course_id where c1_0.id=?
2026-03-11T07:25:59.046+05:30 DEBUG 20632 --- [backend] [main] org.hibernate.SQL                        : select c1_0.id,c1_0.bg_color,c1_0.border_color,c1_0.color,c1_0.description,c1_0.discount,c1_0.domain,c1_0.duration,c1_0.gradient,c1_0.icon_name,c1_0.level,c1_0.live_link,c1_0.name,c1_0.shadow,c1_0.slug,c1_0.total_fee from courses c1_0 where c1_0.name=?
2026-03-11T07:25:59.054+05:30 DEBUG 20632 --- [backend] [main] org.hibernate.SQL                        : select c1_0.id,c1_0.bg_color,c1_0.border_color,c1_0.color,c1_0.description,c1_0.discount,c1_0.domain,c1_0.duration,c1_0.gradient,c1_0.icon_name,c1_0.level,c1_0.live_link,c1_0.name,c1_0.shadow,c1_0.slug,c1_0.total_fee,s1_0.course_id,s1_0.id,s1_0.title from courses c1_0 left join sections s1_0 on c1_0.id=s1_0.course_id where c1_0.id=?
2026-03-11T07:25:59.070+05:30 DEBUG 20632 --- [backend] [main] org.hibernate.SQL                        : select c1_0.id,c1_0.bg_color,c1_0.border_color,c1_0.color,c1_0.description,c1_0.discount,c1_0.domain,c1_0.duration,c1_0.gradient,c1_0.icon_name,c1_0.level,c1_0.live_link,c1_0.name,c1_0.shadow,c1_0.slug,c1_0.total_fee from courses c1_0 where c1_0.name=?
2026-03-11T07:25:59.082+05:30 DEBUG 20632 --- [backend] [main] org.hibernate.SQL                        : select c1_0.id,c1_0.bg_color,c1_0.border_color,c1_0.color,c1_0.description,c1_0.discount,c1_0.domain,c1_0.duration,c1_0.gradient,c1_0.icon_name,c1_0.level,c1_0.live_link,c1_0.name,c1_0.shadow,c1_0.slug,c1_0.total_fee,s1_0.course_id,s1_0.id,s1_0.title from courses c1_0 left join sections s1_0 on c1_0.id=s1_0.course_id where c1_0.id=?
2026-03-11T07:25:59.095+05:30 DEBUG 20632 --- [backend] [main] org.hibernate.SQL                        : select c1_0.id,c1_0.bg_color,c1_0.border_color,c1_0.color,c1_0.description,c1_0.discount,c1_0.domain,c1_0.duration,c1_0.gradient,c1_0.icon_name,c1_0.level,c1_0.live_link,c1_0.name,c1_0.shadow,c1_0.slug,c1_0.total_fee from courses c1_0 where c1_0.name=?
2026-03-11T07:25:59.110+05:30 DEBUG 20632 --- [backend] [main] org.hibernate.SQL                        : select c1_0.id,c1_0.bg_color,c1_0.border_color,c1_0.color,c1_0.description,c1_0.discount,c1_0.domain,c1_0.duration,c1_0.gradient,c1_0.icon_name,c1_0.level,c1_0.live_link,c1_0.name,c1_0.shadow,c1_0.slug,c1_0.total_fee,s1_0.course_id,s1_0.id,s1_0.title from courses c1_0 left join sections s1_0 on c1_0.id=s1_0.course_id where c1_0.id=?
2026-03-11T07:25:59.164+05:30 DEBUG 20632 --- [backend] [main] org.hibernate.SQL                        : select u1_0.id,u1_0.certificate_date,u1_0.certificate_issued,u1_0.course,u1_0.discount,u1_0.email,u1_0.password,u1_0.phone,u1_0.profile_picture,u1_0.role,u1_0.total_fee,u1_0.username from users u1_0 where u1_0.email=? limit ?
2026-03-11T07:25:59.233+05:30 DEBUG 20632 --- [backend] [main] org.hibernate.SQL                        : select u1_0.id,u1_0.certificate_date,u1_0.certificate_issued,u1_0.course,u1_0.discount,u1_0.email,u1_0.password,u1_0.phone,u1_0.profile_picture,u1_0.role,u1_0.total_fee,u1_0.username from users u1_0 where u1_0.email=? limit ?
2026-03-11T07:25:59.456+05:30 DEBUG 20632 --- [backend] [main] org.hibernate.SQL                        : select u1_0.id,u1_0.certificate_date,u1_0.certificate_issued,u1_0.course,u1_0.discount,u1_0.email,u1_0.password,u1_0.phone,u1_0.profile_picture,u1_0.role,u1_0.total_fee,u1_0.username from users u1_0 where u1_0.id=?
2026-03-11T07:25:59.589+05:30 DEBUG 20632 --- [backend] [main] org.hibernate.SQL                        : update users set certificate_date=?,certificate_issued=?,course=?,discount=?,email=?,password=?,phone=?,profile_picture=?,role=?,total_fee=?,username=? where id=?
2026-03-11T07:25:59.622+05:30 DEBUG 20632 --- [backend] [main] org.hibernate.SQL                        : select u1_0.id,u1_0.certificate_date,u1_0.certificate_issued,u1_0.course,u1_0.discount,u1_0.email,u1_0.password,u1_0.phone,u1_0.profile_picture,u1_0.role,u1_0.total_fee,u1_0.username from users u1_0 where u1_0.email=? limit ?
2026-03-11T07:25:59.629+05:30  INFO 20632 --- [backend] [main] com.tsarit.backend.BackendApplication    : Attempting to update database schema for Testimonials...
2026-03-11T07:25:59.702+05:30  INFO 20632 --- [backend] [main] com.tsarit.backend.BackendApplication    : Schema updated successfully: Testimonial columns resized to TEXT.
2026-03-11T07:25:59.702+05:30  INFO 20632 --- [backend] [main] com.tsarit.backend.BackendApplication    : Attempting to update database schema for Webinars...
2026-03-11T07:25:59.752+05:30  INFO 20632 --- [backend] [main] com.tsarit.backend.BackendApplication    : Schema updated successfully: Webinar columns resized to TEXT.
2026-03-11T07:25:59.752+05:30  INFO 20632 --- [backend] [main] com.tsarit.backend.BackendApplication    : Attempting to update database schema for Hackathons...
2026-03-11T07:25:59.769+05:30  INFO 20632 --- [backend] [main] com.tsarit.backend.BackendApplication    : Schema updated successfully: Hackathon columns resized to TEXT.
2026-03-11T07:27:23.784+05:30  INFO 20632 --- [backend] [http-nio-8081-exec-5] o.a.c.c.C.[Tomcat].[localhost].[/]       : Initializing Spring DispatcherServlet 'dispatcherServlet'
2026-03-11T07:27:23.794+05:30  INFO 20632 --- [backend] [http-nio-8081-exec-5] o.s.web.servlet.DispatcherServlet        : Initializing Servlet 'dispatcherServlet'
2026-03-11T07:27:23.834+05:30  INFO 20632 --- [backend] [http-nio-8081-exec-5] o.s.web.servlet.DispatcherServlet        : Completed initialization in 24 ms
2026-03-11T07:27:24.676+05:30 DEBUG 20632 --- [backend] [http-nio-8081-exec-3] org.hibernate.SQL                        : select h1_0.id,h1_0.date,h1_0.description,h1_0.entry_fee,h1_0.mode,h1_0.prize_pool,h1_0.status,h1_0.time,h1_0.title from hackathons h1_0
2026-03-11T07:27:24.681+05:30 DEBUG 20632 --- [backend] [http-nio-8081-exec-1] org.hibernate.SQL                        : select c1_0.id,c1_0.bg_color,c1_0.border_color,c1_0.color,c1_0.description,c1_0.discount,c1_0.domain,c1_0.duration,c1_0.gradient,c1_0.icon_name,c1_0.level,c1_0.live_link,c1_0.name,c1_0.shadow,c1_0.slug,c1_0.total_fee from courses c1_0
2026-03-11T07:27:24.787+05:30 DEBUG 20632 --- [backend] [http-nio-8081-exec-5] org.hibernate.SQL                        : select t1_0.id,t1_0.course,t1_0.image,t1_0.message,t1_0.name,t1_0.thumbnail,t1_0.video_url from testimonials t1_0 where t1_0.video_url is null
2026-03-11T07:27:24.787+05:30 DEBUG 20632 --- [backend] [http-nio-8081-exec-2] org.hibernate.SQL                        : select t1_0.id,t1_0.course,t1_0.image,t1_0.message,t1_0.name,t1_0.thumbnail,t1_0.video_url from testimonials t1_0 where t1_0.video_url is not null
2026-03-11T07:27:25.102+05:30 DEBUG 20632 --- [backend] [http-nio-8081-exec-3] org.hibernate.SQL                        : select rui1_0.hackathon_id,rui1_0.registered_user_ids from hackathon_registered_user_ids rui1_0 where rui1_0.hackathon_id=?
2026-03-11T07:27:25.121+05:30 DEBUG 20632 --- [backend] [http-nio-8081-exec-4] org.hibernate.SQL                        : select t1_0.id,t1_0.course,t1_0.image,t1_0.message,t1_0.name,t1_0.thumbnail,t1_0.video_url from testimonials t1_0 where t1_0.video_url is null
2026-03-11T07:27:25.122+05:30 DEBUG 20632 --- [backend] [http-nio-8081-exec-1] org.hibernate.SQL                        : select s1_0.course_id,s1_0.id,s1_0.title from sections s1_0 where s1_0.course_id=?
2026-03-11T07:27:25.126+05:30 DEBUG 20632 --- [backend] [http-nio-8081-exec-3] org.hibernate.SQL                        : select rui1_0.hackathon_id,rui1_0.registered_user_ids from hackathon_registered_user_ids rui1_0 where rui1_0.hackathon_id=?
2026-03-11T07:27:25.137+05:30 DEBUG 20632 --- [backend] [http-nio-8081-exec-3] org.hibernate.SQL                        : select rui1_0.hackathon_id,rui1_0.registered_user_ids from hackathon_registered_user_ids rui1_0 where rui1_0.hackathon_id=?
2026-03-11T07:27:25.137+05:30 DEBUG 20632 --- [backend] [http-nio-8081-exec-6] org.hibernate.SQL                        : select t1_0.id,t1_0.course,t1_0.image,t1_0.message,t1_0.name,t1_0.thumbnail,t1_0.video_url from testimonials t1_0 where t1_0.video_url is not null
2026-03-11T07:27:25.148+05:30 DEBUG 20632 --- [backend] [http-nio-8081-exec-3] org.hibernate.SQL                        : select rui1_0.hackathon_id,rui1_0.registered_user_ids from hackathon_registered_user_ids rui1_0 where rui1_0.hackathon_id=?
2026-03-11T07:27:25.169+05:30 DEBUG 20632 --- [backend] [http-nio-8081-exec-3] org.hibernate.SQL                        : select rui1_0.hackathon_id,rui1_0.registered_user_ids from hackathon_registered_user_ids rui1_0 where rui1_0.hackathon_id=?
2026-03-11T07:27:25.175+05:30 DEBUG 20632 --- [backend] [http-nio-8081-exec-3] org.hibernate.SQL                        : select rui1_0.hackathon_id,rui1_0.registered_user_ids from hackathon_registered_user_ids rui1_0 where rui1_0.hackathon_id=?
2026-03-11T07:27:25.182+05:30 DEBUG 20632 --- [backend] [http-nio-8081-exec-1] org.hibernate.SQL                        : select v1_0.section_id,v1_0.id,v1_0.duration,v1_0.title,v1_0.type,v1_0.url from videos v1_0 where v1_0.section_id=?
2026-03-11T07:27:25.265+05:30 DEBUG 20632 --- [backend] [http-nio-8081-exec-7] org.hibernate.SQL                        : select h1_0.id,h1_0.date,h1_0.description,h1_0.entry_fee,h1_0.mode,h1_0.prize_pool,h1_0.status,h1_0.time,h1_0.title from hackathons h1_0
2026-03-11T07:27:25.307+05:30 DEBUG 20632 --- [backend] [http-nio-8081-exec-1] org.hibernate.SQL                        : select q1_0.section_id,q1_0.id,q1_0.description,q1_0.title from quizzes q1_0 where q1_0.section_id in (select s1_0.id from sections s1_0 where s1_0.course_id=?)
2026-03-11T07:27:25.569+05:30 DEBUG 20632 --- [backend] [http-nio-8081-exec-1] org.hibernate.SQL                        : select v1_0.section_id,v1_0.id,v1_0.duration,v1_0.title,v1_0.type,v1_0.url from videos v1_0 where v1_0.section_id=?
2026-03-11T07:27:25.575+05:30 DEBUG 20632 --- [backend] [http-nio-8081-exec-7] org.hibernate.SQL                        : select rui1_0.hackathon_id,rui1_0.registered_user_ids from hackathon_registered_user_ids rui1_0 where rui1_0.hackathon_id=?
2026-03-11T07:27:25.586+05:30 DEBUG 20632 --- [backend] [http-nio-8081-exec-7] org.hibernate.SQL                        : select rui1_0.hackathon_id,rui1_0.registered_user_ids from hackathon_registered_user_ids rui1_0 where rui1_0.hackathon_id=?
2026-03-11T07:27:25.594+05:30 DEBUG 20632 --- [backend] [http-nio-8081-exec-7] org.hibernate.SQL                        : select rui1_0.hackathon_id,rui1_0.registered_user_ids from hackathon_registered_user_ids rui1_0 where rui1_0.hackathon_id=?
2026-03-11T07:27:25.605+05:30 DEBUG 20632 --- [backend] [http-nio-8081-exec-7] org.hibernate.SQL                        : select rui1_0.hackathon_id,rui1_0.registered_user_ids from hackathon_registered_user_ids rui1_0 where rui1_0.hackathon_id=?
2026-03-11T07:27:25.605+05:30 DEBUG 20632 --- [backend] [http-nio-8081-exec-1] org.hibernate.SQL                        : select q1_0.quiz_id,q1_0.id,q1_0.correct_option_index,q1_0.question_text from questions q1_0 where q1_0.quiz_id=?
2026-03-11T07:27:25.607+05:30 DEBUG 20632 --- [backend] [http-nio-8081-exec-7] org.hibernate.SQL                        : select rui1_0.hackathon_id,rui1_0.registered_user_ids from hackathon_registered_user_ids rui1_0 where rui1_0.hackathon_id=?
2026-03-11T07:27:25.613+05:30 DEBUG 20632 --- [backend] [http-nio-8081-exec-7] org.hibernate.SQL                        : select rui1_0.hackathon_id,rui1_0.registered_user_ids from hackathon_registered_user_ids rui1_0 where rui1_0.hackathon_id=?
2026-03-11T07:27:25.633+05:30 DEBUG 20632 --- [backend] [http-nio-8081-exec-1] org.hibernate.SQL                        : select o1_0.question_id,o1_0.option_text from question_options o1_0 where o1_0.question_id=?
2026-03-11T07:27:25.638+05:30 DEBUG 20632 --- [backend] [http-nio-8081-exec-1] org.hibernate.SQL                        : select o1_0.question_id,o1_0.option_text from question_options o1_0 where o1_0.question_id=?
2026-03-11T07:27:25.642+05:30 DEBUG 20632 --- [backend] [http-nio-8081-exec-1] org.hibernate.SQL                        : select v1_0.section_id,v1_0.id,v1_0.duration,v1_0.title,v1_0.type,v1_0.url from videos v1_0 where v1_0.section_id=?
2026-03-11T07:27:25.740+05:30 DEBUG 20632 --- [backend] [http-nio-8081-exec-1] org.hibernate.SQL                        : select s1_0.course_id,s1_0.id,s1_0.title from sections s1_0 where s1_0.course_id=?
2026-03-11T07:27:25.745+05:30 DEBUG 20632 --- [backend] [http-nio-8081-exec-1] org.hibernate.SQL                        : select s1_0.course_id,s1_0.id,s1_0.title from sections s1_0 where s1_0.course_id=?
2026-03-11T07:27:25.752+05:30 DEBUG 20632 --- [backend] [http-nio-8081-exec-1] org.hibernate.SQL                        : select s1_0.course_id,s1_0.id,s1_0.title from sections s1_0 where s1_0.course_id=?
2026-03-11T07:27:25.755+05:30 DEBUG 20632 --- [backend] [http-nio-8081-exec-1] org.hibernate.SQL                        : select s1_0.course_id,s1_0.id,s1_0.title from sections s1_0 where s1_0.course_id=?
2026-03-11T07:27:25.766+05:30 DEBUG 20632 --- [backend] [http-nio-8081-exec-1] org.hibernate.SQL                        : select s1_0.course_id,s1_0.id,s1_0.title from sections s1_0 where s1_0.course_id=?
2026-03-11T07:27:25.771+05:30 DEBUG 20632 --- [backend] [http-nio-8081-exec-1] org.hibernate.SQL                        : select s1_0.course_id,s1_0.id,s1_0.title from sections s1_0 where s1_0.course_id=?
2026-03-11T07:27:25.777+05:30 DEBUG 20632 --- [backend] [http-nio-8081-exec-1] org.hibernate.SQL                        : select s1_0.course_id,s1_0.id,s1_0.title from sections s1_0 where s1_0.course_id=?
2026-03-11T07:27:25.784+05:30 DEBUG 20632 --- [backend] [http-nio-8081-exec-1] org.hibernate.SQL                        : select s1_0.course_id,s1_0.id,s1_0.title from sections s1_0 where s1_0.course_id=?
2026-03-11T07:27:25.811+05:30 DEBUG 20632 --- [backend] [http-nio-8081-exec-9] org.hibernate.SQL                        : select c1_0.id,c1_0.bg_color,c1_0.border_color,c1_0.color,c1_0.description,c1_0.discount,c1_0.domain,c1_0.duration,c1_0.gradient,c1_0.icon_name,c1_0.level,c1_0.live_link,c1_0.name,c1_0.shadow,c1_0.slug,c1_0.total_fee from courses c1_0
2026-03-11T07:27:25.839+05:30 DEBUG 20632 --- [backend] [http-nio-8081-exec-9] org.hibernate.SQL                        : select s1_0.course_id,s1_0.id,s1_0.title from sections s1_0 where s1_0.course_id=?
2026-03-11T07:27:25.849+05:30 DEBUG 20632 --- [backend] [http-nio-8081-exec-9] org.hibernate.SQL                        : select v1_0.section_id,v1_0.id,v1_0.duration,v1_0.title,v1_0.type,v1_0.url from videos v1_0 where v1_0.section_id=?
2026-03-11T07:27:25.861+05:30 DEBUG 20632 --- [backend] [http-nio-8081-exec-9] org.hibernate.SQL                        : select q1_0.section_id,q1_0.id,q1_0.description,q1_0.title from quizzes q1_0 where q1_0.section_id in (select s1_0.id from sections s1_0 where s1_0.course_id=?)
2026-03-11T07:27:26.222+05:30 DEBUG 20632 --- [backend] [http-nio-8081-exec-9] org.hibernate.SQL                        : select v1_0.section_id,v1_0.id,v1_0.duration,v1_0.title,v1_0.type,v1_0.url from videos v1_0 where v1_0.section_id=?
2026-03-11T07:27:26.227+05:30 DEBUG 20632 --- [backend] [http-nio-8081-exec-9] org.hibernate.SQL                        : select q1_0.quiz_id,q1_0.id,q1_0.correct_option_index,q1_0.question_text from questions q1_0 where q1_0.quiz_id=?
2026-03-11T07:27:26.239+05:30 DEBUG 20632 --- [backend] [http-nio-8081-exec-9] org.hibernate.SQL                        : select o1_0.question_id,o1_0.option_text from question_options o1_0 where o1_0.question_id=?
2026-03-11T07:27:26.243+05:30 DEBUG 20632 --- [backend] [http-nio-8081-exec-9] org.hibernate.SQL                        : select o1_0.question_id,o1_0.option_text from question_options o1_0 where o1_0.question_id=?
2026-03-11T07:27:26.252+05:30 DEBUG 20632 --- [backend] [http-nio-8081-exec-9] org.hibernate.SQL                        : select v1_0.section_id,v1_0.id,v1_0.duration,v1_0.title,v1_0.type,v1_0.url from videos v1_0 where v1_0.section_id=?
2026-03-11T07:27:26.259+05:30 DEBUG 20632 --- [backend] [http-nio-8081-exec-9] org.hibernate.SQL                        : select s1_0.course_id,s1_0.id,s1_0.title from sections s1_0 where s1_0.course_id=?
2026-03-11T07:27:26.273+05:30 DEBUG 20632 --- [backend] [http-nio-8081-exec-9] org.hibernate.SQL                        : select s1_0.course_id,s1_0.id,s1_0.title from sections s1_0 where s1_0.course_id=?
2026-03-11T07:27:26.275+05:30 DEBUG 20632 --- [backend] [http-nio-8081-exec-9] org.hibernate.SQL                        : select s1_0.course_id,s1_0.id,s1_0.title from sections s1_0 where s1_0.course_id=?
2026-03-11T07:27:26.282+05:30 DEBUG 20632 --- [backend] [http-nio-8081-exec-9] org.hibernate.SQL                        : select s1_0.course_id,s1_0.id,s1_0.title from sections s1_0 where s1_0.course_id=?
2026-03-11T07:27:26.289+05:30 DEBUG 20632 --- [backend] [http-nio-8081-exec-9] org.hibernate.SQL                        : select s1_0.course_id,s1_0.id,s1_0.title from sections s1_0 where s1_0.course_id=?
2026-03-11T07:27:26.293+05:30 DEBUG 20632 --- [backend] [http-nio-8081-exec-9] org.hibernate.SQL                        : select s1_0.course_id,s1_0.id,s1_0.title from sections s1_0 where s1_0.course_id=?
2026-03-11T07:27:26.299+05:30 DEBUG 20632 --- [backend] [http-nio-8081-exec-9] org.hibernate.SQL                        : select s1_0.course_id,s1_0.id,s1_0.title from sections s1_0 where s1_0.course_id=?
2026-03-11T07:27:26.302+05:30 DEBUG 20632 --- [backend] [http-nio-8081-exec-9] org.hibernate.SQL                        : select s1_0.course_id,s1_0.id,s1_0.title from sections s1_0 where s1_0.course_id=?
2026-03-11T07:27:26.326+05:30 DEBUG 20632 --- [backend] [http-nio-8081-exec-8] org.hibernate.SQL                        : select c1_0.id,c1_0.bg_color,c1_0.border_color,c1_0.color,c1_0.description,c1_0.discount,c1_0.domain,c1_0.duration,c1_0.gradient,c1_0.icon_name,c1_0.level,c1_0.live_link,c1_0.name,c1_0.shadow,c1_0.slug,c1_0.total_fee from courses c1_0
2026-03-11T07:27:26.351+05:30 DEBUG 20632 --- [backend] [http-nio-8081-exec-8] org.hibernate.SQL                        : select s1_0.course_id,s1_0.id,s1_0.title from sections s1_0 where s1_0.course_id=?
2026-03-11T07:27:26.357+05:30 DEBUG 20632 --- [backend] [http-nio-8081-exec-8] org.hibernate.SQL                        : select v1_0.section_id,v1_0.id,v1_0.duration,v1_0.title,v1_0.type,v1_0.url from videos v1_0 where v1_0.section_id=?
2026-03-11T07:27:26.365+05:30 DEBUG 20632 --- [backend] [http-nio-8081-exec-8] org.hibernate.SQL                        : select q1_0.section_id,q1_0.id,q1_0.description,q1_0.title from quizzes q1_0 where q1_0.section_id in (select s1_0.id from sections s1_0 where s1_0.course_id=?)
2026-03-11T07:27:26.373+05:30 DEBUG 20632 --- [backend] [http-nio-8081-exec-8] org.hibernate.SQL                        : select v1_0.section_id,v1_0.id,v1_0.duration,v1_0.title,v1_0.type,v1_0.url from videos v1_0 where v1_0.section_id=?
2026-03-11T07:27:26.378+05:30 DEBUG 20632 --- [backend] [http-nio-8081-exec-8] org.hibernate.SQL                        : select q1_0.quiz_id,q1_0.id,q1_0.correct_option_index,q1_0.question_text from questions q1_0 where q1_0.quiz_id=?
2026-03-11T07:27:26.388+05:30 DEBUG 20632 --- [backend] [http-nio-8081-exec-8] org.hibernate.SQL                        : select o1_0.question_id,o1_0.option_text from question_options o1_0 where o1_0.question_id=?
2026-03-11T07:27:26.396+05:30 DEBUG 20632 --- [backend] [http-nio-8081-exec-8] org.hibernate.SQL                        : select o1_0.question_id,o1_0.option_text from question_options o1_0 where o1_0.question_id=?
2026-03-11T07:27:26.399+05:30 DEBUG 20632 --- [backend] [http-nio-8081-exec-8] org.hibernate.SQL                        : select v1_0.section_id,v1_0.id,v1_0.duration,v1_0.title,v1_0.type,v1_0.url from videos v1_0 where v1_0.section_id=?
2026-03-11T07:27:26.404+05:30 DEBUG 20632 --- [backend] [http-nio-8081-exec-8] org.hibernate.SQL                        : select s1_0.course_id,s1_0.id,s1_0.title from sections s1_0 where s1_0.course_id=?
2026-03-11T07:27:26.408+05:30 DEBUG 20632 --- [backend] [http-nio-8081-exec-8] org.hibernate.SQL                        : select s1_0.course_id,s1_0.id,s1_0.title from sections s1_0 where s1_0.course_id=?
2026-03-11T07:27:26.415+05:30 DEBUG 20632 --- [backend] [http-nio-8081-exec-8] org.hibernate.SQL                        : select s1_0.course_id,s1_0.id,s1_0.title from sections s1_0 where s1_0.course_id=?
2026-03-11T07:27:26.420+05:30 DEBUG 20632 --- [backend] [http-nio-8081-exec-8] org.hibernate.SQL                        : select s1_0.course_id,s1_0.id,s1_0.title from sections s1_0 where s1_0.course_id=?
2026-03-11T07:27:26.601+05:30 DEBUG 20632 --- [backend] [http-nio-8081-exec-8] org.hibernate.SQL                        : select s1_0.course_id,s1_0.id,s1_0.title from sections s1_0 where s1_0.course_id=?
2026-03-11T07:27:26.605+05:30 DEBUG 20632 --- [backend] [http-nio-8081-exec-8] org.hibernate.SQL                        : select s1_0.course_id,s1_0.id,s1_0.title from sections s1_0 where s1_0.course_id=?
2026-03-11T07:27:26.608+05:30 DEBUG 20632 --- [backend] [http-nio-8081-exec-8] org.hibernate.SQL                        : select s1_0.course_id,s1_0.id,s1_0.title from sections s1_0 where s1_0.course_id=?
2026-03-11T07:27:26.621+05:30 DEBUG 20632 --- [backend] [http-nio-8081-exec-8] org.hibernate.SQL                        : select s1_0.course_id,s1_0.id,s1_0.title from sections s1_0 where s1_0.course_id=?
2026-03-11T07:27:26.640+05:30 DEBUG 20632 --- [backend] [http-nio-8081-exec-10] org.hibernate.SQL                        : select c1_0.id,c1_0.bg_color,c1_0.border_color,c1_0.color,c1_0.description,c1_0.discount,c1_0.domain,c1_0.duration,c1_0.gradient,c1_0.icon_name,c1_0.level,c1_0.live_link,c1_0.name,c1_0.shadow,c1_0.slug,c1_0.total_fee from courses c1_0
2026-03-11T07:27:26.657+05:30 DEBUG 20632 --- [backend] [http-nio-8081-exec-10] org.hibernate.SQL                        : select s1_0.course_id,s1_0.id,s1_0.title from sections s1_0 where s1_0.course_id=?
2026-03-11T07:27:26.668+05:30 DEBUG 20632 --- [backend] [http-nio-8081-exec-10] org.hibernate.SQL                        : select v1_0.section_id,v1_0.id,v1_0.duration,v1_0.title,v1_0.type,v1_0.url from videos v1_0 where v1_0.section_id=?
2026-03-11T07:27:26.673+05:30 DEBUG 20632 --- [backend] [http-nio-8081-exec-10] org.hibernate.SQL                        : select q1_0.section_id,q1_0.id,q1_0.description,q1_0.title from quizzes q1_0 where q1_0.section_id in (select s1_0.id from sections s1_0 where s1_0.course_id=?)
2026-03-11T07:27:26.683+05:30 DEBUG 20632 --- [backend] [http-nio-8081-exec-10] org.hibernate.SQL                        : select v1_0.section_id,v1_0.id,v1_0.duration,v1_0.title,v1_0.type,v1_0.url from videos v1_0 where v1_0.section_id=?
2026-03-11T07:27:26.690+05:30 DEBUG 20632 --- [backend] [http-nio-8081-exec-10] org.hibernate.SQL                        : select q1_0.quiz_id,q1_0.id,q1_0.correct_option_index,q1_0.question_text from questions q1_0 where q1_0.quiz_id=?
2026-03-11T07:27:26.697+05:30 DEBUG 20632 --- [backend] [http-nio-8081-exec-10] org.hibernate.SQL                        : select o1_0.question_id,o1_0.option_text from question_options o1_0 where o1_0.question_id=?
2026-03-11T07:27:26.704+05:30 DEBUG 20632 --- [backend] [http-nio-8081-exec-10] org.hibernate.SQL                        : select o1_0.question_id,o1_0.option_text from question_options o1_0 where o1_0.question_id=?
2026-03-11T07:27:26.708+05:30 DEBUG 20632 --- [backend] [http-nio-8081-exec-10] org.hibernate.SQL                        : select v1_0.section_id,v1_0.id,v1_0.duration,v1_0.title,v1_0.type,v1_0.url from videos v1_0 where v1_0.section_id=?
2026-03-11T07:27:26.714+05:30 DEBUG 20632 --- [backend] [http-nio-8081-exec-10] org.hibernate.SQL                        : select s1_0.course_id,s1_0.id,s1_0.title from sections s1_0 where s1_0.course_id=?
2026-03-11T07:27:26.718+05:30 DEBUG 20632 --- [backend] [http-nio-8081-exec-10] org.hibernate.SQL                        : select s1_0.course_id,s1_0.id,s1_0.title from sections s1_0 where s1_0.course_id=?
2026-03-11T07:27:26.723+05:30 DEBUG 20632 --- [backend] [http-nio-8081-exec-10] org.hibernate.SQL                        : select s1_0.course_id,s1_0.id,s1_0.title from sections s1_0 where s1_0.course_id=?
2026-03-11T07:27:26.730+05:30 DEBUG 20632 --- [backend] [http-nio-8081-exec-10] org.hibernate.SQL                        : select s1_0.course_id,s1_0.id,s1_0.title from sections s1_0 where s1_0.course_id=?
2026-03-11T07:27:26.734+05:30 DEBUG 20632 --- [backend] [http-nio-8081-exec-10] org.hibernate.SQL                        : select s1_0.course_id,s1_0.id,s1_0.title from sections s1_0 where s1_0.course_id=?
2026-03-11T07:27:26.742+05:30 DEBUG 20632 --- [backend] [http-nio-8081-exec-10] org.hibernate.SQL                        : select s1_0.course_id,s1_0.id,s1_0.title from sections s1_0 where s1_0.course_id=?
2026-03-11T07:27:26.751+05:30 DEBUG 20632 --- [backend] [http-nio-8081-exec-10] org.hibernate.SQL                        : select s1_0.course_id,s1_0.id,s1_0.title from sections s1_0 where s1_0.course_id=?
2026-03-11T07:27:26.754+05:30 DEBUG 20632 --- [backend] [http-nio-8081-exec-10] org.hibernate.SQL                        : select s1_0.course_id,s1_0.id,s1_0.title from sections s1_0 where s1_0.course_id=?
2026-03-11T07:27:26.773+05:30 DEBUG 20632 --- [backend] [http-nio-8081-exec-2] org.hibernate.SQL                        : select c1_0.id,c1_0.bg_color,c1_0.border_color,c1_0.color,c1_0.description,c1_0.discount,c1_0.domain,c1_0.duration,c1_0.gradient,c1_0.icon_name,c1_0.level,c1_0.live_link,c1_0.name,c1_0.shadow,c1_0.slug,c1_0.total_fee from courses c1_0
2026-03-11T07:27:26.800+05:30 DEBUG 20632 --- [backend] [http-nio-8081-exec-2] org.hibernate.SQL                        : select s1_0.course_id,s1_0.id,s1_0.title from sections s1_0 where s1_0.course_id=?
2026-03-11T07:27:26.807+05:30 DEBUG 20632 --- [backend] [http-nio-8081-exec-2] org.hibernate.SQL                        : select v1_0.section_id,v1_0.id,v1_0.duration,v1_0.title,v1_0.type,v1_0.url from videos v1_0 where v1_0.section_id=?
2026-03-11T07:27:26.819+05:30 DEBUG 20632 --- [backend] [http-nio-8081-exec-2] org.hibernate.SQL                        : select q1_0.section_id,q1_0.id,q1_0.description,q1_0.title from quizzes q1_0 where q1_0.section_id in (select s1_0.id from sections s1_0 where s1_0.course_id=?)
2026-03-11T07:27:26.825+05:30 DEBUG 20632 --- [backend] [http-nio-8081-exec-2] org.hibernate.SQL                        : select v1_0.section_id,v1_0.id,v1_0.duration,v1_0.title,v1_0.type,v1_0.url from videos v1_0 where v1_0.section_id=?
2026-03-11T07:27:26.831+05:30 DEBUG 20632 --- [backend] [http-nio-8081-exec-2] org.hibernate.SQL                        : select q1_0.quiz_id,q1_0.id,q1_0.correct_option_index,q1_0.question_text from questions q1_0 where q1_0.quiz_id=?
2026-03-11T07:27:26.838+05:30 DEBUG 20632 --- [backend] [http-nio-8081-exec-2] org.hibernate.SQL                        : select o1_0.question_id,o1_0.option_text from question_options o1_0 where o1_0.question_id=?
2026-03-11T07:27:26.849+05:30 DEBUG 20632 --- [backend] [http-nio-8081-exec-2] org.hibernate.SQL                        : select o1_0.question_id,o1_0.option_text from question_options o1_0 where o1_0.question_id=?
2026-03-11T07:27:26.854+05:30 DEBUG 20632 --- [backend] [http-nio-8081-exec-2] org.hibernate.SQL                        : select v1_0.section_id,v1_0.id,v1_0.duration,v1_0.title,v1_0.type,v1_0.url from videos v1_0 where v1_0.section_id=?
2026-03-11T07:27:26.869+05:30 DEBUG 20632 --- [backend] [http-nio-8081-exec-2] org.hibernate.SQL                        : select s1_0.course_id,s1_0.id,s1_0.title from sections s1_0 where s1_0.course_id=?
2026-03-11T07:27:26.883+05:30 DEBUG 20632 --- [backend] [http-nio-8081-exec-2] org.hibernate.SQL                        : select s1_0.course_id,s1_0.id,s1_0.title from sections s1_0 where s1_0.course_id=?
2026-03-11T07:27:26.897+05:30 DEBUG 20632 --- [backend] [http-nio-8081-exec-2] org.hibernate.SQL                        : select s1_0.course_id,s1_0.id,s1_0.title from sections s1_0 where s1_0.course_id=?
2026-03-11T07:27:26.966+05:30 DEBUG 20632 --- [backend] [http-nio-8081-exec-2] org.hibernate.SQL                        : select s1_0.course_id,s1_0.id,s1_0.title from sections s1_0 where s1_0.course_id=?
2026-03-11T07:27:26.970+05:30 DEBUG 20632 --- [backend] [http-nio-8081-exec-2] org.hibernate.SQL                        : select s1_0.course_id,s1_0.id,s1_0.title from sections s1_0 where s1_0.course_id=?
2026-03-11T07:27:26.977+05:30 DEBUG 20632 --- [backend] [http-nio-8081-exec-2] org.hibernate.SQL                        : select s1_0.course_id,s1_0.id,s1_0.title from sections s1_0 where s1_0.course_id=?
2026-03-11T07:27:26.982+05:30 DEBUG 20632 --- [backend] [http-nio-8081-exec-2] org.hibernate.SQL                        : select s1_0.course_id,s1_0.id,s1_0.title from sections s1_0 where s1_0.course_id=?
2026-03-11T07:27:26.990+05:30 DEBUG 20632 --- [backend] [http-nio-8081-exec-2] org.hibernate.SQL                        : select s1_0.course_id,s1_0.id,s1_0.title from sections s1_0 where s1_0.course_id=?
2026-03-11T07:27:27.019+05:30 DEBUG 20632 --- [backend] [http-nio-8081-exec-5] org.hibernate.SQL                        : select c1_0.id,c1_0.bg_color,c1_0.border_color,c1_0.color,c1_0.description,c1_0.discount,c1_0.domain,c1_0.duration,c1_0.gradient,c1_0.icon_name,c1_0.level,c1_0.live_link,c1_0.name,c1_0.shadow,c1_0.slug,c1_0.total_fee from courses c1_0
2026-03-11T07:27:27.036+05:30 DEBUG 20632 --- [backend] [http-nio-8081-exec-5] org.hibernate.SQL                        : select s1_0.course_id,s1_0.id,s1_0.title from sections s1_0 where s1_0.course_id=?
2026-03-11T07:27:27.042+05:30 DEBUG 20632 --- [backend] [http-nio-8081-exec-5] org.hibernate.SQL                        : select v1_0.section_id,v1_0.id,v1_0.duration,v1_0.title,v1_0.type,v1_0.url from videos v1_0 where v1_0.section_id=?
2026-03-11T07:27:27.052+05:30 DEBUG 20632 --- [backend] [http-nio-8081-exec-5] org.hibernate.SQL                        : select q1_0.section_id,q1_0.id,q1_0.description,q1_0.title from quizzes q1_0 where q1_0.section_id in (select s1_0.id from sections s1_0 where s1_0.course_id=?)
2026-03-11T07:27:27.061+05:30 DEBUG 20632 --- [backend] [http-nio-8081-exec-5] org.hibernate.SQL                        : select v1_0.section_id,v1_0.id,v1_0.duration,v1_0.title,v1_0.type,v1_0.url from videos v1_0 where v1_0.section_id=?
2026-03-11T07:27:27.073+05:30 DEBUG 20632 --- [backend] [http-nio-8081-exec-5] org.hibernate.SQL                        : select q1_0.quiz_id,q1_0.id,q1_0.correct_option_index,q1_0.question_text from questions q1_0 where q1_0.quiz_id=?
2026-03-11T07:27:27.085+05:30 DEBUG 20632 --- [backend] [http-nio-8081-exec-5] org.hibernate.SQL                        : select o1_0.question_id,o1_0.option_text from question_options o1_0 where o1_0.question_id=?
2026-03-11T07:27:27.092+05:30 DEBUG 20632 --- [backend] [http-nio-8081-exec-5] org.hibernate.SQL                        : select o1_0.question_id,o1_0.option_text from question_options o1_0 where o1_0.question_id=?
2026-03-11T07:27:27.102+05:30 DEBUG 20632 --- [backend] [http-nio-8081-exec-5] org.hibernate.SQL                        : select v1_0.section_id,v1_0.id,v1_0.duration,v1_0.title,v1_0.type,v1_0.url from videos v1_0 where v1_0.section_id=?
2026-03-11T07:27:27.107+05:30 DEBUG 20632 --- [backend] [http-nio-8081-exec-5] org.hibernate.SQL                        : select s1_0.course_id,s1_0.id,s1_0.title from sections s1_0 where s1_0.course_id=?
2026-03-11T07:27:27.112+05:30 DEBUG 20632 --- [backend] [http-nio-8081-exec-5] org.hibernate.SQL                        : select s1_0.course_id,s1_0.id,s1_0.title from sections s1_0 where s1_0.course_id=?
2026-03-11T07:27:27.115+05:30 DEBUG 20632 --- [backend] [http-nio-8081-exec-5] org.hibernate.SQL                        : select s1_0.course_id,s1_0.id,s1_0.title from sections s1_0 where s1_0.course_id=?
2026-03-11T07:27:27.125+05:30 DEBUG 20632 --- [backend] [http-nio-8081-exec-5] org.hibernate.SQL                        : select s1_0.course_id,s1_0.id,s1_0.title from sections s1_0 where s1_0.course_id=?
2026-03-11T07:27:27.132+05:30 DEBUG 20632 --- [backend] [http-nio-8081-exec-5] org.hibernate.SQL                        : select s1_0.course_id,s1_0.id,s1_0.title from sections s1_0 where s1_0.course_id=?
2026-03-11T07:27:27.136+05:30 DEBUG 20632 --- [backend] [http-nio-8081-exec-5] org.hibernate.SQL                        : select s1_0.course_id,s1_0.id,s1_0.title from sections s1_0 where s1_0.course_id=?
2026-03-11T07:27:27.148+05:30 DEBUG 20632 --- [backend] [http-nio-8081-exec-5] org.hibernate.SQL                        : select s1_0.course_id,s1_0.id,s1_0.title from sections s1_0 where s1_0.course_id=?
2026-03-11T07:27:27.155+05:30 DEBUG 20632 --- [backend] [http-nio-8081-exec-5] org.hibernate.SQL                        : select s1_0.course_id,s1_0.id,s1_0.title from sections s1_0 where s1_0.course_id=?
2026-03-11T07:27:27.173+05:30 DEBUG 20632 --- [backend] [http-nio-8081-exec-6] org.hibernate.SQL                        : select c1_0.id,c1_0.bg_color,c1_0.border_color,c1_0.color,c1_0.description,c1_0.discount,c1_0.domain,c1_0.duration,c1_0.gradient,c1_0.icon_name,c1_0.level,c1_0.live_link,c1_0.name,c1_0.shadow,c1_0.slug,c1_0.total_fee from courses c1_0
2026-03-11T07:27:27.193+05:30 DEBUG 20632 --- [backend] [http-nio-8081-exec-6] org.hibernate.SQL                        : select s1_0.course_id,s1_0.id,s1_0.title from sections s1_0 where s1_0.course_id=?
2026-03-11T07:27:27.201+05:30 DEBUG 20632 --- [backend] [http-nio-8081-exec-6] org.hibernate.SQL                        : select v1_0.section_id,v1_0.id,v1_0.duration,v1_0.title,v1_0.type,v1_0.url from videos v1_0 where v1_0.section_id=?
2026-03-11T07:27:27.208+05:30 DEBUG 20632 --- [backend] [http-nio-8081-exec-6] org.hibernate.SQL                        : select q1_0.section_id,q1_0.id,q1_0.description,q1_0.title from quizzes q1_0 where q1_0.section_id in (select s1_0.id from sections s1_0 where s1_0.course_id=?)
2026-03-11T07:27:27.216+05:30 DEBUG 20632 --- [backend] [http-nio-8081-exec-6] org.hibernate.SQL                        : select v1_0.section_id,v1_0.id,v1_0.duration,v1_0.title,v1_0.type,v1_0.url from videos v1_0 where v1_0.section_id=?
2026-03-11T07:27:27.222+05:30 DEBUG 20632 --- [backend] [http-nio-8081-exec-6] org.hibernate.SQL                        : select q1_0.quiz_id,q1_0.id,q1_0.correct_option_index,q1_0.question_text from questions q1_0 where q1_0.quiz_id=?
2026-03-11T07:27:27.227+05:30 DEBUG 20632 --- [backend] [http-nio-8081-exec-6] org.hibernate.SQL                        : select o1_0.question_id,o1_0.option_text from question_options o1_0 where o1_0.question_id=?
2026-03-11T07:27:27.232+05:30 DEBUG 20632 --- [backend] [http-nio-8081-exec-6] org.hibernate.SQL                        : select o1_0.question_id,o1_0.option_text from question_options o1_0 where o1_0.question_id=?
2026-03-11T07:27:27.236+05:30 DEBUG 20632 --- [backend] [http-nio-8081-exec-6] org.hibernate.SQL                        : select v1_0.section_id,v1_0.id,v1_0.duration,v1_0.title,v1_0.type,v1_0.url from videos v1_0 where v1_0.section_id=?
2026-03-11T07:27:27.244+05:30 DEBUG 20632 --- [backend] [http-nio-8081-exec-6] org.hibernate.SQL                        : select s1_0.course_id,s1_0.id,s1_0.title from sections s1_0 where s1_0.course_id=?
2026-03-11T07:27:27.250+05:30 DEBUG 20632 --- [backend] [http-nio-8081-exec-6] org.hibernate.SQL                        : select s1_0.course_id,s1_0.id,s1_0.title from sections s1_0 where s1_0.course_id=?
2026-03-11T07:27:27.256+05:30 DEBUG 20632 --- [backend] [http-nio-8081-exec-6] org.hibernate.SQL                        : select s1_0.course_id,s1_0.id,s1_0.title from sections s1_0 where s1_0.course_id=?
2026-03-11T07:27:27.263+05:30 DEBUG 20632 --- [backend] [http-nio-8081-exec-6] org.hibernate.SQL                        : select s1_0.course_id,s1_0.id,s1_0.title from sections s1_0 where s1_0.course_id=?
2026-03-11T07:27:27.269+05:30 DEBUG 20632 --- [backend] [http-nio-8081-exec-6] org.hibernate.SQL                        : select s1_0.course_id,s1_0.id,s1_0.title from sections s1_0 where s1_0.course_id=?
2026-03-11T07:27:27.276+05:30 DEBUG 20632 --- [backend] [http-nio-8081-exec-6] org.hibernate.SQL                        : select s1_0.course_id,s1_0.id,s1_0.title from sections s1_0 where s1_0.course_id=?
2026-03-11T07:27:27.282+05:30 DEBUG 20632 --- [backend] [http-nio-8081-exec-6] org.hibernate.SQL                        : select s1_0.course_id,s1_0.id,s1_0.title from sections s1_0 where s1_0.course_id=?
2026-03-11T07:27:27.285+05:30 DEBUG 20632 --- [backend] [http-nio-8081-exec-6] org.hibernate.SQL                        : select s1_0.course_id,s1_0.id,s1_0.title from sections s1_0 where s1_0.course_id=?
2026-03-11T07:27:27.314+05:30 DEBUG 20632 --- [backend] [http-nio-8081-exec-4] org.hibernate.SQL                        : select c1_0.id,c1_0.bg_color,c1_0.border_color,c1_0.color,c1_0.description,c1_0.discount,c1_0.domain,c1_0.duration,c1_0.gradient,c1_0.icon_name,c1_0.level,c1_0.live_link,c1_0.name,c1_0.shadow,c1_0.slug,c1_0.total_fee from courses c1_0
2026-03-11T07:27:27.347+05:30 DEBUG 20632 --- [backend] [http-nio-8081-exec-4] org.hibernate.SQL                        : select s1_0.course_id,s1_0.id,s1_0.title from sections s1_0 where s1_0.course_id=?
2026-03-11T07:27:27.355+05:30 DEBUG 20632 --- [backend] [http-nio-8081-exec-4] org.hibernate.SQL                        : select v1_0.section_id,v1_0.id,v1_0.duration,v1_0.title,v1_0.type,v1_0.url from videos v1_0 where v1_0.section_id=?
2026-03-11T07:27:27.367+05:30 DEBUG 20632 --- [backend] [http-nio-8081-exec-4] org.hibernate.SQL                        : select q1_0.section_id,q1_0.id,q1_0.description,q1_0.title from quizzes q1_0 where q1_0.section_id in (select s1_0.id from sections s1_0 where s1_0.course_id=?)
2026-03-11T07:27:27.375+05:30 DEBUG 20632 --- [backend] [http-nio-8081-exec-4] org.hibernate.SQL                        : select v1_0.section_id,v1_0.id,v1_0.duration,v1_0.title,v1_0.type,v1_0.url from videos v1_0 where v1_0.section_id=?
2026-03-11T07:27:27.382+05:30 DEBUG 20632 --- [backend] [http-nio-8081-exec-4] org.hibernate.SQL                        : select q1_0.quiz_id,q1_0.id,q1_0.correct_option_index,q1_0.question_text from questions q1_0 where q1_0.quiz_id=?
2026-03-11T07:27:27.392+05:30 DEBUG 20632 --- [backend] [http-nio-8081-exec-4] org.hibernate.SQL                        : select o1_0.question_id,o1_0.option_text from question_options o1_0 where o1_0.question_id=?
2026-03-11T07:27:27.399+05:30 DEBUG 20632 --- [backend] [http-nio-8081-exec-4] org.hibernate.SQL                        : select o1_0.question_id,o1_0.option_text from question_options o1_0 where o1_0.question_id=?
2026-03-11T07:27:27.401+05:30 DEBUG 20632 --- [backend] [http-nio-8081-exec-4] org.hibernate.SQL                        : select v1_0.section_id,v1_0.id,v1_0.duration,v1_0.title,v1_0.type,v1_0.url from videos v1_0 where v1_0.section_id=?
2026-03-11T07:27:27.408+05:30 DEBUG 20632 --- [backend] [http-nio-8081-exec-4] org.hibernate.SQL                        : select s1_0.course_id,s1_0.id,s1_0.title from sections s1_0 where s1_0.course_id=?
2026-03-11T07:27:27.417+05:30 DEBUG 20632 --- [backend] [http-nio-8081-exec-4] org.hibernate.SQL                        : select s1_0.course_id,s1_0.id,s1_0.title from sections s1_0 where s1_0.course_id=?
2026-03-11T07:27:27.425+05:30 DEBUG 20632 --- [backend] [http-nio-8081-exec-4] org.hibernate.SQL                        : select s1_0.course_id,s1_0.id,s1_0.title from sections s1_0 where s1_0.course_id=?
2026-03-11T07:27:27.434+05:30 DEBUG 20632 --- [backend] [http-nio-8081-exec-4] org.hibernate.SQL                        : select s1_0.course_id,s1_0.id,s1_0.title from sections s1_0 where s1_0.course_id=?
2026-03-11T07:27:27.439+05:30 DEBUG 20632 --- [backend] [http-nio-8081-exec-4] org.hibernate.SQL                        : select s1_0.course_id,s1_0.id,s1_0.title from sections s1_0 where s1_0.course_id=?
2026-03-11T07:27:27.443+05:30 DEBUG 20632 --- [backend] [http-nio-8081-exec-4] org.hibernate.SQL                        : select s1_0.course_id,s1_0.id,s1_0.title from sections s1_0 where s1_0.course_id=?
2026-03-11T07:27:27.448+05:30 DEBUG 20632 --- [backend] [http-nio-8081-exec-4] org.hibernate.SQL                        : select s1_0.course_id,s1_0.id,s1_0.title from sections s1_0 where s1_0.course_id=?
2026-03-11T07:27:27.454+05:30 DEBUG 20632 --- [backend] [http-nio-8081-exec-4] org.hibernate.SQL                        : select s1_0.course_id,s1_0.id,s1_0.title from sections s1_0 where s1_0.course_id=?
2026-03-11T07:27:27.481+05:30 DEBUG 20632 --- [backend] [http-nio-8081-exec-3] org.hibernate.SQL                        : select c1_0.id,c1_0.bg_color,c1_0.border_color,c1_0.color,c1_0.description,c1_0.discount,c1_0.domain,c1_0.duration,c1_0.gradient,c1_0.icon_name,c1_0.level,c1_0.live_link,c1_0.name,c1_0.shadow,c1_0.slug,c1_0.total_fee from courses c1_0
2026-03-11T07:27:27.493+05:30 DEBUG 20632 --- [backend] [http-nio-8081-exec-3] org.hibernate.SQL                        : select s1_0.course_id,s1_0.id,s1_0.title from sections s1_0 where s1_0.course_id=?
2026-03-11T07:27:27.502+05:30 DEBUG 20632 --- [backend] [http-nio-8081-exec-3] org.hibernate.SQL                        : select v1_0.section_id,v1_0.id,v1_0.duration,v1_0.title,v1_0.type,v1_0.url from videos v1_0 where v1_0.section_id=?
2026-03-11T07:27:27.508+05:30 DEBUG 20632 --- [backend] [http-nio-8081-exec-3] org.hibernate.SQL                        : select q1_0.section_id,q1_0.id,q1_0.description,q1_0.title from quizzes q1_0 where q1_0.section_id in (select s1_0.id from sections s1_0 where s1_0.course_id=?)
2026-03-11T07:27:27.518+05:30 DEBUG 20632 --- [backend] [http-nio-8081-exec-3] org.hibernate.SQL                        : select v1_0.section_id,v1_0.id,v1_0.duration,v1_0.title,v1_0.type,v1_0.url from videos v1_0 where v1_0.section_id=?
2026-03-11T07:27:27.526+05:30 DEBUG 20632 --- [backend] [http-nio-8081-exec-3] org.hibernate.SQL                        : select q1_0.quiz_id,q1_0.id,q1_0.correct_option_index,q1_0.question_text from questions q1_0 where q1_0.quiz_id=?
2026-03-11T07:27:27.538+05:30 DEBUG 20632 --- [backend] [http-nio-8081-exec-3] org.hibernate.SQL                        : select o1_0.question_id,o1_0.option_text from question_options o1_0 where o1_0.question_id=?
2026-03-11T07:27:27.544+05:30 DEBUG 20632 --- [backend] [http-nio-8081-exec-3] org.hibernate.SQL                        : select o1_0.question_id,o1_0.option_text from question_options o1_0 where o1_0.question_id=?
2026-03-11T07:27:27.560+05:30 DEBUG 20632 --- [backend] [http-nio-8081-exec-3] org.hibernate.SQL                        : select v1_0.section_id,v1_0.id,v1_0.duration,v1_0.title,v1_0.type,v1_0.url from videos v1_0 where v1_0.section_id=?
2026-03-11T07:27:27.569+05:30 DEBUG 20632 --- [backend] [http-nio-8081-exec-3] org.hibernate.SQL                        : select s1_0.course_id,s1_0.id,s1_0.title from sections s1_0 where s1_0.course_id=?
2026-03-11T07:27:27.576+05:30 DEBUG 20632 --- [backend] [http-nio-8081-exec-3] org.hibernate.SQL                        : select s1_0.course_id,s1_0.id,s1_0.title from sections s1_0 where s1_0.course_id=?
2026-03-11T07:27:27.582+05:30 DEBUG 20632 --- [backend] [http-nio-8081-exec-3] org.hibernate.SQL                        : select s1_0.course_id,s1_0.id,s1_0.title from sections s1_0 where s1_0.course_id=?
2026-03-11T07:27:27.588+05:30 DEBUG 20632 --- [backend] [http-nio-8081-exec-3] org.hibernate.SQL                        : select s1_0.course_id,s1_0.id,s1_0.title from sections s1_0 where s1_0.course_id=?
2026-03-11T07:27:27.591+05:30 DEBUG 20632 --- [backend] [http-nio-8081-exec-3] org.hibernate.SQL                        : select s1_0.course_id,s1_0.id,s1_0.title from sections s1_0 where s1_0.course_id=?
2026-03-11T07:27:27.596+05:30 DEBUG 20632 --- [backend] [http-nio-8081-exec-3] org.hibernate.SQL                        : select s1_0.course_id,s1_0.id,s1_0.title from sections s1_0 where s1_0.course_id=?
2026-03-11T07:27:27.601+05:30 DEBUG 20632 --- [backend] [http-nio-8081-exec-3] org.hibernate.SQL                        : select s1_0.course_id,s1_0.id,s1_0.title from sections s1_0 where s1_0.course_id=?
2026-03-11T07:27:27.607+05:30 DEBUG 20632 --- [backend] [http-nio-8081-exec-3] org.hibernate.SQL                        : select s1_0.course_id,s1_0.id,s1_0.title from sections s1_0 where s1_0.course_id=?
2026-03-11T07:27:27.623+05:30 DEBUG 20632 --- [backend] [http-nio-8081-exec-7] org.hibernate.SQL                        : select c1_0.id,c1_0.bg_color,c1_0.border_color,c1_0.color,c1_0.description,c1_0.discount,c1_0.domain,c1_0.duration,c1_0.gradient,c1_0.icon_name,c1_0.level,c1_0.live_link,c1_0.name,c1_0.shadow,c1_0.slug,c1_0.total_fee from courses c1_0
2026-03-11T07:27:27.641+05:30 DEBUG 20632 --- [backend] [http-nio-8081-exec-7] org.hibernate.SQL                        : select s1_0.course_id,s1_0.id,s1_0.title from sections s1_0 where s1_0.course_id=?
2026-03-11T07:27:27.648+05:30 DEBUG 20632 --- [backend] [http-nio-8081-exec-7] org.hibernate.SQL                        : select v1_0.section_id,v1_0.id,v1_0.duration,v1_0.title,v1_0.type,v1_0.url from videos v1_0 where v1_0.section_id=?
2026-03-11T07:27:27.655+05:30 DEBUG 20632 --- [backend] [http-nio-8081-exec-7] org.hibernate.SQL                        : select q1_0.section_id,q1_0.id,q1_0.description,q1_0.title from quizzes q1_0 where q1_0.section_id in (select s1_0.id from sections s1_0 where s1_0.course_id=?)
2026-03-11T07:27:27.662+05:30 DEBUG 20632 --- [backend] [http-nio-8081-exec-7] org.hibernate.SQL                        : select v1_0.section_id,v1_0.id,v1_0.duration,v1_0.title,v1_0.type,v1_0.url from videos v1_0 where v1_0.section_id=?
2026-03-11T07:27:27.666+05:30 DEBUG 20632 --- [backend] [http-nio-8081-exec-7] org.hibernate.SQL                        : select q1_0.quiz_id,q1_0.id,q1_0.correct_option_index,q1_0.question_text from questions q1_0 where q1_0.quiz_id=?
2026-03-11T07:27:27.671+05:30 DEBUG 20632 --- [backend] [http-nio-8081-exec-7] org.hibernate.SQL                        : select o1_0.question_id,o1_0.option_text from question_options o1_0 where o1_0.question_id=?
2026-03-11T07:27:27.676+05:30 DEBUG 20632 --- [backend] [http-nio-8081-exec-7] org.hibernate.SQL                        : select o1_0.question_id,o1_0.option_text from question_options o1_0 where o1_0.question_id=?
2026-03-11T07:27:27.684+05:30 DEBUG 20632 --- [backend] [http-nio-8081-exec-7] org.hibernate.SQL                        : select v1_0.section_id,v1_0.id,v1_0.duration,v1_0.title,v1_0.type,v1_0.url from videos v1_0 where v1_0.section_id=?
2026-03-11T07:27:27.691+05:30 DEBUG 20632 --- [backend] [http-nio-8081-exec-7] org.hibernate.SQL                        : select s1_0.course_id,s1_0.id,s1_0.title from sections s1_0 where s1_0.course_id=?
2026-03-11T07:27:27.699+05:30 DEBUG 20632 --- [backend] [http-nio-8081-exec-7] org.hibernate.SQL                        : select s1_0.course_id,s1_0.id,s1_0.title from sections s1_0 where s1_0.course_id=?
2026-03-11T07:27:27.703+05:30 DEBUG 20632 --- [backend] [http-nio-8081-exec-7] org.hibernate.SQL                        : select s1_0.course_id,s1_0.id,s1_0.title from sections s1_0 where s1_0.course_id=?
2026-03-11T07:27:27.708+05:30 DEBUG 20632 --- [backend] [http-nio-8081-exec-7] org.hibernate.SQL                        : select s1_0.course_id,s1_0.id,s1_0.title from sections s1_0 where s1_0.course_id=?
2026-03-11T07:27:27.712+05:30 DEBUG 20632 --- [backend] [http-nio-8081-exec-7] org.hibernate.SQL                        : select s1_0.course_id,s1_0.id,s1_0.title from sections s1_0 where s1_0.course_id=?
2026-03-11T07:27:27.724+05:30 DEBUG 20632 --- [backend] [http-nio-8081-exec-7] org.hibernate.SQL                        : select s1_0.course_id,s1_0.id,s1_0.title from sections s1_0 where s1_0.course_id=?
2026-03-11T07:27:27.732+05:30 DEBUG 20632 --- [backend] [http-nio-8081-exec-7] org.hibernate.SQL                        : select s1_0.course_id,s1_0.id,s1_0.title from sections s1_0 where s1_0.course_id=?
2026-03-11T07:27:27.738+05:30 DEBUG 20632 --- [backend] [http-nio-8081-exec-7] org.hibernate.SQL                        : select s1_0.course_id,s1_0.id,s1_0.title from sections s1_0 where s1_0.course_id=?
2026-03-11T07:27:27.757+05:30 DEBUG 20632 --- [backend] [http-nio-8081-exec-1] org.hibernate.SQL                        : select c1_0.id,c1_0.bg_color,c1_0.border_color,c1_0.color,c1_0.description,c1_0.discount,c1_0.domain,c1_0.duration,c1_0.gradient,c1_0.icon_name,c1_0.level,c1_0.live_link,c1_0.name,c1_0.shadow,c1_0.slug,c1_0.total_fee from courses c1_0
2026-03-11T07:27:27.777+05:30 DEBUG 20632 --- [backend] [http-nio-8081-exec-1] org.hibernate.SQL                        : select s1_0.course_id,s1_0.id,s1_0.title from sections s1_0 where s1_0.course_id=?
2026-03-11T07:27:27.783+05:30 DEBUG 20632 --- [backend] [http-nio-8081-exec-1] org.hibernate.SQL                        : select v1_0.section_id,v1_0.id,v1_0.duration,v1_0.title,v1_0.type,v1_0.url from videos v1_0 where v1_0.section_id=?
2026-03-11T07:27:27.790+05:30 DEBUG 20632 --- [backend] [http-nio-8081-exec-1] org.hibernate.SQL                        : select q1_0.section_id,q1_0.id,q1_0.description,q1_0.title from quizzes q1_0 where q1_0.section_id in (select s1_0.id from sections s1_0 where s1_0.course_id=?)
2026-03-11T07:27:27.804+05:30 DEBUG 20632 --- [backend] [http-nio-8081-exec-1] org.hibernate.SQL                        : select v1_0.section_id,v1_0.id,v1_0.duration,v1_0.title,v1_0.type,v1_0.url from videos v1_0 where v1_0.section_id=?
2026-03-11T07:27:27.809+05:30 DEBUG 20632 --- [backend] [http-nio-8081-exec-1] org.hibernate.SQL                        : select q1_0.quiz_id,q1_0.id,q1_0.correct_option_index,q1_0.question_text from questions q1_0 where q1_0.quiz_id=?
2026-03-11T07:27:27.815+05:30 DEBUG 20632 --- [backend] [http-nio-8081-exec-1] org.hibernate.SQL                        : select o1_0.question_id,o1_0.option_text from question_options o1_0 where o1_0.question_id=?
2026-03-11T07:27:27.817+05:30 DEBUG 20632 --- [backend] [http-nio-8081-exec-1] org.hibernate.SQL                        : select o1_0.question_id,o1_0.option_text from question_options o1_0 where o1_0.question_id=?
2026-03-11T07:27:27.823+05:30 DEBUG 20632 --- [backend] [http-nio-8081-exec-1] org.hibernate.SQL                        : select v1_0.section_id,v1_0.id,v1_0.duration,v1_0.title,v1_0.type,v1_0.url from videos v1_0 where v1_0.section_id=?
2026-03-11T07:27:27.830+05:30 DEBUG 20632 --- [backend] [http-nio-8081-exec-1] org.hibernate.SQL                        : select s1_0.course_id,s1_0.id,s1_0.title from sections s1_0 where s1_0.course_id=?
2026-03-11T07:27:27.833+05:30 DEBUG 20632 --- [backend] [http-nio-8081-exec-1] org.hibernate.SQL                        : select s1_0.course_id,s1_0.id,s1_0.title from sections s1_0 where s1_0.course_id=?
2026-03-11T07:27:27.840+05:30 DEBUG 20632 --- [backend] [http-nio-8081-exec-1] org.hibernate.SQL                        : select s1_0.course_id,s1_0.id,s1_0.title from sections s1_0 where s1_0.course_id=?
2026-03-11T07:27:27.843+05:30 DEBUG 20632 --- [backend] [http-nio-8081-exec-1] org.hibernate.SQL                        : select s1_0.course_id,s1_0.id,s1_0.title from sections s1_0 where s1_0.course_id=?
2026-03-11T07:27:27.849+05:30 DEBUG 20632 --- [backend] [http-nio-8081-exec-1] org.hibernate.SQL                        : select s1_0.course_id,s1_0.id,s1_0.title from sections s1_0 where s1_0.course_id=?
2026-03-11T07:27:27.854+05:30 DEBUG 20632 --- [backend] [http-nio-8081-exec-1] org.hibernate.SQL                        : select s1_0.course_id,s1_0.id,s1_0.title from sections s1_0 where s1_0.course_id=?
2026-03-11T07:27:27.858+05:30 DEBUG 20632 --- [backend] [http-nio-8081-exec-1] org.hibernate.SQL                        : select s1_0.course_id,s1_0.id,s1_0.title from sections s1_0 where s1_0.course_id=?
2026-03-11T07:27:27.865+05:30 DEBUG 20632 --- [backend] [http-nio-8081-exec-1] org.hibernate.SQL                        : select s1_0.course_id,s1_0.id,s1_0.title from sections s1_0 where s1_0.course_id=?
2026-03-11T07:27:27.890+05:30 DEBUG 20632 --- [backend] [http-nio-8081-exec-9] org.hibernate.SQL                        : select c1_0.id,c1_0.bg_color,c1_0.border_color,c1_0.color,c1_0.description,c1_0.discount,c1_0.domain,c1_0.duration,c1_0.gradient,c1_0.icon_name,c1_0.level,c1_0.live_link,c1_0.name,c1_0.shadow,c1_0.slug,c1_0.total_fee from courses c1_0
2026-03-11T07:27:27.923+05:30 DEBUG 20632 --- [backend] [http-nio-8081-exec-9] org.hibernate.SQL                        : select s1_0.course_id,s1_0.id,s1_0.title from sections s1_0 where s1_0.course_id=?
2026-03-11T07:27:27.939+05:30 DEBUG 20632 --- [backend] [http-nio-8081-exec-9] org.hibernate.SQL                        : select v1_0.section_id,v1_0.id,v1_0.duration,v1_0.title,v1_0.type,v1_0.url from videos v1_0 where v1_0.section_id=?
2026-03-11T07:27:27.944+05:30 DEBUG 20632 --- [backend] [http-nio-8081-exec-9] org.hibernate.SQL                        : select q1_0.section_id,q1_0.id,q1_0.description,q1_0.title from quizzes q1_0 where q1_0.section_id in (select s1_0.id from sections s1_0 where s1_0.course_id=?)
2026-03-11T07:27:27.952+05:30 DEBUG 20632 --- [backend] [http-nio-8081-exec-9] org.hibernate.SQL                        : select v1_0.section_id,v1_0.id,v1_0.duration,v1_0.title,v1_0.type,v1_0.url from videos v1_0 where v1_0.section_id=?
2026-03-11T07:27:27.956+05:30 DEBUG 20632 --- [backend] [http-nio-8081-exec-9] org.hibernate.SQL                        : select q1_0.quiz_id,q1_0.id,q1_0.correct_option_index,q1_0.question_text from questions q1_0 where q1_0.quiz_id=?
2026-03-11T07:27:27.961+05:30 DEBUG 20632 --- [backend] [http-nio-8081-exec-9] org.hibernate.SQL                        : select o1_0.question_id,o1_0.option_text from question_options o1_0 where o1_0.question_id=?
2026-03-11T07:27:27.964+05:30 DEBUG 20632 --- [backend] [http-nio-8081-exec-9] org.hibernate.SQL                        : select o1_0.question_id,o1_0.option_text from question_options o1_0 where o1_0.question_id=?
2026-03-11T07:27:27.972+05:30 DEBUG 20632 --- [backend] [http-nio-8081-exec-9] org.hibernate.SQL                        : select v1_0.section_id,v1_0.id,v1_0.duration,v1_0.title,v1_0.type,v1_0.url from videos v1_0 where v1_0.section_id=?
2026-03-11T07:27:27.978+05:30 DEBUG 20632 --- [backend] [http-nio-8081-exec-9] org.hibernate.SQL                        : select s1_0.course_id,s1_0.id,s1_0.title from sections s1_0 where s1_0.course_id=?
2026-03-11T07:27:27.983+05:30 DEBUG 20632 --- [backend] [http-nio-8081-exec-9] org.hibernate.SQL                        : select s1_0.course_id,s1_0.id,s1_0.title from sections s1_0 where s1_0.course_id=?
2026-03-11T07:27:27.989+05:30 DEBUG 20632 --- [backend] [http-nio-8081-exec-9] org.hibernate.SQL                        : select s1_0.course_id,s1_0.id,s1_0.title from sections s1_0 where s1_0.course_id=?
2026-03-11T07:27:27.993+05:30 DEBUG 20632 --- [backend] [http-nio-8081-exec-9] org.hibernate.SQL                        : select s1_0.course_id,s1_0.id,s1_0.title from sections s1_0 where s1_0.course_id=?
2026-03-11T07:27:27.998+05:30 DEBUG 20632 --- [backend] [http-nio-8081-exec-9] org.hibernate.SQL                        : select s1_0.course_id,s1_0.id,s1_0.title from sections s1_0 where s1_0.course_id=?
2026-03-11T07:27:28.004+05:30 DEBUG 20632 --- [backend] [http-nio-8081-exec-9] org.hibernate.SQL                        : select s1_0.course_id,s1_0.id,s1_0.title from sections s1_0 where s1_0.course_id=?
2026-03-11T07:27:28.008+05:30 DEBUG 20632 --- [backend] [http-nio-8081-exec-9] org.hibernate.SQL                        : select s1_0.course_id,s1_0.id,s1_0.title from sections s1_0 where s1_0.course_id=?
2026-03-11T07:27:28.013+05:30 DEBUG 20632 --- [backend] [http-nio-8081-exec-9] org.hibernate.SQL                        : select s1_0.course_id,s1_0.id,s1_0.title from sections s1_0 where s1_0.course_id=?
2026-03-11T07:27:28.036+05:30 DEBUG 20632 --- [backend] [http-nio-8081-exec-9] org.hibernate.SQL                        : select c1_0.id,c1_0.bg_color,c1_0.border_color,c1_0.color,c1_0.description,c1_0.discount,c1_0.domain,c1_0.duration,c1_0.gradient,c1_0.icon_name,c1_0.level,c1_0.live_link,c1_0.name,c1_0.shadow,c1_0.slug,c1_0.total_fee from courses c1_0
2026-03-11T07:27:28.061+05:30 DEBUG 20632 --- [backend] [http-nio-8081-exec-9] org.hibernate.SQL                        : select s1_0.course_id,s1_0.id,s1_0.title from sections s1_0 where s1_0.course_id=?
2026-03-11T07:27:28.069+05:30 DEBUG 20632 --- [backend] [http-nio-8081-exec-9] org.hibernate.SQL                        : select v1_0.section_id,v1_0.id,v1_0.duration,v1_0.title,v1_0.type,v1_0.url from videos v1_0 where v1_0.section_id=?
2026-03-11T07:27:28.088+05:30 DEBUG 20632 --- [backend] [http-nio-8081-exec-9] org.hibernate.SQL                        : select q1_0.section_id,q1_0.id,q1_0.description,q1_0.title from quizzes q1_0 where q1_0.section_id in (select s1_0.id from sections s1_0 where s1_0.course_id=?)
2026-03-11T07:27:28.143+05:30 DEBUG 20632 --- [backend] [http-nio-8081-exec-9] org.hibernate.SQL                        : select v1_0.section_id,v1_0.id,v1_0.duration,v1_0.title,v1_0.type,v1_0.url from videos v1_0 where v1_0.section_id=?
2026-03-11T07:27:28.153+05:30 DEBUG 20632 --- [backend] [http-nio-8081-exec-9] org.hibernate.SQL                        : select q1_0.quiz_id,q1_0.id,q1_0.correct_option_index,q1_0.question_text from questions q1_0 where q1_0.quiz_id=?
2026-03-11T07:27:28.164+05:30 DEBUG 20632 --- [backend] [http-nio-8081-exec-9] org.hibernate.SQL                        : select o1_0.question_id,o1_0.option_text from question_options o1_0 where o1_0.question_id=?
2026-03-11T07:27:28.168+05:30 DEBUG 20632 --- [backend] [http-nio-8081-exec-9] org.hibernate.SQL                        : select o1_0.question_id,o1_0.option_text from question_options o1_0 where o1_0.question_id=?
2026-03-11T07:27:28.172+05:30 DEBUG 20632 --- [backend] [http-nio-8081-exec-9] org.hibernate.SQL                        : select v1_0.section_id,v1_0.id,v1_0.duration,v1_0.title,v1_0.type,v1_0.url from videos v1_0 where v1_0.section_id=?
2026-03-11T07:27:28.175+05:30 DEBUG 20632 --- [backend] [http-nio-8081-exec-9] org.hibernate.SQL                        : select s1_0.course_id,s1_0.id,s1_0.title from sections s1_0 where s1_0.course_id=?
2026-03-11T07:27:28.181+05:30 DEBUG 20632 --- [backend] [http-nio-8081-exec-9] org.hibernate.SQL                        : select s1_0.course_id,s1_0.id,s1_0.title from sections s1_0 where s1_0.course_id=?
2026-03-11T07:27:28.183+05:30 DEBUG 20632 --- [backend] [http-nio-8081-exec-9] org.hibernate.SQL                        : select s1_0.course_id,s1_0.id,s1_0.title from sections s1_0 where s1_0.course_id=?
2026-03-11T07:27:28.187+05:30 DEBUG 20632 --- [backend] [http-nio-8081-exec-9] org.hibernate.SQL                        : select s1_0.course_id,s1_0.id,s1_0.title from sections s1_0 where s1_0.course_id=?
2026-03-11T07:27:28.190+05:30 DEBUG 20632 --- [backend] [http-nio-8081-exec-9] org.hibernate.SQL                        : select s1_0.course_id,s1_0.id,s1_0.title from sections s1_0 where s1_0.course_id=?
2026-03-11T07:27:28.197+05:30 DEBUG 20632 --- [backend] [http-nio-8081-exec-9] org.hibernate.SQL                        : select s1_0.course_id,s1_0.id,s1_0.title from sections s1_0 where s1_0.course_id=?
2026-03-11T07:27:28.201+05:30 DEBUG 20632 --- [backend] [http-nio-8081-exec-9] org.hibernate.SQL                        : select s1_0.course_id,s1_0.id,s1_0.title from sections s1_0 where s1_0.course_id=?
2026-03-11T07:27:28.207+05:30 DEBUG 20632 --- [backend] [http-nio-8081-exec-9] org.hibernate.SQL                        : select s1_0.course_id,s1_0.id,s1_0.title from sections s1_0 where s1_0.course_id=?
2026-03-11T07:27:28.224+05:30 DEBUG 20632 --- [backend] [http-nio-8081-exec-10] org.hibernate.SQL                        : select c1_0.id,c1_0.bg_color,c1_0.border_color,c1_0.color,c1_0.description,c1_0.discount,c1_0.domain,c1_0.duration,c1_0.gradient,c1_0.icon_name,c1_0.level,c1_0.live_link,c1_0.name,c1_0.shadow,c1_0.slug,c1_0.total_fee from courses c1_0
2026-03-11T07:27:28.242+05:30 DEBUG 20632 --- [backend] [http-nio-8081-exec-10] org.hibernate.SQL                        : select s1_0.course_id,s1_0.id,s1_0.title from sections s1_0 where s1_0.course_id=?
2026-03-11T07:27:28.247+05:30 DEBUG 20632 --- [backend] [http-nio-8081-exec-10] org.hibernate.SQL                        : select v1_0.section_id,v1_0.id,v1_0.duration,v1_0.title,v1_0.type,v1_0.url from videos v1_0 where v1_0.section_id=?
2026-03-11T07:27:28.261+05:30 DEBUG 20632 --- [backend] [http-nio-8081-exec-10] org.hibernate.SQL                        : select q1_0.section_id,q1_0.id,q1_0.description,q1_0.title from quizzes q1_0 where q1_0.section_id in (select s1_0.id from sections s1_0 where s1_0.course_id=?)
2026-03-11T07:27:28.269+05:30 DEBUG 20632 --- [backend] [http-nio-8081-exec-10] org.hibernate.SQL                        : select v1_0.section_id,v1_0.id,v1_0.duration,v1_0.title,v1_0.type,v1_0.url from videos v1_0 where v1_0.section_id=?
2026-03-11T07:27:28.276+05:30 DEBUG 20632 --- [backend] [http-nio-8081-exec-10] org.hibernate.SQL                        : select q1_0.quiz_id,q1_0.id,q1_0.correct_option_index,q1_0.question_text from questions q1_0 where q1_0.quiz_id=?
2026-03-11T07:27:28.286+05:30 DEBUG 20632 --- [backend] [http-nio-8081-exec-10] org.hibernate.SQL                        : select o1_0.question_id,o1_0.option_text from question_options o1_0 where o1_0.question_id=?
2026-03-11T07:27:28.291+05:30 DEBUG 20632 --- [backend] [http-nio-8081-exec-10] org.hibernate.SQL                        : select o1_0.question_id,o1_0.option_text from question_options o1_0 where o1_0.question_id=?
2026-03-11T07:27:28.296+05:30 DEBUG 20632 --- [backend] [http-nio-8081-exec-10] org.hibernate.SQL                        : select v1_0.section_id,v1_0.id,v1_0.duration,v1_0.title,v1_0.type,v1_0.url from videos v1_0 where v1_0.section_id=?
2026-03-11T07:27:28.303+05:30 DEBUG 20632 --- [backend] [http-nio-8081-exec-10] org.hibernate.SQL                        : select s1_0.course_id,s1_0.id,s1_0.title from sections s1_0 where s1_0.course_id=?
2026-03-11T07:27:28.307+05:30 DEBUG 20632 --- [backend] [http-nio-8081-exec-10] org.hibernate.SQL                        : select s1_0.course_id,s1_0.id,s1_0.title from sections s1_0 where s1_0.course_id=?
2026-03-11T07:27:28.311+05:30 DEBUG 20632 --- [backend] [http-nio-8081-exec-10] org.hibernate.SQL                        : select s1_0.course_id,s1_0.id,s1_0.title from sections s1_0 where s1_0.course_id=?
2026-03-11T07:27:28.324+05:30 DEBUG 20632 --- [backend] [http-nio-8081-exec-10] org.hibernate.SQL                        : select s1_0.course_id,s1_0.id,s1_0.title from sections s1_0 where s1_0.course_id=?
2026-03-11T07:27:28.333+05:30 DEBUG 20632 --- [backend] [http-nio-8081-exec-10] org.hibernate.SQL                        : select s1_0.course_id,s1_0.id,s1_0.title from sections s1_0 where s1_0.course_id=?
2026-03-11T07:27:28.337+05:30 DEBUG 20632 --- [backend] [http-nio-8081-exec-10] org.hibernate.SQL                        : select s1_0.course_id,s1_0.id,s1_0.title from sections s1_0 where s1_0.course_id=?
2026-03-11T07:27:28.340+05:30 DEBUG 20632 --- [backend] [http-nio-8081-exec-10] org.hibernate.SQL                        : select s1_0.course_id,s1_0.id,s1_0.title from sections s1_0 where s1_0.course_id=?
2026-03-11T07:27:28.343+05:30 DEBUG 20632 --- [backend] [http-nio-8081-exec-10] org.hibernate.SQL                        : select s1_0.course_id,s1_0.id,s1_0.title from sections s1_0 where s1_0.course_id=?
2026-03-11T07:27:28.373+05:30 DEBUG 20632 --- [backend] [http-nio-8081-exec-2] org.hibernate.SQL                        : select c1_0.id,c1_0.bg_color,c1_0.border_color,c1_0.color,c1_0.description,c1_0.discount,c1_0.domain,c1_0.duration,c1_0.gradient,c1_0.icon_name,c1_0.level,c1_0.live_link,c1_0.name,c1_0.shadow,c1_0.slug,c1_0.total_fee from courses c1_0
2026-03-11T07:27:28.387+05:30 DEBUG 20632 --- [backend] [http-nio-8081-exec-2] org.hibernate.SQL                        : select s1_0.course_id,s1_0.id,s1_0.title from sections s1_0 where s1_0.course_id=?
2026-03-11T07:27:28.394+05:30 DEBUG 20632 --- [backend] [http-nio-8081-exec-2] org.hibernate.SQL                        : select v1_0.section_id,v1_0.id,v1_0.duration,v1_0.title,v1_0.type,v1_0.url from videos v1_0 where v1_0.section_id=?
2026-03-11T07:27:28.399+05:30 DEBUG 20632 --- [backend] [http-nio-8081-exec-2] org.hibernate.SQL                        : select q1_0.section_id,q1_0.id,q1_0.description,q1_0.title from quizzes q1_0 where q1_0.section_id in (select s1_0.id from sections s1_0 where s1_0.course_id=?)
2026-03-11T07:27:28.407+05:30 DEBUG 20632 --- [backend] [http-nio-8081-exec-2] org.hibernate.SQL                        : select v1_0.section_id,v1_0.id,v1_0.duration,v1_0.title,v1_0.type,v1_0.url from videos v1_0 where v1_0.section_id=?
2026-03-11T07:27:28.415+05:30 DEBUG 20632 --- [backend] [http-nio-8081-exec-2] org.hibernate.SQL                        : select q1_0.quiz_id,q1_0.id,q1_0.correct_option_index,q1_0.question_text from questions q1_0 where q1_0.quiz_id=?
2026-03-11T07:27:28.421+05:30 DEBUG 20632 --- [backend] [http-nio-8081-exec-2] org.hibernate.SQL                        : select o1_0.question_id,o1_0.option_text from question_options o1_0 where o1_0.question_id=?
2026-03-11T07:27:28.433+05:30 DEBUG 20632 --- [backend] [http-nio-8081-exec-2] org.hibernate.SQL                        : select o1_0.question_id,o1_0.option_text from question_options o1_0 where o1_0.question_id=?
2026-03-11T07:27:28.439+05:30 DEBUG 20632 --- [backend] [http-nio-8081-exec-2] org.hibernate.SQL                        : select v1_0.section_id,v1_0.id,v1_0.duration,v1_0.title,v1_0.type,v1_0.url from videos v1_0 where v1_0.section_id=?
2026-03-11T07:27:28.477+05:30 DEBUG 20632 --- [backend] [http-nio-8081-exec-2] org.hibernate.SQL                        : select s1_0.course_id,s1_0.id,s1_0.title from sections s1_0 where s1_0.course_id=?
2026-03-11T07:27:28.485+05:30 DEBUG 20632 --- [backend] [http-nio-8081-exec-2] org.hibernate.SQL                        : select s1_0.course_id,s1_0.id,s1_0.title from sections s1_0 where s1_0.course_id=?
2026-03-11T07:27:28.490+05:30 DEBUG 20632 --- [backend] [http-nio-8081-exec-2] org.hibernate.SQL                        : select s1_0.course_id,s1_0.id,s1_0.title from sections s1_0 where s1_0.course_id=?
2026-03-11T07:27:28.494+05:30 DEBUG 20632 --- [backend] [http-nio-8081-exec-2] org.hibernate.SQL                        : select s1_0.course_id,s1_0.id,s1_0.title from sections s1_0 where s1_0.course_id=?
2026-03-11T07:27:28.497+05:30 DEBUG 20632 --- [backend] [http-nio-8081-exec-2] org.hibernate.SQL                        : select s1_0.course_id,s1_0.id,s1_0.title from sections s1_0 where s1_0.course_id=?
2026-03-11T07:27:28.501+05:30 DEBUG 20632 --- [backend] [http-nio-8081-exec-2] org.hibernate.SQL                        : select s1_0.course_id,s1_0.id,s1_0.title from sections s1_0 where s1_0.course_id=?
2026-03-11T07:27:28.509+05:30 DEBUG 20632 --- [backend] [http-nio-8081-exec-2] org.hibernate.SQL                        : select s1_0.course_id,s1_0.id,s1_0.title from sections s1_0 where s1_0.course_id=?
2026-03-11T07:27:28.516+05:30 DEBUG 20632 --- [backend] [http-nio-8081-exec-2] org.hibernate.SQL                        : select s1_0.course_id,s1_0.id,s1_0.title from sections s1_0 where s1_0.course_id=?
2026-03-11T07:27:28.556+05:30 DEBUG 20632 --- [backend] [http-nio-8081-exec-5] org.hibernate.SQL                        : select c1_0.id,c1_0.bg_color,c1_0.border_color,c1_0.color,c1_0.description,c1_0.discount,c1_0.domain,c1_0.duration,c1_0.gradient,c1_0.icon_name,c1_0.level,c1_0.live_link,c1_0.name,c1_0.shadow,c1_0.slug,c1_0.total_fee from courses c1_0
2026-03-11T07:27:28.576+05:30 DEBUG 20632 --- [backend] [http-nio-8081-exec-5] org.hibernate.SQL                        : select s1_0.course_id,s1_0.id,s1_0.title from sections s1_0 where s1_0.course_id=?
2026-03-11T07:27:28.582+05:30 DEBUG 20632 --- [backend] [http-nio-8081-exec-5] org.hibernate.SQL                        : select v1_0.section_id,v1_0.id,v1_0.duration,v1_0.title,v1_0.type,v1_0.url from videos v1_0 where v1_0.section_id=?
2026-03-11T07:27:28.592+05:30 DEBUG 20632 --- [backend] [http-nio-8081-exec-5] org.hibernate.SQL                        : select q1_0.section_id,q1_0.id,q1_0.description,q1_0.title from quizzes q1_0 where q1_0.section_id in (select s1_0.id from sections s1_0 where s1_0.course_id=?)
2026-03-11T07:27:28.601+05:30 DEBUG 20632 --- [backend] [http-nio-8081-exec-5] org.hibernate.SQL                        : select v1_0.section_id,v1_0.id,v1_0.duration,v1_0.title,v1_0.type,v1_0.url from videos v1_0 where v1_0.section_id=?
2026-03-11T07:27:28.609+05:30 DEBUG 20632 --- [backend] [http-nio-8081-exec-5] org.hibernate.SQL                        : select q1_0.quiz_id,q1_0.id,q1_0.correct_option_index,q1_0.question_text from questions q1_0 where q1_0.quiz_id=?
2026-03-11T07:27:28.618+05:30 DEBUG 20632 --- [backend] [http-nio-8081-exec-5] org.hibernate.SQL                        : select o1_0.question_id,o1_0.option_text from question_options o1_0 where o1_0.question_id=?
2026-03-11T07:27:28.622+05:30 DEBUG 20632 --- [backend] [http-nio-8081-exec-5] org.hibernate.SQL                        : select o1_0.question_id,o1_0.option_text from question_options o1_0 where o1_0.question_id=?
2026-03-11T07:27:28.626+05:30 DEBUG 20632 --- [backend] [http-nio-8081-exec-5] org.hibernate.SQL                        : select v1_0.section_id,v1_0.id,v1_0.duration,v1_0.title,v1_0.type,v1_0.url from videos v1_0 where v1_0.section_id=?
2026-03-11T07:27:28.630+05:30 DEBUG 20632 --- [backend] [http-nio-8081-exec-5] org.hibernate.SQL                        : select s1_0.course_id,s1_0.id,s1_0.title from sections s1_0 where s1_0.course_id=?
2026-03-11T07:27:28.634+05:30 DEBUG 20632 --- [backend] [http-nio-8081-exec-5] org.hibernate.SQL                        : select s1_0.course_id,s1_0.id,s1_0.title from sections s1_0 where s1_0.course_id=?
2026-03-11T07:27:28.638+05:30 DEBUG 20632 --- [backend] [http-nio-8081-exec-5] org.hibernate.SQL                        : select s1_0.course_id,s1_0.id,s1_0.title from sections s1_0 where s1_0.course_id=?
2026-03-11T07:27:28.642+05:30 DEBUG 20632 --- [backend] [http-nio-8081-exec-5] org.hibernate.SQL                        : select s1_0.course_id,s1_0.id,s1_0.title from sections s1_0 where s1_0.course_id=?
2026-03-11T07:27:28.644+05:30 DEBUG 20632 --- [backend] [http-nio-8081-exec-5] org.hibernate.SQL                        : select s1_0.course_id,s1_0.id,s1_0.title from sections s1_0 where s1_0.course_id=?
2026-03-11T07:27:28.650+05:30 DEBUG 20632 --- [backend] [http-nio-8081-exec-5] org.hibernate.SQL                        : select s1_0.course_id,s1_0.id,s1_0.title from sections s1_0 where s1_0.course_id=?
2026-03-11T07:27:28.656+05:30 DEBUG 20632 --- [backend] [http-nio-8081-exec-5] org.hibernate.SQL                        : select s1_0.course_id,s1_0.id,s1_0.title from sections s1_0 where s1_0.course_id=?
2026-03-11T07:27:28.660+05:30 DEBUG 20632 --- [backend] [http-nio-8081-exec-5] org.hibernate.SQL                        : select s1_0.course_id,s1_0.id,s1_0.title from sections s1_0 where s1_0.course_id=?
2026-03-11T07:27:28.683+05:30 DEBUG 20632 --- [backend] [http-nio-8081-exec-6] org.hibernate.SQL                        : select c1_0.id,c1_0.bg_color,c1_0.border_color,c1_0.color,c1_0.description,c1_0.discount,c1_0.domain,c1_0.duration,c1_0.gradient,c1_0.icon_name,c1_0.level,c1_0.live_link,c1_0.name,c1_0.shadow,c1_0.slug,c1_0.total_fee from courses c1_0
2026-03-11T07:27:28.707+05:30 DEBUG 20632 --- [backend] [http-nio-8081-exec-6] org.hibernate.SQL                        : select s1_0.course_id,s1_0.id,s1_0.title from sections s1_0 where s1_0.course_id=?
2026-03-11T07:27:28.711+05:30 DEBUG 20632 --- [backend] [http-nio-8081-exec-6] org.hibernate.SQL                        : select v1_0.section_id,v1_0.id,v1_0.duration,v1_0.title,v1_0.type,v1_0.url from videos v1_0 where v1_0.section_id=?
2026-03-11T07:27:28.719+05:30 DEBUG 20632 --- [backend] [http-nio-8081-exec-6] org.hibernate.SQL                        : select q1_0.section_id,q1_0.id,q1_0.description,q1_0.title from quizzes q1_0 where q1_0.section_id in (select s1_0.id from sections s1_0 where s1_0.course_id=?)
2026-03-11T07:27:28.725+05:30 DEBUG 20632 --- [backend] [http-nio-8081-exec-6] org.hibernate.SQL                        : select v1_0.section_id,v1_0.id,v1_0.duration,v1_0.title,v1_0.type,v1_0.url from videos v1_0 where v1_0.section_id=?
2026-03-11T07:27:28.732+05:30 DEBUG 20632 --- [backend] [http-nio-8081-exec-6] org.hibernate.SQL                        : select q1_0.quiz_id,q1_0.id,q1_0.correct_option_index,q1_0.question_text from questions q1_0 where q1_0.quiz_id=?
2026-03-11T07:27:28.758+05:30 DEBUG 20632 --- [backend] [http-nio-8081-exec-6] org.hibernate.SQL                        : select o1_0.question_id,o1_0.option_text from question_options o1_0 where o1_0.question_id=?
2026-03-11T07:27:28.761+05:30 DEBUG 20632 --- [backend] [http-nio-8081-exec-6] org.hibernate.SQL                        : select o1_0.question_id,o1_0.option_text from question_options o1_0 where o1_0.question_id=?
2026-03-11T07:27:28.776+05:30 DEBUG 20632 --- [backend] [http-nio-8081-exec-6] org.hibernate.SQL                        : select v1_0.section_id,v1_0.id,v1_0.duration,v1_0.title,v1_0.type,v1_0.url from videos v1_0 where v1_0.section_id=?
2026-03-11T07:27:28.780+05:30 DEBUG 20632 --- [backend] [http-nio-8081-exec-6] org.hibernate.SQL                        : select s1_0.course_id,s1_0.id,s1_0.title from sections s1_0 where s1_0.course_id=?
2026-03-11T07:27:28.784+05:30 DEBUG 20632 --- [backend] [http-nio-8081-exec-6] org.hibernate.SQL                        : select s1_0.course_id,s1_0.id,s1_0.title from sections s1_0 where s1_0.course_id=?
2026-03-11T07:27:28.789+05:30 DEBUG 20632 --- [backend] [http-nio-8081-exec-6] org.hibernate.SQL                        : select s1_0.course_id,s1_0.id,s1_0.title from sections s1_0 where s1_0.course_id=?
2026-03-11T07:27:28.793+05:30 DEBUG 20632 --- [backend] [http-nio-8081-exec-6] org.hibernate.SQL                        : select s1_0.course_id,s1_0.id,s1_0.title from sections s1_0 where s1_0.course_id=?
2026-03-11T07:27:28.805+05:30 DEBUG 20632 --- [backend] [http-nio-8081-exec-6] org.hibernate.SQL                        : select s1_0.course_id,s1_0.id,s1_0.title from sections s1_0 where s1_0.course_id=?
2026-03-11T07:27:28.815+05:30 DEBUG 20632 --- [backend] [http-nio-8081-exec-6] org.hibernate.SQL                        : select s1_0.course_id,s1_0.id,s1_0.title from sections s1_0 where s1_0.course_id=?
2026-03-11T07:27:28.823+05:30 DEBUG 20632 --- [backend] [http-nio-8081-exec-6] org.hibernate.SQL                        : select s1_0.course_id,s1_0.id,s1_0.title from sections s1_0 where s1_0.course_id=?
2026-03-11T07:27:28.825+05:30 DEBUG 20632 --- [backend] [http-nio-8081-exec-6] org.hibernate.SQL                        : select s1_0.course_id,s1_0.id,s1_0.title from sections s1_0 where s1_0.course_id=?
2026-03-11T07:27:28.843+05:30 DEBUG 20632 --- [backend] [http-nio-8081-exec-4] org.hibernate.SQL                        : select c1_0.id,c1_0.bg_color,c1_0.border_color,c1_0.color,c1_0.description,c1_0.discount,c1_0.domain,c1_0.duration,c1_0.gradient,c1_0.icon_name,c1_0.level,c1_0.live_link,c1_0.name,c1_0.shadow,c1_0.slug,c1_0.total_fee from courses c1_0
2026-03-11T07:27:28.861+05:30 DEBUG 20632 --- [backend] [http-nio-8081-exec-4] org.hibernate.SQL                        : select s1_0.course_id,s1_0.id,s1_0.title from sections s1_0 where s1_0.course_id=?
2026-03-11T07:27:28.870+05:30 DEBUG 20632 --- [backend] [http-nio-8081-exec-4] org.hibernate.SQL                        : select v1_0.section_id,v1_0.id,v1_0.duration,v1_0.title,v1_0.type,v1_0.url from videos v1_0 where v1_0.section_id=?
2026-03-11T07:27:28.877+05:30 DEBUG 20632 --- [backend] [http-nio-8081-exec-4] org.hibernate.SQL                        : select q1_0.section_id,q1_0.id,q1_0.description,q1_0.title from quizzes q1_0 where q1_0.section_id in (select s1_0.id from sections s1_0 where s1_0.course_id=?)
2026-03-11T07:27:28.882+05:30 DEBUG 20632 --- [backend] [http-nio-8081-exec-4] org.hibernate.SQL                        : select v1_0.section_id,v1_0.id,v1_0.duration,v1_0.title,v1_0.type,v1_0.url from videos v1_0 where v1_0.section_id=?
2026-03-11T07:27:28.887+05:30 DEBUG 20632 --- [backend] [http-nio-8081-exec-4] org.hibernate.SQL                        : select q1_0.quiz_id,q1_0.id,q1_0.correct_option_index,q1_0.question_text from questions q1_0 where q1_0.quiz_id=?
2026-03-11T07:27:28.895+05:30 DEBUG 20632 --- [backend] [http-nio-8081-exec-4] org.hibernate.SQL                        : select o1_0.question_id,o1_0.option_text from question_options o1_0 where o1_0.question_id=?
2026-03-11T07:27:28.901+05:30 DEBUG 20632 --- [backend] [http-nio-8081-exec-4] org.hibernate.SQL                        : select o1_0.question_id,o1_0.option_text from question_options o1_0 where o1_0.question_id=?
2026-03-11T07:27:28.905+05:30 DEBUG 20632 --- [backend] [http-nio-8081-exec-4] org.hibernate.SQL                        : select v1_0.section_id,v1_0.id,v1_0.duration,v1_0.title,v1_0.type,v1_0.url from videos v1_0 where v1_0.section_id=?
2026-03-11T07:27:28.908+05:30 DEBUG 20632 --- [backend] [http-nio-8081-exec-4] org.hibernate.SQL                        : select s1_0.course_id,s1_0.id,s1_0.title from sections s1_0 where s1_0.course_id=?
2026-03-11T07:27:28.913+05:30 DEBUG 20632 --- [backend] [http-nio-8081-exec-4] org.hibernate.SQL                        : select s1_0.course_id,s1_0.id,s1_0.title from sections s1_0 where s1_0.course_id=?
2026-03-11T07:27:28.918+05:30 DEBUG 20632 --- [backend] [http-nio-8081-exec-4] org.hibernate.SQL                        : select s1_0.course_id,s1_0.id,s1_0.title from sections s1_0 where s1_0.course_id=?
2026-03-11T07:27:28.924+05:30 DEBUG 20632 --- [backend] [http-nio-8081-exec-4] org.hibernate.SQL                        : select s1_0.course_id,s1_0.id,s1_0.title from sections s1_0 where s1_0.course_id=?
2026-03-11T07:27:28.931+05:30 DEBUG 20632 --- [backend] [http-nio-8081-exec-4] org.hibernate.SQL                        : select s1_0.course_id,s1_0.id,s1_0.title from sections s1_0 where s1_0.course_id=?
2026-03-11T07:27:28.960+05:30 DEBUG 20632 --- [backend] [http-nio-8081-exec-4] org.hibernate.SQL                        : select s1_0.course_id,s1_0.id,s1_0.title from sections s1_0 where s1_0.course_id=?
2026-03-11T07:27:28.965+05:30 DEBUG 20632 --- [backend] [http-nio-8081-exec-4] org.hibernate.SQL                        : select s1_0.course_id,s1_0.id,s1_0.title from sections s1_0 where s1_0.course_id=?
2026-03-11T07:27:28.969+05:30 DEBUG 20632 --- [backend] [http-nio-8081-exec-4] org.hibernate.SQL                        : select s1_0.course_id,s1_0.id,s1_0.title from sections s1_0 where s1_0.course_id=?
2026-03-11T07:27:29.000+05:30 DEBUG 20632 --- [backend] [http-nio-8081-exec-3] org.hibernate.SQL                        : select c1_0.id,c1_0.bg_color,c1_0.border_color,c1_0.color,c1_0.description,c1_0.discount,c1_0.domain,c1_0.duration,c1_0.gradient,c1_0.icon_name,c1_0.level,c1_0.live_link,c1_0.name,c1_0.shadow,c1_0.slug,c1_0.total_fee from courses c1_0
2026-03-11T07:27:29.018+05:30 DEBUG 20632 --- [backend] [http-nio-8081-exec-3] org.hibernate.SQL                        : select s1_0.course_id,s1_0.id,s1_0.title from sections s1_0 where s1_0.course_id=?
2026-03-11T07:27:29.022+05:30 DEBUG 20632 --- [backend] [http-nio-8081-exec-3] org.hibernate.SQL                        : select v1_0.section_id,v1_0.id,v1_0.duration,v1_0.title,v1_0.type,v1_0.url from videos v1_0 where v1_0.section_id=?
2026-03-11T07:27:29.035+05:30 DEBUG 20632 --- [backend] [http-nio-8081-exec-3] org.hibernate.SQL                        : select q1_0.section_id,q1_0.id,q1_0.description,q1_0.title from quizzes q1_0 where q1_0.section_id in (select s1_0.id from sections s1_0 where s1_0.course_id=?)
2026-03-11T07:27:29.042+05:30 DEBUG 20632 --- [backend] [http-nio-8081-exec-3] org.hibernate.SQL                        : select v1_0.section_id,v1_0.id,v1_0.duration,v1_0.title,v1_0.type,v1_0.url from videos v1_0 where v1_0.section_id=?
2026-03-11T07:27:29.048+05:30 DEBUG 20632 --- [backend] [http-nio-8081-exec-3] org.hibernate.SQL                        : select q1_0.quiz_id,q1_0.id,q1_0.correct_option_index,q1_0.question_text from questions q1_0 where q1_0.quiz_id=?
2026-03-11T07:27:29.052+05:30 DEBUG 20632 --- [backend] [http-nio-8081-exec-3] org.hibernate.SQL                        : select o1_0.question_id,o1_0.option_text from question_options o1_0 where o1_0.question_id=?
2026-03-11T07:27:29.055+05:30 DEBUG 20632 --- [backend] [http-nio-8081-exec-3] org.hibernate.SQL                        : select o1_0.question_id,o1_0.option_text from question_options o1_0 where o1_0.question_id=?
2026-03-11T07:27:29.058+05:30 DEBUG 20632 --- [backend] [http-nio-8081-exec-3] org.hibernate.SQL                        : select v1_0.section_id,v1_0.id,v1_0.duration,v1_0.title,v1_0.type,v1_0.url from videos v1_0 where v1_0.section_id=?
2026-03-11T07:27:29.064+05:30 DEBUG 20632 --- [backend] [http-nio-8081-exec-3] org.hibernate.SQL                        : select s1_0.course_id,s1_0.id,s1_0.title from sections s1_0 where s1_0.course_id=?
2026-03-11T07:27:29.072+05:30 DEBUG 20632 --- [backend] [http-nio-8081-exec-3] org.hibernate.SQL                        : select s1_0.course_id,s1_0.id,s1_0.title from sections s1_0 where s1_0.course_id=?
2026-03-11T07:27:29.081+05:30 DEBUG 20632 --- [backend] [http-nio-8081-exec-3] org.hibernate.SQL                        : select s1_0.course_id,s1_0.id,s1_0.title from sections s1_0 where s1_0.course_id=?
2026-03-11T07:27:29.085+05:30 DEBUG 20632 --- [backend] [http-nio-8081-exec-3] org.hibernate.SQL                        : select s1_0.course_id,s1_0.id,s1_0.title from sections s1_0 where s1_0.course_id=?
2026-03-11T07:27:29.089+05:30 DEBUG 20632 --- [backend] [http-nio-8081-exec-3] org.hibernate.SQL                        : select s1_0.course_id,s1_0.id,s1_0.title from sections s1_0 where s1_0.course_id=?
2026-03-11T07:27:29.093+05:30 DEBUG 20632 --- [backend] [http-nio-8081-exec-3] org.hibernate.SQL                        : select s1_0.course_id,s1_0.id,s1_0.title from sections s1_0 where s1_0.course_id=?
2026-03-11T07:27:29.098+05:30 DEBUG 20632 --- [backend] [http-nio-8081-exec-3] org.hibernate.SQL                        : select s1_0.course_id,s1_0.id,s1_0.title from sections s1_0 where s1_0.course_id=?
2026-03-11T07:27:29.102+05:30 DEBUG 20632 --- [backend] [http-nio-8081-exec-3] org.hibernate.SQL                        : select s1_0.course_id,s1_0.id,s1_0.title from sections s1_0 where s1_0.course_id=?
2026-03-11T07:27:29.122+05:30 DEBUG 20632 --- [backend] [http-nio-8081-exec-7] org.hibernate.SQL                        : select c1_0.id,c1_0.bg_color,c1_0.border_color,c1_0.color,c1_0.description,c1_0.discount,c1_0.domain,c1_0.duration,c1_0.gradient,c1_0.icon_name,c1_0.level,c1_0.live_link,c1_0.name,c1_0.shadow,c1_0.slug,c1_0.total_fee from courses c1_0
2026-03-11T07:27:29.133+05:30 DEBUG 20632 --- [backend] [http-nio-8081-exec-7] org.hibernate.SQL                        : select s1_0.course_id,s1_0.id,s1_0.title from sections s1_0 where s1_0.course_id=?
2026-03-11T07:27:29.140+05:30 DEBUG 20632 --- [backend] [http-nio-8081-exec-7] org.hibernate.SQL                        : select v1_0.section_id,v1_0.id,v1_0.duration,v1_0.title,v1_0.type,v1_0.url from videos v1_0 where v1_0.section_id=?
2026-03-11T07:27:29.147+05:30 DEBUG 20632 --- [backend] [http-nio-8081-exec-7] org.hibernate.SQL                        : select q1_0.section_id,q1_0.id,q1_0.description,q1_0.title from quizzes q1_0 where q1_0.section_id in (select s1_0.id from sections s1_0 where s1_0.course_id=?)
2026-03-11T07:27:29.155+05:30 DEBUG 20632 --- [backend] [http-nio-8081-exec-7] org.hibernate.SQL                        : select v1_0.section_id,v1_0.id,v1_0.duration,v1_0.title,v1_0.type,v1_0.url from videos v1_0 where v1_0.section_id=?
2026-03-11T07:27:29.159+05:30 DEBUG 20632 --- [backend] [http-nio-8081-exec-7] org.hibernate.SQL                        : select q1_0.quiz_id,q1_0.id,q1_0.correct_option_index,q1_0.question_text from questions q1_0 where q1_0.quiz_id=?
2026-03-11T07:27:29.164+05:30 DEBUG 20632 --- [backend] [http-nio-8081-exec-7] org.hibernate.SQL                        : select o1_0.question_id,o1_0.option_text from question_options o1_0 where o1_0.question_id=?
2026-03-11T07:27:29.173+05:30 DEBUG 20632 --- [backend] [http-nio-8081-exec-7] org.hibernate.SQL                        : select o1_0.question_id,o1_0.option_text from question_options o1_0 where o1_0.question_id=?
2026-03-11T07:27:29.180+05:30 DEBUG 20632 --- [backend] [http-nio-8081-exec-7] org.hibernate.SQL                        : select v1_0.section_id,v1_0.id,v1_0.duration,v1_0.title,v1_0.type,v1_0.url from videos v1_0 where v1_0.section_id=?
2026-03-11T07:27:29.185+05:30 DEBUG 20632 --- [backend] [http-nio-8081-exec-7] org.hibernate.SQL                        : select s1_0.course_id,s1_0.id,s1_0.title from sections s1_0 where s1_0.course_id=?
2026-03-11T07:27:29.187+05:30 DEBUG 20632 --- [backend] [http-nio-8081-exec-7] org.hibernate.SQL                        : select s1_0.course_id,s1_0.id,s1_0.title from sections s1_0 where s1_0.course_id=?
2026-03-11T07:27:29.193+05:30 DEBUG 20632 --- [backend] [http-nio-8081-exec-7] org.hibernate.SQL                        : select s1_0.course_id,s1_0.id,s1_0.title from sections s1_0 where s1_0.course_id=?
2026-03-11T07:27:29.200+05:30 DEBUG 20632 --- [backend] [http-nio-8081-exec-7] org.hibernate.SQL                        : select s1_0.course_id,s1_0.id,s1_0.title from sections s1_0 where s1_0.course_id=?
2026-03-11T07:27:29.204+05:30 DEBUG 20632 --- [backend] [http-nio-8081-exec-7] org.hibernate.SQL                        : select s1_0.course_id,s1_0.id,s1_0.title from sections s1_0 where s1_0.course_id=?
2026-03-11T07:27:29.211+05:30 DEBUG 20632 --- [backend] [http-nio-8081-exec-7] org.hibernate.SQL                        : select s1_0.course_id,s1_0.id,s1_0.title from sections s1_0 where s1_0.course_id=?
2026-03-11T07:27:29.216+05:30 DEBUG 20632 --- [backend] [http-nio-8081-exec-7] org.hibernate.SQL                        : select s1_0.course_id,s1_0.id,s1_0.title from sections s1_0 where s1_0.course_id=?
2026-03-11T07:27:29.221+05:30 DEBUG 20632 --- [backend] [http-nio-8081-exec-7] org.hibernate.SQL                        : select s1_0.course_id,s1_0.id,s1_0.title from sections s1_0 where s1_0.course_id=?
2026-03-11T07:27:40.318+05:30  INFO 20632 --- [backend] [http-nio-8081-exec-4] c.t.b.service.PasswordResetService       : Forgot password request for email: nnikhiln2002@gmail.com
2026-03-11T07:27:40.321+05:30 DEBUG 20632 --- [backend] [http-nio-8081-exec-4] org.hibernate.SQL                        : select u1_0.id,u1_0.certificate_date,u1_0.certificate_issued,u1_0.course,u1_0.discount,u1_0.email,u1_0.password,u1_0.phone,u1_0.profile_picture,u1_0.role,u1_0.total_fee,u1_0.username from users u1_0 where u1_0.email=? limit ?
2026-03-11T07:27:40.326+05:30  INFO 20632 --- [backend] [http-nio-8081-exec-4] c.t.b.service.PasswordResetService       : User found: ID=4, Username=Nikhil Babaji Nawale
2026-03-11T07:27:40.376+05:30 DEBUG 20632 --- [backend] [http-nio-8081-exec-4] org.hibernate.SQL                        : select prt1_0.id,prt1_0.expiry_date,prt1_0.token,prt1_0.user_id from password_reset_token prt1_0 where prt1_0.user_id=?
2026-03-11T07:27:40.399+05:30  INFO 20632 --- [backend] [http-nio-8081-exec-4] c.t.b.service.PasswordResetService       : Generated OTP for user nnikhiln2002@gmail.com: 294311
2026-03-11T07:27:40.421+05:30 DEBUG 20632 --- [backend] [http-nio-8081-exec-4] org.hibernate.SQL                        : insert into password_reset_token (expiry_date,token,user_id) values (?,?,?)
2026-03-11T07:27:40.575+05:30  WARN 20632 --- [backend] [http-nio-8081-exec-4] o.h.engine.jdbc.spi.SqlExceptionHelper   : SQL Error: 1062, SQLState: 23000
2026-03-11T07:27:40.575+05:30 ERROR 20632 --- [backend] [http-nio-8081-exec-4] o.h.engine.jdbc.spi.SqlExceptionHelper   : Duplicate entry '4' for key 'password_reset_token.UK_f90ivichjaokvmovxpnlm5nin'
2026-03-11T07:27:40.617+05:30 ERROR 20632 --- [backend] [http-nio-8081-exec-4] c.t.backend.controller.AuthController    : Error in forgot-password: 

org.springframework.dao.DataIntegrityViolationException: could not execute statement [Duplicate entry '4' for key 'password_reset_token.UK_f90ivichjaokvmovxpnlm5nin'] [insert into password_reset_token (expiry_date,token,user_id) values (?,?,?)]; SQL [insert into password_reset_token (expiry_date,token,user_id) values (?,?,?)]; constraint [password_reset_token.UK_f90ivichjaokvmovxpnlm5nin]
	at org.springframework.orm.jpa.vendor.HibernateJpaDialect.convertHibernateAccessException(HibernateJpaDialect.java:290) ~[spring-orm-6.1.3.jar:6.1.3]
	at org.springframework.orm.jpa.vendor.HibernateJpaDialect.translateExceptionIfPossible(HibernateJpaDialect.java:241) ~[spring-orm-6.1.3.jar:6.1.3]
	at org.springframework.orm.jpa.AbstractEntityManagerFactoryBean.translateExceptionIfPossible(AbstractEntityManagerFactoryBean.java:550) ~[spring-orm-6.1.3.jar:6.1.3]
	at org.springframework.dao.support.ChainedPersistenceExceptionTranslator.translateExceptionIfPossible(ChainedPersistenceExceptionTranslator.java:61) ~[spring-tx-6.1.3.jar:6.1.3]
	at org.springframework.dao.support.DataAccessUtils.translateIfNecessary(DataAccessUtils.java:335) ~[spring-tx-6.1.3.jar:6.1.3]
	at org.springframework.dao.support.PersistenceExceptionTranslationInterceptor.invoke(PersistenceExceptionTranslationInterceptor.java:152) ~[spring-tx-6.1.3.jar:6.1.3]
	at org.springframework.aop.framework.ReflectiveMethodInvocation.proceed(ReflectiveMethodInvocation.java:184) ~[spring-aop-6.1.3.jar:6.1.3]
	at org.springframework.data.jpa.repository.support.CrudMethodMetadataPostProcessor$CrudMethodMetadataPopulatingMethodInterceptor.invoke(CrudMethodMetadataPostProcessor.java:164) ~[spring-data-jpa-3.2.2.jar:3.2.2]
	at org.springframework.aop.framework.ReflectiveMethodInvocation.proceed(ReflectiveMethodInvocation.java:184) ~[spring-aop-6.1.3.jar:6.1.3]
	at org.springframework.aop.interceptor.ExposeInvocationInterceptor.invoke(ExposeInvocationInterceptor.java:97) ~[spring-aop-6.1.3.jar:6.1.3]
	at org.springframework.aop.framework.ReflectiveMethodInvocation.proceed(ReflectiveMethodInvocation.java:184) ~[spring-aop-6.1.3.jar:6.1.3]
	at org.springframework.aop.framework.JdkDynamicAopProxy.invoke(JdkDynamicAopProxy.java:220) ~[spring-aop-6.1.3.jar:6.1.3]
	at jdk.proxy2/jdk.proxy2.$Proxy146.save(Unknown Source) ~[na:na]
	at com.tsarit.backend.service.PasswordResetService.initiateReset(PasswordResetService.java:68) ~[classes/:na]
	at java.base/jdk.internal.reflect.DirectMethodHandleAccessor.invoke(DirectMethodHandleAccessor.java:103) ~[na:na]
	at java.base/java.lang.reflect.Method.invoke(Method.java:580) ~[na:na]
	at org.springframework.aop.support.AopUtils.invokeJoinpointUsingReflection(AopUtils.java:351) ~[spring-aop-6.1.3.jar:6.1.3]
	at org.springframework.aop.framework.ReflectiveMethodInvocation.invokeJoinpoint(ReflectiveMethodInvocation.java:196) ~[spring-aop-6.1.3.jar:6.1.3]
	at org.springframework.aop.framework.ReflectiveMethodInvocation.proceed(ReflectiveMethodInvocation.java:163) ~[spring-aop-6.1.3.jar:6.1.3]
	at org.springframework.aop.framework.CglibAopProxy$CglibMethodInvocation.proceed(CglibAopProxy.java:765) ~[spring-aop-6.1.3.jar:6.1.3]
	at org.springframework.transaction.interceptor.TransactionInterceptor$1.proceedWithInvocation(TransactionInterceptor.java:123) ~[spring-tx-6.1.3.jar:6.1.3]
	at org.springframework.transaction.interceptor.TransactionAspectSupport.invokeWithinTransaction(TransactionAspectSupport.java:385) ~[spring-tx-6.1.3.jar:6.1.3]
	at org.springframework.transaction.interceptor.TransactionInterceptor.invoke(TransactionInterceptor.java:119) ~[spring-tx-6.1.3.jar:6.1.3]
	at org.springframework.aop.framework.ReflectiveMethodInvocation.proceed(ReflectiveMethodInvocation.java:184) ~[spring-aop-6.1.3.jar:6.1.3]
	at org.springframework.aop.framework.CglibAopProxy$CglibMethodInvocation.proceed(CglibAopProxy.java:765) ~[spring-aop-6.1.3.jar:6.1.3]
	at org.springframework.aop.framework.CglibAopProxy$DynamicAdvisedInterceptor.intercept(CglibAopProxy.java:717) ~[spring-aop-6.1.3.jar:6.1.3]
	at com.tsarit.backend.service.PasswordResetService$$SpringCGLIB$$0.initiateReset(<generated>) ~[classes/:na]
	at com.tsarit.backend.controller.AuthController.forgotPassword(AuthController.java:181) ~[classes/:na]
	at java.base/jdk.internal.reflect.DirectMethodHandleAccessor.invoke(DirectMethodHandleAccessor.java:103) ~[na:na]
	at java.base/java.lang.reflect.Method.invoke(Method.java:580) ~[na:na]
	at org.springframework.web.method.support.InvocableHandlerMethod.doInvoke(InvocableHandlerMethod.java:261) ~[spring-web-6.1.3.jar:6.1.3]
	at org.springframework.web.method.support.InvocableHandlerMethod.invokeForRequest(InvocableHandlerMethod.java:189) ~[spring-web-6.1.3.jar:6.1.3]
	at org.springframework.web.servlet.mvc.method.annotation.ServletInvocableHandlerMethod.invokeAndHandle(ServletInvocableHandlerMethod.java:118) ~[spring-webmvc-6.1.3.jar:6.1.3]
	at org.springframework.web.servlet.mvc.method.annotation.RequestMappingHandlerAdapter.invokeHandlerMethod(RequestMappingHandlerAdapter.java:917) ~[spring-webmvc-6.1.3.jar:6.1.3]
	at org.springframework.web.servlet.mvc.method.annotation.RequestMappingHandlerAdapter.handleInternal(RequestMappingHandlerAdapter.java:829) ~[spring-webmvc-6.1.3.jar:6.1.3]
	at org.springframework.web.servlet.mvc.method.AbstractHandlerMethodAdapter.handle(AbstractHandlerMethodAdapter.java:87) ~[spring-webmvc-6.1.3.jar:6.1.3]
	at org.springframework.web.servlet.DispatcherServlet.doDispatch(DispatcherServlet.java:1089) ~[spring-webmvc-6.1.3.jar:6.1.3]
	at org.springframework.web.servlet.DispatcherServlet.doService(DispatcherServlet.java:979) ~[spring-webmvc-6.1.3.jar:6.1.3]
	at org.springframework.web.servlet.FrameworkServlet.processRequest(FrameworkServlet.java:1014) ~[spring-webmvc-6.1.3.jar:6.1.3]
	at org.springframework.web.servlet.FrameworkServlet.doPost(FrameworkServlet.java:914) ~[spring-webmvc-6.1.3.jar:6.1.3]
	at jakarta.servlet.http.HttpServlet.service(HttpServlet.java:590) ~[tomcat-embed-core-10.1.18.jar:6.0]
	at org.springframework.web.servlet.FrameworkServlet.service(FrameworkServlet.java:885) ~[spring-webmvc-6.1.3.jar:6.1.3]
	at jakarta.servlet.http.HttpServlet.service(HttpServlet.java:658) ~[tomcat-embed-core-10.1.18.jar:6.0]
	at org.apache.catalina.core.ApplicationFilterChain.internalDoFilter(ApplicationFilterChain.java:205) ~[tomcat-embed-core-10.1.18.jar:10.1.18]
	at org.apache.catalina.core.ApplicationFilterChain.doFilter(ApplicationFilterChain.java:149) ~[tomcat-embed-core-10.1.18.jar:10.1.18]
	at org.apache.tomcat.websocket.server.WsFilter.doFilter(WsFilter.java:51) ~[tomcat-embed-websocket-10.1.18.jar:10.1.18]
	at org.apache.catalina.core.ApplicationFilterChain.internalDoFilter(ApplicationFilterChain.java:174) ~[tomcat-embed-core-10.1.18.jar:10.1.18]
	at org.apache.catalina.core.ApplicationFilterChain.doFilter(ApplicationFilterChain.java:149) ~[tomcat-embed-core-10.1.18.jar:10.1.18]
	at org.springframework.web.filter.OncePerRequestFilter.doFilter(OncePerRequestFilter.java:110) ~[spring-web-6.1.3.jar:6.1.3]
	at org.apache.catalina.core.ApplicationFilterChain.internalDoFilter(ApplicationFilterChain.java:174) ~[tomcat-embed-core-10.1.18.jar:10.1.18]
	at org.apache.catalina.core.ApplicationFilterChain.doFilter(ApplicationFilterChain.java:149) ~[tomcat-embed-core-10.1.18.jar:10.1.18]
	at org.springframework.web.filter.CompositeFilter$VirtualFilterChain.doFilter(CompositeFilter.java:108) ~[spring-web-6.1.3.jar:6.1.3]
	at org.springframework.security.web.FilterChainProxy.lambda$doFilterInternal$3(FilterChainProxy.java:231) ~[spring-security-web-6.2.1.jar:6.2.1]
	at org.springframework.security.web.FilterChainProxy$VirtualFilterChain.doFilter(FilterChainProxy.java:365) ~[spring-security-web-6.2.1.jar:6.2.1]
	at org.springframework.security.web.access.intercept.AuthorizationFilter.doFilter(AuthorizationFilter.java:100) ~[spring-security-web-6.2.1.jar:6.2.1]
	at org.springframework.security.web.FilterChainProxy$VirtualFilterChain.doFilter(FilterChainProxy.java:374) ~[spring-security-web-6.2.1.jar:6.2.1]
	at org.springframework.security.web.access.ExceptionTranslationFilter.doFilter(ExceptionTranslationFilter.java:126) ~[spring-security-web-6.2.1.jar:6.2.1]
	at org.springframework.security.web.access.ExceptionTranslationFilter.doFilter(ExceptionTranslationFilter.java:120) ~[spring-security-web-6.2.1.jar:6.2.1]
	at org.springframework.security.web.FilterChainProxy$VirtualFilterChain.doFilter(FilterChainProxy.java:374) ~[spring-security-web-6.2.1.jar:6.2.1]
	at org.springframework.security.web.session.SessionManagementFilter.doFilter(SessionManagementFilter.java:131) ~[spring-security-web-6.2.1.jar:6.2.1]
	at org.springframework.security.web.session.SessionManagementFilter.doFilter(SessionManagementFilter.java:85) ~[spring-security-web-6.2.1.jar:6.2.1]
	at org.springframework.security.web.FilterChainProxy$VirtualFilterChain.doFilter(FilterChainProxy.java:374) ~[spring-security-web-6.2.1.jar:6.2.1]
	at org.springframework.security.web.authentication.AnonymousAuthenticationFilter.doFilter(AnonymousAuthenticationFilter.java:100) ~[spring-security-web-6.2.1.jar:6.2.1]
	at org.springframework.security.web.FilterChainProxy$VirtualFilterChain.doFilter(FilterChainProxy.java:374) ~[spring-security-web-6.2.1.jar:6.2.1]
	at org.springframework.security.web.servletapi.SecurityContextHolderAwareRequestFilter.doFilter(SecurityContextHolderAwareRequestFilter.java:179) ~[spring-security-web-6.2.1.jar:6.2.1]
	at org.springframework.security.web.FilterChainProxy$VirtualFilterChain.doFilter(FilterChainProxy.java:374) ~[spring-security-web-6.2.1.jar:6.2.1]
	at org.springframework.security.web.savedrequest.RequestCacheAwareFilter.doFilter(RequestCacheAwareFilter.java:63) ~[spring-security-web-6.2.1.jar:6.2.1]
	at org.springframework.security.web.FilterChainProxy$VirtualFilterChain.doFilter(FilterChainProxy.java:374) ~[spring-security-web-6.2.1.jar:6.2.1]
	at com.tsarit.backend.security.AuthTokenFilter.doFilterInternal(AuthTokenFilter.java:56) ~[classes/:na]
	at org.springframework.web.filter.OncePerRequestFilter.doFilter(OncePerRequestFilter.java:116) ~[spring-web-6.1.3.jar:6.1.3]
	at org.springframework.security.web.FilterChainProxy$VirtualFilterChain.doFilter(FilterChainProxy.java:374) ~[spring-security-web-6.2.1.jar:6.2.1]
	at org.springframework.security.web.authentication.logout.LogoutFilter.doFilter(LogoutFilter.java:107) ~[spring-security-web-6.2.1.jar:6.2.1]
	at org.springframework.security.web.authentication.logout.LogoutFilter.doFilter(LogoutFilter.java:93) ~[spring-security-web-6.2.1.jar:6.2.1]
	at org.springframework.security.web.FilterChainProxy$VirtualFilterChain.doFilter(FilterChainProxy.java:374) ~[spring-security-web-6.2.1.jar:6.2.1]
	at org.springframework.web.filter.CorsFilter.doFilterInternal(CorsFilter.java:91) ~[spring-web-6.1.3.jar:6.1.3]
	at org.springframework.web.filter.OncePerRequestFilter.doFilter(OncePerRequestFilter.java:116) ~[spring-web-6.1.3.jar:6.1.3]
	at org.springframework.security.web.FilterChainProxy$VirtualFilterChain.doFilter(FilterChainProxy.java:374) ~[spring-security-web-6.2.1.jar:6.2.1]
	at org.springframework.security.web.header.HeaderWriterFilter.doHeadersAfter(HeaderWriterFilter.java:90) ~[spring-security-web-6.2.1.jar:6.2.1]
	at org.springframework.security.web.header.HeaderWriterFilter.doFilterInternal(HeaderWriterFilter.java:75) ~[spring-security-web-6.2.1.jar:6.2.1]
	at org.springframework.web.filter.OncePerRequestFilter.doFilter(OncePerRequestFilter.java:116) ~[spring-web-6.1.3.jar:6.1.3]
	at org.springframework.security.web.FilterChainProxy$VirtualFilterChain.doFilter(FilterChainProxy.java:374) ~[spring-security-web-6.2.1.jar:6.2.1]
	at org.springframework.security.web.context.SecurityContextHolderFilter.doFilter(SecurityContextHolderFilter.java:82) ~[spring-security-web-6.2.1.jar:6.2.1]
	at org.springframework.security.web.context.SecurityContextHolderFilter.doFilter(SecurityContextHolderFilter.java:69) ~[spring-security-web-6.2.1.jar:6.2.1]
	at org.springframework.security.web.FilterChainProxy$VirtualFilterChain.doFilter(FilterChainProxy.java:374) ~[spring-security-web-6.2.1.jar:6.2.1]
	at org.springframework.security.web.context.request.async.WebAsyncManagerIntegrationFilter.doFilterInternal(WebAsyncManagerIntegrationFilter.java:62) ~[spring-security-web-6.2.1.jar:6.2.1]
	at org.springframework.web.filter.OncePerRequestFilter.doFilter(OncePerRequestFilter.java:116) ~[spring-web-6.1.3.jar:6.1.3]
	at org.springframework.security.web.FilterChainProxy$VirtualFilterChain.doFilter(FilterChainProxy.java:374) ~[spring-security-web-6.2.1.jar:6.2.1]
	at org.springframework.security.web.session.DisableEncodeUrlFilter.doFilterInternal(DisableEncodeUrlFilter.java:42) ~[spring-security-web-6.2.1.jar:6.2.1]
	at org.springframework.web.filter.OncePerRequestFilter.doFilter(OncePerRequestFilter.java:116) ~[spring-web-6.1.3.jar:6.1.3]
	at org.springframework.security.web.FilterChainProxy$VirtualFilterChain.doFilter(FilterChainProxy.java:374) ~[spring-security-web-6.2.1.jar:6.2.1]
	at org.springframework.security.web.FilterChainProxy.doFilterInternal(FilterChainProxy.java:233) ~[spring-security-web-6.2.1.jar:6.2.1]
	at org.springframework.security.web.FilterChainProxy.doFilter(FilterChainProxy.java:191) ~[spring-security-web-6.2.1.jar:6.2.1]
	at org.springframework.web.filter.CompositeFilter$VirtualFilterChain.doFilter(CompositeFilter.java:113) ~[spring-web-6.1.3.jar:6.1.3]
	at org.springframework.web.servlet.handler.HandlerMappingIntrospector.lambda$createCacheFilter$3(HandlerMappingIntrospector.java:195) ~[spring-webmvc-6.1.3.jar:6.1.3]
	at org.springframework.web.filter.CompositeFilter$VirtualFilterChain.doFilter(CompositeFilter.java:113) ~[spring-web-6.1.3.jar:6.1.3]
	at org.springframework.web.filter.CompositeFilter.doFilter(CompositeFilter.java:74) ~[spring-web-6.1.3.jar:6.1.3]
	at org.springframework.security.config.annotation.web.configuration.WebMvcSecurityConfiguration$CompositeFilterChainProxy.doFilter(WebMvcSecurityConfiguration.java:225) ~[spring-security-config-6.2.1.jar:6.2.1]
	at org.springframework.web.filter.DelegatingFilterProxy.invokeDelegate(DelegatingFilterProxy.java:352) ~[spring-web-6.1.3.jar:6.1.3]
	at org.springframework.web.filter.DelegatingFilterProxy.doFilter(DelegatingFilterProxy.java:268) ~[spring-web-6.1.3.jar:6.1.3]
	at org.apache.catalina.core.ApplicationFilterChain.internalDoFilter(ApplicationFilterChain.java:174) ~[tomcat-embed-core-10.1.18.jar:10.1.18]
	at org.apache.catalina.core.ApplicationFilterChain.doFilter(ApplicationFilterChain.java:149) ~[tomcat-embed-core-10.1.18.jar:10.1.18]
	at org.springframework.web.filter.RequestContextFilter.doFilterInternal(RequestContextFilter.java:100) ~[spring-web-6.1.3.jar:6.1.3]
	at org.springframework.web.filter.OncePerRequestFilter.doFilter(OncePerRequestFilter.java:116) ~[spring-web-6.1.3.jar:6.1.3]
	at org.apache.catalina.core.ApplicationFilterChain.internalDoFilter(ApplicationFilterChain.java:174) ~[tomcat-embed-core-10.1.18.jar:10.1.18]
	at org.apache.catalina.core.ApplicationFilterChain.doFilter(ApplicationFilterChain.java:149) ~[tomcat-embed-core-10.1.18.jar:10.1.18]
	at org.springframework.web.filter.FormContentFilter.doFilterInternal(FormContentFilter.java:93) ~[spring-web-6.1.3.jar:6.1.3]
	at org.springframework.web.filter.OncePerRequestFilter.doFilter(OncePerRequestFilter.java:116) ~[spring-web-6.1.3.jar:6.1.3]
	at org.apache.catalina.core.ApplicationFilterChain.internalDoFilter(ApplicationFilterChain.java:174) ~[tomcat-embed-core-10.1.18.jar:10.1.18]
	at org.apache.catalina.core.ApplicationFilterChain.doFilter(ApplicationFilterChain.java:149) ~[tomcat-embed-core-10.1.18.jar:10.1.18]
	at org.springframework.web.filter.CharacterEncodingFilter.doFilterInternal(CharacterEncodingFilter.java:201) ~[spring-web-6.1.3.jar:6.1.3]
	at org.springframework.web.filter.OncePerRequestFilter.doFilter(OncePerRequestFilter.java:116) ~[spring-web-6.1.3.jar:6.1.3]
	at org.apache.catalina.core.ApplicationFilterChain.internalDoFilter(ApplicationFilterChain.java:174) ~[tomcat-embed-core-10.1.18.jar:10.1.18]
	at org.apache.catalina.core.ApplicationFilterChain.doFilter(ApplicationFilterChain.java:149) ~[tomcat-embed-core-10.1.18.jar:10.1.18]
	at org.apache.catalina.core.StandardWrapperValve.invoke(StandardWrapperValve.java:167) ~[tomcat-embed-core-10.1.18.jar:10.1.18]
	at org.apache.catalina.core.StandardContextValve.invoke(StandardContextValve.java:90) ~[tomcat-embed-core-10.1.18.jar:10.1.18]
	at org.apache.catalina.authenticator.AuthenticatorBase.invoke(AuthenticatorBase.java:482) ~[tomcat-embed-core-10.1.18.jar:10.1.18]
	at org.apache.catalina.core.StandardHostValve.invoke(StandardHostValve.java:115) ~[tomcat-embed-core-10.1.18.jar:10.1.18]
	at org.apache.catalina.valves.ErrorReportValve.invoke(ErrorReportValve.java:93) ~[tomcat-embed-core-10.1.18.jar:10.1.18]
	at org.apache.catalina.core.StandardEngineValve.invoke(StandardEngineValve.java:74) ~[tomcat-embed-core-10.1.18.jar:10.1.18]
	at org.apache.catalina.connector.CoyoteAdapter.service(CoyoteAdapter.java:340) ~[tomcat-embed-core-10.1.18.jar:10.1.18]
	at org.apache.coyote.http11.Http11Processor.service(Http11Processor.java:391) ~[tomcat-embed-core-10.1.18.jar:10.1.18]
	at org.apache.coyote.AbstractProcessorLight.process(AbstractProcessorLight.java:63) ~[tomcat-embed-core-10.1.18.jar:10.1.18]
	at org.apache.coyote.AbstractProtocol$ConnectionHandler.process(AbstractProtocol.java:896) ~[tomcat-embed-core-10.1.18.jar:10.1.18]
	at org.apache.tomcat.util.net.NioEndpoint$SocketProcessor.doRun(NioEndpoint.java:1744) ~[tomcat-embed-core-10.1.18.jar:10.1.18]
	at org.apache.tomcat.util.net.SocketProcessorBase.run(SocketProcessorBase.java:52) ~[tomcat-embed-core-10.1.18.jar:10.1.18]
	at org.apache.tomcat.util.threads.ThreadPoolExecutor.runWorker(ThreadPoolExecutor.java:1191) ~[tomcat-embed-core-10.1.18.jar:10.1.18]
	at org.apache.tomcat.util.threads.ThreadPoolExecutor$Worker.run(ThreadPoolExecutor.java:659) ~[tomcat-embed-core-10.1.18.jar:10.1.18]
	at org.apache.tomcat.util.threads.TaskThread$WrappingRunnable.run(TaskThread.java:61) ~[tomcat-embed-core-10.1.18.jar:10.1.18]
	at java.base/java.lang.Thread.run(Thread.java:1575) ~[na:na]
Caused by: org.hibernate.exception.ConstraintViolationException: could not execute statement [Duplicate entry '4' for key 'password_reset_token.UK_f90ivichjaokvmovxpnlm5nin'] [insert into password_reset_token (expiry_date,token,user_id) values (?,?,?)]
	at org.hibernate.exception.internal.SQLExceptionTypeDelegate.convert(SQLExceptionTypeDelegate.java:62) ~[hibernate-core-6.4.1.Final.jar:6.4.1.Final]
	at org.hibernate.exception.internal.StandardSQLExceptionConverter.convert(StandardSQLExceptionConverter.java:58) ~[hibernate-core-6.4.1.Final.jar:6.4.1.Final]
	at org.hibernate.engine.jdbc.spi.SqlExceptionHelper.convert(SqlExceptionHelper.java:108) ~[hibernate-core-6.4.1.Final.jar:6.4.1.Final]
	at org.hibernate.engine.jdbc.internal.ResultSetReturnImpl.executeUpdate(ResultSetReturnImpl.java:197) ~[hibernate-core-6.4.1.Final.jar:6.4.1.Final]
	at org.hibernate.id.insert.GetGeneratedKeysDelegate.performInsert(GetGeneratedKeysDelegate.java:107) ~[hibernate-core-6.4.1.Final.jar:6.4.1.Final]
	at org.hibernate.engine.jdbc.mutation.internal.MutationExecutorPostInsertSingleTable.execute(MutationExecutorPostInsertSingleTable.java:100) ~[hibernate-core-6.4.1.Final.jar:6.4.1.Final]
	at org.hibernate.persister.entity.mutation.InsertCoordinator.doStaticInserts(InsertCoordinator.java:175) ~[hibernate-core-6.4.1.Final.jar:6.4.1.Final]
	at org.hibernate.persister.entity.mutation.InsertCoordinator.coordinateInsert(InsertCoordinator.java:113) ~[hibernate-core-6.4.1.Final.jar:6.4.1.Final]
	at org.hibernate.persister.entity.AbstractEntityPersister.insert(AbstractEntityPersister.java:2868) ~[hibernate-core-6.4.1.Final.jar:6.4.1.Final]
	at org.hibernate.action.internal.EntityIdentityInsertAction.execute(EntityIdentityInsertAction.java:81) ~[hibernate-core-6.4.1.Final.jar:6.4.1.Final]
	at org.hibernate.engine.spi.ActionQueue.execute(ActionQueue.java:670) ~[hibernate-core-6.4.1.Final.jar:6.4.1.Final]
	at org.hibernate.engine.spi.ActionQueue.addResolvedEntityInsertAction(ActionQueue.java:291) ~[hibernate-core-6.4.1.Final.jar:6.4.1.Final]
	at org.hibernate.engine.spi.ActionQueue.addInsertAction(ActionQueue.java:272) ~[hibernate-core-6.4.1.Final.jar:6.4.1.Final]
	at org.hibernate.engine.spi.ActionQueue.addAction(ActionQueue.java:322) ~[hibernate-core-6.4.1.Final.jar:6.4.1.Final]
	at org.hibernate.event.internal.AbstractSaveEventListener.addInsertAction(AbstractSaveEventListener.java:386) ~[hibernate-core-6.4.1.Final.jar:6.4.1.Final]
	at org.hibernate.event.internal.AbstractSaveEventListener.performSaveOrReplicate(AbstractSaveEventListener.java:300) ~[hibernate-core-6.4.1.Final.jar:6.4.1.Final]
	at org.hibernate.event.internal.AbstractSaveEventListener.performSave(AbstractSaveEventListener.java:219) ~[hibernate-core-6.4.1.Final.jar:6.4.1.Final]
	at org.hibernate.event.internal.AbstractSaveEventListener.saveWithGeneratedId(AbstractSaveEventListener.java:134) ~[hibernate-core-6.4.1.Final.jar:6.4.1.Final]
	at org.hibernate.event.internal.DefaultPersistEventListener.entityIsTransient(DefaultPersistEventListener.java:175) ~[hibernate-core-6.4.1.Final.jar:6.4.1.Final]
	at org.hibernate.event.internal.DefaultPersistEventListener.persist(DefaultPersistEventListener.java:93) ~[hibernate-core-6.4.1.Final.jar:6.4.1.Final]
	at org.hibernate.event.internal.DefaultPersistEventListener.onPersist(DefaultPersistEventListener.java:77) ~[hibernate-core-6.4.1.Final.jar:6.4.1.Final]
	at org.hibernate.event.internal.DefaultPersistEventListener.onPersist(DefaultPersistEventListener.java:54) ~[hibernate-core-6.4.1.Final.jar:6.4.1.Final]
	at org.hibernate.event.service.internal.EventListenerGroupImpl.fireEventOnEachListener(EventListenerGroupImpl.java:127) ~[hibernate-core-6.4.1.Final.jar:6.4.1.Final]
	at org.hibernate.internal.SessionImpl.firePersist(SessionImpl.java:774) ~[hibernate-core-6.4.1.Final.jar:6.4.1.Final]
	at org.hibernate.internal.SessionImpl.persist(SessionImpl.java:758) ~[hibernate-core-6.4.1.Final.jar:6.4.1.Final]
	at java.base/jdk.internal.reflect.DirectMethodHandleAccessor.invoke(DirectMethodHandleAccessor.java:103) ~[na:na]
	at java.base/java.lang.reflect.Method.invoke(Method.java:580) ~[na:na]
	at org.springframework.orm.jpa.ExtendedEntityManagerCreator$ExtendedEntityManagerInvocationHandler.invoke(ExtendedEntityManagerCreator.java:364) ~[spring-orm-6.1.3.jar:6.1.3]
	at jdk.proxy2/jdk.proxy2.$Proxy134.persist(Unknown Source) ~[na:na]
	at java.base/jdk.internal.reflect.DirectMethodHandleAccessor.invoke(DirectMethodHandleAccessor.java:103) ~[na:na]
	at java.base/java.lang.reflect.Method.invoke(Method.java:580) ~[na:na]
	at org.springframework.orm.jpa.SharedEntityManagerCreator$SharedEntityManagerInvocationHandler.invoke(SharedEntityManagerCreator.java:319) ~[spring-orm-6.1.3.jar:6.1.3]
	at jdk.proxy2/jdk.proxy2.$Proxy134.persist(Unknown Source) ~[na:na]
	at org.springframework.data.jpa.repository.support.SimpleJpaRepository.save(SimpleJpaRepository.java:618) ~[spring-data-jpa-3.2.2.jar:3.2.2]
	at java.base/jdk.internal.reflect.DirectMethodHandleAccessor.invoke(DirectMethodHandleAccessor.java:103) ~[na:na]
	at java.base/java.lang.reflect.Method.invoke(Method.java:580) ~[na:na]
	at org.springframework.aop.support.AopUtils.invokeJoinpointUsingReflection(AopUtils.java:351) ~[spring-aop-6.1.3.jar:6.1.3]
	at org.springframework.data.repository.core.support.RepositoryMethodInvoker$RepositoryFragmentMethodInvoker.lambda$new$0(RepositoryMethodInvoker.java:277) ~[spring-data-commons-3.2.2.jar:3.2.2]
	at org.springframework.data.repository.core.support.RepositoryMethodInvoker.doInvoke(RepositoryMethodInvoker.java:170) ~[spring-data-commons-3.2.2.jar:3.2.2]
	at org.springframework.data.repository.core.support.RepositoryMethodInvoker.invoke(RepositoryMethodInvoker.java:158) ~[spring-data-commons-3.2.2.jar:3.2.2]
	at org.springframework.data.repository.core.support.RepositoryComposition$RepositoryFragments.invoke(RepositoryComposition.java:516) ~[spring-data-commons-3.2.2.jar:3.2.2]
	at org.springframework.data.repository.core.support.RepositoryComposition.invoke(RepositoryComposition.java:285) ~[spring-data-commons-3.2.2.jar:3.2.2]
	at org.springframework.data.repository.core.support.RepositoryFactorySupport$ImplementationMethodExecutionInterceptor.invoke(RepositoryFactorySupport.java:628) ~[spring-data-commons-3.2.2.jar:3.2.2]
	at org.springframework.aop.framework.ReflectiveMethodInvocation.proceed(ReflectiveMethodInvocation.java:184) ~[spring-aop-6.1.3.jar:6.1.3]
	at org.springframework.data.repository.core.support.QueryExecutorMethodInterceptor.doInvoke(QueryExecutorMethodInterceptor.java:168) ~[spring-data-commons-3.2.2.jar:3.2.2]
	at org.springframework.data.repository.core.support.QueryExecutorMethodInterceptor.invoke(QueryExecutorMethodInterceptor.java:143) ~[spring-data-commons-3.2.2.jar:3.2.2]
	at org.springframework.aop.framework.ReflectiveMethodInvocation.proceed(ReflectiveMethodInvocation.java:184) ~[spring-aop-6.1.3.jar:6.1.3]
	at org.springframework.data.projection.DefaultMethodInvokingMethodInterceptor.invoke(DefaultMethodInvokingMethodInterceptor.java:70) ~[spring-data-commons-3.2.2.jar:3.2.2]
	at org.springframework.aop.framework.ReflectiveMethodInvocation.proceed(ReflectiveMethodInvocation.java:184) ~[spring-aop-6.1.3.jar:6.1.3]
	at org.springframework.transaction.interceptor.TransactionInterceptor$1.proceedWithInvocation(TransactionInterceptor.java:123) ~[spring-tx-6.1.3.jar:6.1.3]
	at org.springframework.transaction.interceptor.TransactionAspectSupport.invokeWithinTransaction(TransactionAspectSupport.java:385) ~[spring-tx-6.1.3.jar:6.1.3]
	at org.springframework.transaction.interceptor.TransactionInterceptor.invoke(TransactionInterceptor.java:119) ~[spring-tx-6.1.3.jar:6.1.3]
	at org.springframework.aop.framework.ReflectiveMethodInvocation.proceed(ReflectiveMethodInvocation.java:184) ~[spring-aop-6.1.3.jar:6.1.3]
	at org.springframework.dao.support.PersistenceExceptionTranslationInterceptor.invoke(PersistenceExceptionTranslationInterceptor.java:137) ~[spring-tx-6.1.3.jar:6.1.3]
	... 123 common frames omitted
Caused by: java.sql.SQLIntegrityConstraintViolationException: Duplicate entry '4' for key 'password_reset_token.UK_f90ivichjaokvmovxpnlm5nin'
	at com.mysql.cj.jdbc.exceptions.SQLError.createSQLException(SQLError.java:118) ~[mysql-connector-j-8.3.0.jar:8.3.0]
	at com.mysql.cj.jdbc.exceptions.SQLExceptionsMapping.translateException(SQLExceptionsMapping.java:122) ~[mysql-connector-j-8.3.0.jar:8.3.0]
	at com.mysql.cj.jdbc.ClientPreparedStatement.executeInternal(ClientPreparedStatement.java:912) ~[mysql-connector-j-8.3.0.jar:8.3.0]
	at com.mysql.cj.jdbc.ClientPreparedStatement.executeUpdateInternal(ClientPreparedStatement.java:1054) ~[mysql-connector-j-8.3.0.jar:8.3.0]
	at com.mysql.cj.jdbc.ClientPreparedStatement.executeUpdateInternal(ClientPreparedStatement.java:1003) ~[mysql-connector-j-8.3.0.jar:8.3.0]
	at com.mysql.cj.jdbc.ClientPreparedStatement.executeLargeUpdate(ClientPreparedStatement.java:1312) ~[mysql-connector-j-8.3.0.jar:8.3.0]
	at com.mysql.cj.jdbc.ClientPreparedStatement.executeUpdate(ClientPreparedStatement.java:988) ~[mysql-connector-j-8.3.0.jar:8.3.0]
	at com.zaxxer.hikari.pool.ProxyPreparedStatement.executeUpdate(ProxyPreparedStatement.java:61) ~[HikariCP-5.0.1.jar:na]
	at com.zaxxer.hikari.pool.HikariProxyPreparedStatement.executeUpdate(HikariProxyPreparedStatement.java) ~[HikariCP-5.0.1.jar:na]
	at org.hibernate.engine.jdbc.internal.ResultSetReturnImpl.executeUpdate(ResultSetReturnImpl.java:194) ~[hibernate-core-6.4.1.Final.jar:6.4.1.Final]
	... 173 common frames omitted

2026-03-11T07:36:13.690+05:30  INFO 18696 --- [backend] [main] com.tsarit.backend.BackendApplication    : Starting BackendApplication using Java 23.0.1 with PID 18696 (D:\Desktop\NewWebsite\New Web\Backend\target\classes started by Nikhil Nawale in D:\Desktop\NewWebsite\New Web\Backend)
2026-03-11T07:36:13.707+05:30 DEBUG 18696 --- [backend] [main] com.tsarit.backend.BackendApplication    : Running with Spring Boot v3.2.2, Spring v6.1.3
2026-03-11T07:36:13.708+05:30  INFO 18696 --- [backend] [main] com.tsarit.backend.BackendApplication    : No active profile set, falling back to 1 default profile: "default"
2026-03-11T07:36:15.424+05:30  INFO 18696 --- [backend] [main] .s.d.r.c.RepositoryConfigurationDelegate : Bootstrapping Spring Data JPA repositories in DEFAULT mode.
2026-03-11T07:36:15.515+05:30  INFO 18696 --- [backend] [main] .s.d.r.c.RepositoryConfigurationDelegate : Finished Spring Data repository scanning in 84 ms. Found 15 JPA repository interfaces.
2026-03-11T07:36:16.251+05:30  INFO 18696 --- [backend] [main] o.s.b.w.embedded.tomcat.TomcatWebServer  : Tomcat initialized with port 8081 (http)
2026-03-11T07:36:16.272+05:30  INFO 18696 --- [backend] [main] o.apache.catalina.core.StandardService   : Starting service [Tomcat]
2026-03-11T07:36:16.272+05:30  INFO 18696 --- [backend] [main] o.apache.catalina.core.StandardEngine    : Starting Servlet engine: [Apache Tomcat/10.1.18]
2026-03-11T07:36:16.352+05:30  INFO 18696 --- [backend] [main] o.a.c.c.C.[Tomcat].[localhost].[/]       : Initializing Spring embedded WebApplicationContext
2026-03-11T07:36:16.353+05:30  INFO 18696 --- [backend] [main] w.s.c.ServletWebServerApplicationContext : Root WebApplicationContext: initialization completed in 2590 ms
2026-03-11T07:36:16.522+05:30  INFO 18696 --- [backend] [main] o.hibernate.jpa.internal.util.LogHelper  : HHH000204: Processing PersistenceUnitInfo [name: default]
2026-03-11T07:36:16.621+05:30  INFO 18696 --- [backend] [main] org.hibernate.Version                    : HHH000412: Hibernate ORM core version 6.4.1.Final
2026-03-11T07:36:16.665+05:30  INFO 18696 --- [backend] [main] o.h.c.internal.RegionFactoryInitiator    : HHH000026: Second-level cache disabled
2026-03-11T07:36:16.999+05:30  INFO 18696 --- [backend] [main] o.s.o.j.p.SpringPersistenceUnitInfo      : No LoadTimeWeaver setup: ignoring JPA class transformer
2026-03-11T07:36:17.042+05:30  INFO 18696 --- [backend] [main] com.zaxxer.hikari.HikariDataSource       : HikariPool-1 - Starting...
2026-03-11T07:36:17.429+05:30  INFO 18696 --- [backend] [main] com.zaxxer.hikari.pool.HikariPool        : HikariPool-1 - Added connection com.mysql.cj.jdbc.ConnectionImpl@43755e2f
2026-03-11T07:36:17.431+05:30  INFO 18696 --- [backend] [main] com.zaxxer.hikari.HikariDataSource       : HikariPool-1 - Start completed.
2026-03-11T07:36:18.733+05:30  INFO 18696 --- [backend] [main] o.h.e.t.j.p.i.JtaPlatformInitiator       : HHH000489: No JTA platform available (set 'hibernate.transaction.jta.platform' to enable JTA platform integration)
2026-03-11T07:36:18.873+05:30  INFO 18696 --- [backend] [main] j.LocalContainerEntityManagerFactoryBean : Initialized JPA EntityManagerFactory for persistence unit 'default'
2026-03-11T07:36:19.220+05:30 DEBUG 18696 --- [backend] [main] c.t.backend.security.AuthTokenFilter     : Filter 'authTokenFilter' configured for use
2026-03-11T07:36:19.291+05:30  INFO 18696 --- [backend] [main] o.s.d.j.r.query.QueryEnhancerFactory     : Hibernate is in classpath; If applicable, HQL parser will be used.
2026-03-11T07:36:19.869+05:30 DEBUG 18696 --- [backend] [main] org.hibernate.SQL                        : select count(*) from courses c1_0
2026-03-11T07:36:20.369+05:30  WARN 18696 --- [backend] [main] JpaBaseConfiguration$JpaWebConfiguration : spring.jpa.open-in-view is enabled by default. Therefore, database queries may be performed during view rendering. Explicitly configure spring.jpa.open-in-view to disable this warning
2026-03-11T07:36:20.629+05:30  INFO 18696 --- [backend] [main] o.s.s.web.DefaultSecurityFilterChain     : Will secure any request with [org.springframework.security.web.session.DisableEncodeUrlFilter@46c85b61, org.springframework.security.web.context.request.async.WebAsyncManagerIntegrationFilter@192800d, org.springframework.security.web.context.SecurityContextHolderFilter@2ef99072, org.springframework.security.web.header.HeaderWriterFilter@60c3f653, org.springframework.web.filter.CorsFilter@52f9a620, org.springframework.security.web.authentication.logout.LogoutFilter@5ce1b67b, com.tsarit.backend.security.AuthTokenFilter@657e7e8, org.springframework.security.web.savedrequest.RequestCacheAwareFilter@4c006046, org.springframework.security.web.servletapi.SecurityContextHolderAwareRequestFilter@4fad5e7, org.springframework.security.web.authentication.AnonymousAuthenticationFilter@6d575cd8, org.springframework.security.web.session.SessionManagementFilter@8508dae, org.springframework.security.web.access.ExceptionTranslationFilter@5af535ff, org.springframework.security.web.access.intercept.AuthorizationFilter@370c9681]
2026-03-11T07:36:20.946+05:30  INFO 18696 --- [backend] [main] o.s.b.w.embedded.tomcat.TomcatWebServer  : Tomcat started on port 8081 (http) with context path ''
2026-03-11T07:36:20.955+05:30  INFO 18696 --- [backend] [main] com.tsarit.backend.BackendApplication    : Started BackendApplication in 7.685 seconds (process running for 9.28)
2026-03-11T07:36:20.962+05:30  INFO 18696 --- [backend] [main] com.tsarit.backend.BackendApplication    : Attempting to update database schema for Testimonials...
2026-03-11T07:36:20.995+05:30  INFO 18696 --- [backend] [main] com.tsarit.backend.BackendApplication    : Schema updated successfully: Testimonial columns resized to TEXT.
2026-03-11T07:36:20.995+05:30  INFO 18696 --- [backend] [main] com.tsarit.backend.BackendApplication    : Attempting to update database schema for Webinars...
2026-03-11T07:36:21.020+05:30  INFO 18696 --- [backend] [main] com.tsarit.backend.BackendApplication    : Schema updated successfully: Webinar columns resized to TEXT.
2026-03-11T07:36:21.020+05:30  INFO 18696 --- [backend] [main] com.tsarit.backend.BackendApplication    : Attempting to update database schema for Hackathons...
2026-03-11T07:36:21.031+05:30  INFO 18696 --- [backend] [main] com.tsarit.backend.BackendApplication    : Schema updated successfully: Hackathon columns resized to TEXT.
2026-03-11T07:36:21.093+05:30 DEBUG 18696 --- [backend] [main] org.hibernate.SQL                        : select c1_0.id,c1_0.bg_color,c1_0.border_color,c1_0.color,c1_0.description,c1_0.discount,c1_0.domain,c1_0.duration,c1_0.gradient,c1_0.icon_name,c1_0.level,c1_0.live_link,c1_0.name,c1_0.shadow,c1_0.slug,c1_0.total_fee from courses c1_0 where c1_0.name=?
2026-03-11T07:36:21.137+05:30 DEBUG 18696 --- [backend] [main] org.hibernate.SQL                        : select c1_0.id,c1_0.bg_color,c1_0.border_color,c1_0.color,c1_0.description,c1_0.discount,c1_0.domain,c1_0.duration,c1_0.gradient,c1_0.icon_name,c1_0.level,c1_0.live_link,c1_0.name,c1_0.shadow,c1_0.slug,c1_0.total_fee,s1_0.course_id,s1_0.id,s1_0.title from courses c1_0 left join sections s1_0 on c1_0.id=s1_0.course_id where c1_0.id=?
2026-03-11T07:36:21.145+05:30 DEBUG 18696 --- [backend] [main] org.hibernate.SQL                        : select v1_0.section_id,v1_0.id,v1_0.duration,v1_0.title,v1_0.type,v1_0.url from videos v1_0 where v1_0.section_id=?
2026-03-11T07:36:21.148+05:30 DEBUG 18696 --- [backend] [main] org.hibernate.SQL                        : select q1_0.section_id,q1_0.id,q1_0.description,q1_0.title from quizzes q1_0 where q1_0.section_id=?
2026-03-11T07:36:21.150+05:30 DEBUG 18696 --- [backend] [main] org.hibernate.SQL                        : select v1_0.section_id,v1_0.id,v1_0.duration,v1_0.title,v1_0.type,v1_0.url from videos v1_0 where v1_0.section_id=?
2026-03-11T07:36:21.154+05:30 DEBUG 18696 --- [backend] [main] org.hibernate.SQL                        : select q1_0.section_id,q1_0.id,q1_0.description,q1_0.title from quizzes q1_0 where q1_0.section_id=?
2026-03-11T07:36:21.156+05:30 DEBUG 18696 --- [backend] [main] org.hibernate.SQL                        : select v1_0.section_id,v1_0.id,v1_0.duration,v1_0.title,v1_0.type,v1_0.url from videos v1_0 where v1_0.section_id=?
2026-03-11T07:36:21.158+05:30 DEBUG 18696 --- [backend] [main] org.hibernate.SQL                        : select q1_0.section_id,q1_0.id,q1_0.description,q1_0.title from quizzes q1_0 where q1_0.section_id=?
2026-03-11T07:36:21.176+05:30 DEBUG 18696 --- [backend] [main] org.hibernate.SQL                        : select c1_0.id,c1_0.bg_color,c1_0.border_color,c1_0.color,c1_0.description,c1_0.discount,c1_0.domain,c1_0.duration,c1_0.gradient,c1_0.icon_name,c1_0.level,c1_0.live_link,c1_0.name,c1_0.shadow,c1_0.slug,c1_0.total_fee from courses c1_0 where c1_0.name=?
2026-03-11T07:36:21.179+05:30 DEBUG 18696 --- [backend] [main] org.hibernate.SQL                        : select c1_0.id,c1_0.bg_color,c1_0.border_color,c1_0.color,c1_0.description,c1_0.discount,c1_0.domain,c1_0.duration,c1_0.gradient,c1_0.icon_name,c1_0.level,c1_0.live_link,c1_0.name,c1_0.shadow,c1_0.slug,c1_0.total_fee,s1_0.course_id,s1_0.id,s1_0.title from courses c1_0 left join sections s1_0 on c1_0.id=s1_0.course_id where c1_0.id=?
2026-03-11T07:36:21.183+05:30 DEBUG 18696 --- [backend] [main] org.hibernate.SQL                        : select c1_0.id,c1_0.bg_color,c1_0.border_color,c1_0.color,c1_0.description,c1_0.discount,c1_0.domain,c1_0.duration,c1_0.gradient,c1_0.icon_name,c1_0.level,c1_0.live_link,c1_0.name,c1_0.shadow,c1_0.slug,c1_0.total_fee from courses c1_0 where c1_0.name=?
2026-03-11T07:36:21.191+05:30 DEBUG 18696 --- [backend] [main] org.hibernate.SQL                        : select c1_0.id,c1_0.bg_color,c1_0.border_color,c1_0.color,c1_0.description,c1_0.discount,c1_0.domain,c1_0.duration,c1_0.gradient,c1_0.icon_name,c1_0.level,c1_0.live_link,c1_0.name,c1_0.shadow,c1_0.slug,c1_0.total_fee,s1_0.course_id,s1_0.id,s1_0.title from courses c1_0 left join sections s1_0 on c1_0.id=s1_0.course_id where c1_0.id=?
2026-03-11T07:36:21.196+05:30 DEBUG 18696 --- [backend] [main] org.hibernate.SQL                        : select c1_0.id,c1_0.bg_color,c1_0.border_color,c1_0.color,c1_0.description,c1_0.discount,c1_0.domain,c1_0.duration,c1_0.gradient,c1_0.icon_name,c1_0.level,c1_0.live_link,c1_0.name,c1_0.shadow,c1_0.slug,c1_0.total_fee from courses c1_0 where c1_0.name=?
2026-03-11T07:36:21.199+05:30 DEBUG 18696 --- [backend] [main] org.hibernate.SQL                        : select c1_0.id,c1_0.bg_color,c1_0.border_color,c1_0.color,c1_0.description,c1_0.discount,c1_0.domain,c1_0.duration,c1_0.gradient,c1_0.icon_name,c1_0.level,c1_0.live_link,c1_0.name,c1_0.shadow,c1_0.slug,c1_0.total_fee,s1_0.course_id,s1_0.id,s1_0.title from courses c1_0 left join sections s1_0 on c1_0.id=s1_0.course_id where c1_0.id=?
2026-03-11T07:36:21.203+05:30 DEBUG 18696 --- [backend] [main] org.hibernate.SQL                        : select c1_0.id,c1_0.bg_color,c1_0.border_color,c1_0.color,c1_0.description,c1_0.discount,c1_0.domain,c1_0.duration,c1_0.gradient,c1_0.icon_name,c1_0.level,c1_0.live_link,c1_0.name,c1_0.shadow,c1_0.slug,c1_0.total_fee from courses c1_0 where c1_0.name=?
2026-03-11T07:36:21.206+05:30 DEBUG 18696 --- [backend] [main] org.hibernate.SQL                        : select c1_0.id,c1_0.bg_color,c1_0.border_color,c1_0.color,c1_0.description,c1_0.discount,c1_0.domain,c1_0.duration,c1_0.gradient,c1_0.icon_name,c1_0.level,c1_0.live_link,c1_0.name,c1_0.shadow,c1_0.slug,c1_0.total_fee,s1_0.course_id,s1_0.id,s1_0.title from courses c1_0 left join sections s1_0 on c1_0.id=s1_0.course_id where c1_0.id=?
2026-03-11T07:36:21.211+05:30 DEBUG 18696 --- [backend] [main] org.hibernate.SQL                        : select c1_0.id,c1_0.bg_color,c1_0.border_color,c1_0.color,c1_0.description,c1_0.discount,c1_0.domain,c1_0.duration,c1_0.gradient,c1_0.icon_name,c1_0.level,c1_0.live_link,c1_0.name,c1_0.shadow,c1_0.slug,c1_0.total_fee from courses c1_0 where c1_0.name=?
2026-03-11T07:36:21.215+05:30 DEBUG 18696 --- [backend] [main] org.hibernate.SQL                        : select c1_0.id,c1_0.bg_color,c1_0.border_color,c1_0.color,c1_0.description,c1_0.discount,c1_0.domain,c1_0.duration,c1_0.gradient,c1_0.icon_name,c1_0.level,c1_0.live_link,c1_0.name,c1_0.shadow,c1_0.slug,c1_0.total_fee,s1_0.course_id,s1_0.id,s1_0.title from courses c1_0 left join sections s1_0 on c1_0.id=s1_0.course_id where c1_0.id=?
2026-03-11T07:36:21.220+05:30 DEBUG 18696 --- [backend] [main] org.hibernate.SQL                        : select c1_0.id,c1_0.bg_color,c1_0.border_color,c1_0.color,c1_0.description,c1_0.discount,c1_0.domain,c1_0.duration,c1_0.gradient,c1_0.icon_name,c1_0.level,c1_0.live_link,c1_0.name,c1_0.shadow,c1_0.slug,c1_0.total_fee from courses c1_0 where c1_0.name=?
2026-03-11T07:36:21.223+05:30 DEBUG 18696 --- [backend] [main] org.hibernate.SQL                        : select c1_0.id,c1_0.bg_color,c1_0.border_color,c1_0.color,c1_0.description,c1_0.discount,c1_0.domain,c1_0.duration,c1_0.gradient,c1_0.icon_name,c1_0.level,c1_0.live_link,c1_0.name,c1_0.shadow,c1_0.slug,c1_0.total_fee,s1_0.course_id,s1_0.id,s1_0.title from courses c1_0 left join sections s1_0 on c1_0.id=s1_0.course_id where c1_0.id=?
2026-03-11T07:36:21.228+05:30 DEBUG 18696 --- [backend] [main] org.hibernate.SQL                        : select c1_0.id,c1_0.bg_color,c1_0.border_color,c1_0.color,c1_0.description,c1_0.discount,c1_0.domain,c1_0.duration,c1_0.gradient,c1_0.icon_name,c1_0.level,c1_0.live_link,c1_0.name,c1_0.shadow,c1_0.slug,c1_0.total_fee from courses c1_0 where c1_0.name=?
2026-03-11T07:36:21.232+05:30 DEBUG 18696 --- [backend] [main] org.hibernate.SQL                        : select c1_0.id,c1_0.bg_color,c1_0.border_color,c1_0.color,c1_0.description,c1_0.discount,c1_0.domain,c1_0.duration,c1_0.gradient,c1_0.icon_name,c1_0.level,c1_0.live_link,c1_0.name,c1_0.shadow,c1_0.slug,c1_0.total_fee,s1_0.course_id,s1_0.id,s1_0.title from courses c1_0 left join sections s1_0 on c1_0.id=s1_0.course_id where c1_0.id=?
2026-03-11T07:36:21.235+05:30 DEBUG 18696 --- [backend] [main] org.hibernate.SQL                        : select c1_0.id,c1_0.bg_color,c1_0.border_color,c1_0.color,c1_0.description,c1_0.discount,c1_0.domain,c1_0.duration,c1_0.gradient,c1_0.icon_name,c1_0.level,c1_0.live_link,c1_0.name,c1_0.shadow,c1_0.slug,c1_0.total_fee from courses c1_0 where c1_0.name=?
2026-03-11T07:36:21.239+05:30 DEBUG 18696 --- [backend] [main] org.hibernate.SQL                        : select c1_0.id,c1_0.bg_color,c1_0.border_color,c1_0.color,c1_0.description,c1_0.discount,c1_0.domain,c1_0.duration,c1_0.gradient,c1_0.icon_name,c1_0.level,c1_0.live_link,c1_0.name,c1_0.shadow,c1_0.slug,c1_0.total_fee,s1_0.course_id,s1_0.id,s1_0.title from courses c1_0 left join sections s1_0 on c1_0.id=s1_0.course_id where c1_0.id=?
2026-03-11T07:36:21.245+05:30 DEBUG 18696 --- [backend] [main] org.hibernate.SQL                        : select u1_0.id,u1_0.certificate_date,u1_0.certificate_issued,u1_0.course,u1_0.discount,u1_0.email,u1_0.password,u1_0.phone,u1_0.profile_picture,u1_0.role,u1_0.total_fee,u1_0.username from users u1_0 where u1_0.email=? limit ?
2026-03-11T07:36:21.249+05:30 DEBUG 18696 --- [backend] [main] org.hibernate.SQL                        : select u1_0.id,u1_0.certificate_date,u1_0.certificate_issued,u1_0.course,u1_0.discount,u1_0.email,u1_0.password,u1_0.phone,u1_0.profile_picture,u1_0.role,u1_0.total_fee,u1_0.username from users u1_0 where u1_0.email=? limit ?
2026-03-11T07:36:21.320+05:30 DEBUG 18696 --- [backend] [main] org.hibernate.SQL                        : select u1_0.id,u1_0.certificate_date,u1_0.certificate_issued,u1_0.course,u1_0.discount,u1_0.email,u1_0.password,u1_0.phone,u1_0.profile_picture,u1_0.role,u1_0.total_fee,u1_0.username from users u1_0 where u1_0.id=?
2026-03-11T07:36:21.362+05:30 DEBUG 18696 --- [backend] [main] org.hibernate.SQL                        : update users set certificate_date=?,certificate_issued=?,course=?,discount=?,email=?,password=?,phone=?,profile_picture=?,role=?,total_fee=?,username=? where id=?
2026-03-11T07:36:21.371+05:30 DEBUG 18696 --- [backend] [main] org.hibernate.SQL                        : select u1_0.id,u1_0.certificate_date,u1_0.certificate_issued,u1_0.course,u1_0.discount,u1_0.email,u1_0.password,u1_0.phone,u1_0.profile_picture,u1_0.role,u1_0.total_fee,u1_0.username from users u1_0 where u1_0.email=? limit ?
2026-03-11T07:36:30.402+05:30  INFO 18696 --- [backend] [http-nio-8081-exec-1] o.a.c.c.C.[Tomcat].[localhost].[/]       : Initializing Spring DispatcherServlet 'dispatcherServlet'
2026-03-11T07:36:30.402+05:30  INFO 18696 --- [backend] [http-nio-8081-exec-1] o.s.web.servlet.DispatcherServlet        : Initializing Servlet 'dispatcherServlet'
2026-03-11T07:36:30.405+05:30  INFO 18696 --- [backend] [http-nio-8081-exec-1] o.s.web.servlet.DispatcherServlet        : Completed initialization in 3 ms
2026-03-11T07:36:30.615+05:30  INFO 18696 --- [backend] [http-nio-8081-exec-3] c.t.b.service.PasswordResetService       : Forgot password request for email: nnikhiln2002@gmail.com
2026-03-11T07:36:30.615+05:30 DEBUG 18696 --- [backend] [http-nio-8081-exec-3] org.hibernate.SQL                        : select u1_0.id,u1_0.certificate_date,u1_0.certificate_issued,u1_0.course,u1_0.discount,u1_0.email,u1_0.password,u1_0.phone,u1_0.profile_picture,u1_0.role,u1_0.total_fee,u1_0.username from users u1_0 where u1_0.email=? limit ?
2026-03-11T07:36:30.618+05:30  INFO 18696 --- [backend] [http-nio-8081-exec-3] c.t.b.service.PasswordResetService       : User found: ID=4, Username=Nikhil Babaji Nawale
2026-03-11T07:36:30.634+05:30 DEBUG 18696 --- [backend] [http-nio-8081-exec-3] org.hibernate.SQL                        : select prt1_0.id,prt1_0.expiry_date,prt1_0.token,prt1_0.user_id from password_reset_token prt1_0 where prt1_0.user_id=?
2026-03-11T07:36:30.642+05:30  INFO 18696 --- [backend] [http-nio-8081-exec-3] c.t.b.service.PasswordResetService       : Generated OTP for user nnikhiln2002@gmail.com: 332456
2026-03-11T07:36:30.654+05:30 DEBUG 18696 --- [backend] [http-nio-8081-exec-3] org.hibernate.SQL                        : insert into password_reset_token (expiry_date,token,user_id) values (?,?,?)
2026-03-11T07:36:35.055+05:30 ERROR 18696 --- [backend] [http-nio-8081-exec-3] c.t.b.service.PasswordResetService       : Failed to send OTP email to nnikhiln2002@gmail.com: Authentication failed
2026-03-11T07:51:33.659+05:30  INFO 12812 --- [backend] [main] com.tsarit.backend.BackendApplication    : Starting BackendApplication using Java 23.0.1 with PID 12812 (D:\Desktop\NewWebsite\New Web\Backend\target\classes started by Nikhil Nawale in D:\Desktop\NewWebsite\New Web\Backend)
2026-03-11T07:51:33.660+05:30 DEBUG 12812 --- [backend] [main] com.tsarit.backend.BackendApplication    : Running with Spring Boot v3.2.2, Spring v6.1.3
2026-03-11T07:51:33.660+05:30  INFO 12812 --- [backend] [main] com.tsarit.backend.BackendApplication    : No active profile set, falling back to 1 default profile: "default"
2026-03-11T07:51:34.616+05:30  INFO 12812 --- [backend] [main] .s.d.r.c.RepositoryConfigurationDelegate : Bootstrapping Spring Data JPA repositories in DEFAULT mode.
2026-03-11T07:51:34.714+05:30  INFO 12812 --- [backend] [main] .s.d.r.c.RepositoryConfigurationDelegate : Finished Spring Data repository scanning in 89 ms. Found 15 JPA repository interfaces.
2026-03-11T07:51:35.534+05:30  INFO 12812 --- [backend] [main] o.s.b.w.embedded.tomcat.TomcatWebServer  : Tomcat initialized with port 8081 (http)
2026-03-11T07:51:35.550+05:30  INFO 12812 --- [backend] [main] o.apache.catalina.core.StandardService   : Starting service [Tomcat]
2026-03-11T07:51:35.551+05:30  INFO 12812 --- [backend] [main] o.apache.catalina.core.StandardEngine    : Starting Servlet engine: [Apache Tomcat/10.1.18]
2026-03-11T07:51:35.618+05:30  INFO 12812 --- [backend] [main] o.a.c.c.C.[Tomcat].[localhost].[/]       : Initializing Spring embedded WebApplicationContext
2026-03-11T07:51:35.618+05:30  INFO 12812 --- [backend] [main] w.s.c.ServletWebServerApplicationContext : Root WebApplicationContext: initialization completed in 1890 ms
2026-03-11T07:51:35.797+05:30  INFO 12812 --- [backend] [main] o.hibernate.jpa.internal.util.LogHelper  : HHH000204: Processing PersistenceUnitInfo [name: default]
2026-03-11T07:51:35.866+05:30  INFO 12812 --- [backend] [main] org.hibernate.Version                    : HHH000412: Hibernate ORM core version 6.4.1.Final
2026-03-11T07:51:35.926+05:30  INFO 12812 --- [backend] [main] o.h.c.internal.RegionFactoryInitiator    : HHH000026: Second-level cache disabled
2026-03-11T07:51:36.205+05:30  INFO 12812 --- [backend] [main] o.s.o.j.p.SpringPersistenceUnitInfo      : No LoadTimeWeaver setup: ignoring JPA class transformer
2026-03-11T07:51:36.247+05:30  INFO 12812 --- [backend] [main] com.zaxxer.hikari.HikariDataSource       : HikariPool-1 - Starting...
2026-03-11T07:51:36.568+05:30  INFO 12812 --- [backend] [main] com.zaxxer.hikari.pool.HikariPool        : HikariPool-1 - Added connection com.mysql.cj.jdbc.ConnectionImpl@1e29a81a
2026-03-11T07:51:36.572+05:30  INFO 12812 --- [backend] [main] com.zaxxer.hikari.HikariDataSource       : HikariPool-1 - Start completed.
2026-03-11T07:51:37.886+05:30  INFO 12812 --- [backend] [main] o.h.e.t.j.p.i.JtaPlatformInitiator       : HHH000489: No JTA platform available (set 'hibernate.transaction.jta.platform' to enable JTA platform integration)
2026-03-11T07:51:38.085+05:30  INFO 12812 --- [backend] [main] j.LocalContainerEntityManagerFactoryBean : Initialized JPA EntityManagerFactory for persistence unit 'default'
2026-03-11T07:51:38.449+05:30 DEBUG 12812 --- [backend] [main] c.t.backend.security.AuthTokenFilter     : Filter 'authTokenFilter' configured for use
2026-03-11T07:51:38.535+05:30  INFO 12812 --- [backend] [main] o.s.d.j.r.query.QueryEnhancerFactory     : Hibernate is in classpath; If applicable, HQL parser will be used.
2026-03-11T07:51:39.135+05:30 DEBUG 12812 --- [backend] [main] org.hibernate.SQL                        : select count(*) from courses c1_0
2026-03-11T07:51:39.559+05:30  WARN 12812 --- [backend] [main] JpaBaseConfiguration$JpaWebConfiguration : spring.jpa.open-in-view is enabled by default. Therefore, database queries may be performed during view rendering. Explicitly configure spring.jpa.open-in-view to disable this warning
2026-03-11T07:51:39.835+05:30  INFO 12812 --- [backend] [main] o.s.s.web.DefaultSecurityFilterChain     : Will secure any request with [org.springframework.security.web.session.DisableEncodeUrlFilter@cc655a, org.springframework.security.web.context.request.async.WebAsyncManagerIntegrationFilter@67dc7d0, org.springframework.security.web.context.SecurityContextHolderFilter@639ad5d9, org.springframework.security.web.header.HeaderWriterFilter@5b12157b, org.springframework.web.filter.CorsFilter@46b2e0e4, org.springframework.security.web.authentication.logout.LogoutFilter@218289de, com.tsarit.backend.security.AuthTokenFilter@5620470a, org.springframework.security.web.savedrequest.RequestCacheAwareFilter@5cc5d766, org.springframework.security.web.servletapi.SecurityContextHolderAwareRequestFilter@66a0fae1, org.springframework.security.web.authentication.AnonymousAuthenticationFilter@574ffd63, org.springframework.security.web.session.SessionManagementFilter@7075ef91, org.springframework.security.web.access.ExceptionTranslationFilter@4cda8d3b, org.springframework.security.web.access.intercept.AuthorizationFilter@d89b0d3]
2026-03-11T07:51:40.137+05:30  INFO 12812 --- [backend] [main] o.s.b.w.embedded.tomcat.TomcatWebServer  : Tomcat started on port 8081 (http) with context path ''
2026-03-11T07:51:40.151+05:30  INFO 12812 --- [backend] [main] com.tsarit.backend.BackendApplication    : Started BackendApplication in 7.011 seconds (process running for 7.49)
2026-03-11T07:51:40.158+05:30  INFO 12812 --- [backend] [main] com.tsarit.backend.BackendApplication    : Attempting to update database schema for Testimonials...
2026-03-11T07:51:40.215+05:30  INFO 12812 --- [backend] [main] com.tsarit.backend.BackendApplication    : Schema updated successfully: Testimonial columns resized to TEXT.
2026-03-11T07:51:40.215+05:30  INFO 12812 --- [backend] [main] com.tsarit.backend.BackendApplication    : Attempting to update database schema for Webinars...
2026-03-11T07:51:40.328+05:30  INFO 12812 --- [backend] [main] com.tsarit.backend.BackendApplication    : Schema updated successfully: Webinar columns resized to TEXT.
2026-03-11T07:51:40.328+05:30  INFO 12812 --- [backend] [main] com.tsarit.backend.BackendApplication    : Attempting to update database schema for Hackathons...
2026-03-11T07:51:40.342+05:30  INFO 12812 --- [backend] [main] com.tsarit.backend.BackendApplication    : Schema updated successfully: Hackathon columns resized to TEXT.
2026-03-11T07:51:40.420+05:30 DEBUG 12812 --- [backend] [main] org.hibernate.SQL                        : select c1_0.id,c1_0.bg_color,c1_0.border_color,c1_0.color,c1_0.description,c1_0.discount,c1_0.domain,c1_0.duration,c1_0.gradient,c1_0.icon_name,c1_0.level,c1_0.live_link,c1_0.name,c1_0.shadow,c1_0.slug,c1_0.total_fee from courses c1_0 where c1_0.name=?
2026-03-11T07:51:40.451+05:30 DEBUG 12812 --- [backend] [main] org.hibernate.SQL                        : select c1_0.id,c1_0.bg_color,c1_0.border_color,c1_0.color,c1_0.description,c1_0.discount,c1_0.domain,c1_0.duration,c1_0.gradient,c1_0.icon_name,c1_0.level,c1_0.live_link,c1_0.name,c1_0.shadow,c1_0.slug,c1_0.total_fee,s1_0.course_id,s1_0.id,s1_0.title from courses c1_0 left join sections s1_0 on c1_0.id=s1_0.course_id where c1_0.id=?
2026-03-11T07:51:40.458+05:30 DEBUG 12812 --- [backend] [main] org.hibernate.SQL                        : select v1_0.section_id,v1_0.id,v1_0.duration,v1_0.title,v1_0.type,v1_0.url from videos v1_0 where v1_0.section_id=?
2026-03-11T07:51:40.460+05:30 DEBUG 12812 --- [backend] [main] org.hibernate.SQL                        : select q1_0.section_id,q1_0.id,q1_0.description,q1_0.title from quizzes q1_0 where q1_0.section_id=?
2026-03-11T07:51:40.462+05:30 DEBUG 12812 --- [backend] [main] org.hibernate.SQL                        : select v1_0.section_id,v1_0.id,v1_0.duration,v1_0.title,v1_0.type,v1_0.url from videos v1_0 where v1_0.section_id=?
2026-03-11T07:51:40.464+05:30 DEBUG 12812 --- [backend] [main] org.hibernate.SQL                        : select q1_0.section_id,q1_0.id,q1_0.description,q1_0.title from quizzes q1_0 where q1_0.section_id=?
2026-03-11T07:51:40.467+05:30 DEBUG 12812 --- [backend] [main] org.hibernate.SQL                        : select v1_0.section_id,v1_0.id,v1_0.duration,v1_0.title,v1_0.type,v1_0.url from videos v1_0 where v1_0.section_id=?
2026-03-11T07:51:40.469+05:30 DEBUG 12812 --- [backend] [main] org.hibernate.SQL                        : select q1_0.section_id,q1_0.id,q1_0.description,q1_0.title from quizzes q1_0 where q1_0.section_id=?
2026-03-11T07:51:40.484+05:30 DEBUG 12812 --- [backend] [main] org.hibernate.SQL                        : select c1_0.id,c1_0.bg_color,c1_0.border_color,c1_0.color,c1_0.description,c1_0.discount,c1_0.domain,c1_0.duration,c1_0.gradient,c1_0.icon_name,c1_0.level,c1_0.live_link,c1_0.name,c1_0.shadow,c1_0.slug,c1_0.total_fee from courses c1_0 where c1_0.name=?
2026-03-11T07:51:40.487+05:30 DEBUG 12812 --- [backend] [main] org.hibernate.SQL                        : select c1_0.id,c1_0.bg_color,c1_0.border_color,c1_0.color,c1_0.description,c1_0.discount,c1_0.domain,c1_0.duration,c1_0.gradient,c1_0.icon_name,c1_0.level,c1_0.live_link,c1_0.name,c1_0.shadow,c1_0.slug,c1_0.total_fee,s1_0.course_id,s1_0.id,s1_0.title from courses c1_0 left join sections s1_0 on c1_0.id=s1_0.course_id where c1_0.id=?
2026-03-11T07:51:40.494+05:30 DEBUG 12812 --- [backend] [main] org.hibernate.SQL                        : select c1_0.id,c1_0.bg_color,c1_0.border_color,c1_0.color,c1_0.description,c1_0.discount,c1_0.domain,c1_0.duration,c1_0.gradient,c1_0.icon_name,c1_0.level,c1_0.live_link,c1_0.name,c1_0.shadow,c1_0.slug,c1_0.total_fee from courses c1_0 where c1_0.name=?
2026-03-11T07:51:40.496+05:30 DEBUG 12812 --- [backend] [main] org.hibernate.SQL                        : select c1_0.id,c1_0.bg_color,c1_0.border_color,c1_0.color,c1_0.description,c1_0.discount,c1_0.domain,c1_0.duration,c1_0.gradient,c1_0.icon_name,c1_0.level,c1_0.live_link,c1_0.name,c1_0.shadow,c1_0.slug,c1_0.total_fee,s1_0.course_id,s1_0.id,s1_0.title from courses c1_0 left join sections s1_0 on c1_0.id=s1_0.course_id where c1_0.id=?
2026-03-11T07:51:40.503+05:30 DEBUG 12812 --- [backend] [main] org.hibernate.SQL                        : select c1_0.id,c1_0.bg_color,c1_0.border_color,c1_0.color,c1_0.description,c1_0.discount,c1_0.domain,c1_0.duration,c1_0.gradient,c1_0.icon_name,c1_0.level,c1_0.live_link,c1_0.name,c1_0.shadow,c1_0.slug,c1_0.total_fee from courses c1_0 where c1_0.name=?
2026-03-11T07:51:40.506+05:30 DEBUG 12812 --- [backend] [main] org.hibernate.SQL                        : select c1_0.id,c1_0.bg_color,c1_0.border_color,c1_0.color,c1_0.description,c1_0.discount,c1_0.domain,c1_0.duration,c1_0.gradient,c1_0.icon_name,c1_0.level,c1_0.live_link,c1_0.name,c1_0.shadow,c1_0.slug,c1_0.total_fee,s1_0.course_id,s1_0.id,s1_0.title from courses c1_0 left join sections s1_0 on c1_0.id=s1_0.course_id where c1_0.id=?
2026-03-11T07:51:40.511+05:30 DEBUG 12812 --- [backend] [main] org.hibernate.SQL                        : select c1_0.id,c1_0.bg_color,c1_0.border_color,c1_0.color,c1_0.description,c1_0.discount,c1_0.domain,c1_0.duration,c1_0.gradient,c1_0.icon_name,c1_0.level,c1_0.live_link,c1_0.name,c1_0.shadow,c1_0.slug,c1_0.total_fee from courses c1_0 where c1_0.name=?
2026-03-11T07:51:40.514+05:30 DEBUG 12812 --- [backend] [main] org.hibernate.SQL                        : select c1_0.id,c1_0.bg_color,c1_0.border_color,c1_0.color,c1_0.description,c1_0.discount,c1_0.domain,c1_0.duration,c1_0.gradient,c1_0.icon_name,c1_0.level,c1_0.live_link,c1_0.name,c1_0.shadow,c1_0.slug,c1_0.total_fee,s1_0.course_id,s1_0.id,s1_0.title from courses c1_0 left join sections s1_0 on c1_0.id=s1_0.course_id where c1_0.id=?
2026-03-11T07:51:40.520+05:30 DEBUG 12812 --- [backend] [main] org.hibernate.SQL                        : select c1_0.id,c1_0.bg_color,c1_0.border_color,c1_0.color,c1_0.description,c1_0.discount,c1_0.domain,c1_0.duration,c1_0.gradient,c1_0.icon_name,c1_0.level,c1_0.live_link,c1_0.name,c1_0.shadow,c1_0.slug,c1_0.total_fee from courses c1_0 where c1_0.name=?
2026-03-11T07:51:40.523+05:30 DEBUG 12812 --- [backend] [main] org.hibernate.SQL                        : select c1_0.id,c1_0.bg_color,c1_0.border_color,c1_0.color,c1_0.description,c1_0.discount,c1_0.domain,c1_0.duration,c1_0.gradient,c1_0.icon_name,c1_0.level,c1_0.live_link,c1_0.name,c1_0.shadow,c1_0.slug,c1_0.total_fee,s1_0.course_id,s1_0.id,s1_0.title from courses c1_0 left join sections s1_0 on c1_0.id=s1_0.course_id where c1_0.id=?
2026-03-11T07:51:40.528+05:30 DEBUG 12812 --- [backend] [main] org.hibernate.SQL                        : select c1_0.id,c1_0.bg_color,c1_0.border_color,c1_0.color,c1_0.description,c1_0.discount,c1_0.domain,c1_0.duration,c1_0.gradient,c1_0.icon_name,c1_0.level,c1_0.live_link,c1_0.name,c1_0.shadow,c1_0.slug,c1_0.total_fee from courses c1_0 where c1_0.name=?
2026-03-11T07:51:40.531+05:30 DEBUG 12812 --- [backend] [main] org.hibernate.SQL                        : select c1_0.id,c1_0.bg_color,c1_0.border_color,c1_0.color,c1_0.description,c1_0.discount,c1_0.domain,c1_0.duration,c1_0.gradient,c1_0.icon_name,c1_0.level,c1_0.live_link,c1_0.name,c1_0.shadow,c1_0.slug,c1_0.total_fee,s1_0.course_id,s1_0.id,s1_0.title from courses c1_0 left join sections s1_0 on c1_0.id=s1_0.course_id where c1_0.id=?
2026-03-11T07:51:40.535+05:30 DEBUG 12812 --- [backend] [main] org.hibernate.SQL                        : select c1_0.id,c1_0.bg_color,c1_0.border_color,c1_0.color,c1_0.description,c1_0.discount,c1_0.domain,c1_0.duration,c1_0.gradient,c1_0.icon_name,c1_0.level,c1_0.live_link,c1_0.name,c1_0.shadow,c1_0.slug,c1_0.total_fee from courses c1_0 where c1_0.name=?
2026-03-11T07:51:40.538+05:30 DEBUG 12812 --- [backend] [main] org.hibernate.SQL                        : select c1_0.id,c1_0.bg_color,c1_0.border_color,c1_0.color,c1_0.description,c1_0.discount,c1_0.domain,c1_0.duration,c1_0.gradient,c1_0.icon_name,c1_0.level,c1_0.live_link,c1_0.name,c1_0.shadow,c1_0.slug,c1_0.total_fee,s1_0.course_id,s1_0.id,s1_0.title from courses c1_0 left join sections s1_0 on c1_0.id=s1_0.course_id where c1_0.id=?
2026-03-11T07:51:40.544+05:30 DEBUG 12812 --- [backend] [main] org.hibernate.SQL                        : select c1_0.id,c1_0.bg_color,c1_0.border_color,c1_0.color,c1_0.description,c1_0.discount,c1_0.domain,c1_0.duration,c1_0.gradient,c1_0.icon_name,c1_0.level,c1_0.live_link,c1_0.name,c1_0.shadow,c1_0.slug,c1_0.total_fee from courses c1_0 where c1_0.name=?
2026-03-11T07:51:40.548+05:30 DEBUG 12812 --- [backend] [main] org.hibernate.SQL                        : select c1_0.id,c1_0.bg_color,c1_0.border_color,c1_0.color,c1_0.description,c1_0.discount,c1_0.domain,c1_0.duration,c1_0.gradient,c1_0.icon_name,c1_0.level,c1_0.live_link,c1_0.name,c1_0.shadow,c1_0.slug,c1_0.total_fee,s1_0.course_id,s1_0.id,s1_0.title from courses c1_0 left join sections s1_0 on c1_0.id=s1_0.course_id where c1_0.id=?
2026-03-11T07:51:40.553+05:30 DEBUG 12812 --- [backend] [main] org.hibernate.SQL                        : select u1_0.id,u1_0.certificate_date,u1_0.certificate_issued,u1_0.course,u1_0.discount,u1_0.email,u1_0.password,u1_0.phone,u1_0.profile_picture,u1_0.role,u1_0.total_fee,u1_0.username from users u1_0 where u1_0.email=? limit ?
2026-03-11T07:51:40.558+05:30 DEBUG 12812 --- [backend] [main] org.hibernate.SQL                        : select u1_0.id,u1_0.certificate_date,u1_0.certificate_issued,u1_0.course,u1_0.discount,u1_0.email,u1_0.password,u1_0.phone,u1_0.profile_picture,u1_0.role,u1_0.total_fee,u1_0.username from users u1_0 where u1_0.email=? limit ?
2026-03-11T07:51:40.631+05:30 DEBUG 12812 --- [backend] [main] org.hibernate.SQL                        : select u1_0.id,u1_0.certificate_date,u1_0.certificate_issued,u1_0.course,u1_0.discount,u1_0.email,u1_0.password,u1_0.phone,u1_0.profile_picture,u1_0.role,u1_0.total_fee,u1_0.username from users u1_0 where u1_0.id=?
2026-03-11T07:51:40.672+05:30 DEBUG 12812 --- [backend] [main] org.hibernate.SQL                        : update users set certificate_date=?,certificate_issued=?,course=?,discount=?,email=?,password=?,phone=?,profile_picture=?,role=?,total_fee=?,username=? where id=?
2026-03-11T07:51:40.693+05:30 DEBUG 12812 --- [backend] [main] org.hibernate.SQL                        : select u1_0.id,u1_0.certificate_date,u1_0.certificate_issued,u1_0.course,u1_0.discount,u1_0.email,u1_0.password,u1_0.phone,u1_0.profile_picture,u1_0.role,u1_0.total_fee,u1_0.username from users u1_0 where u1_0.email=? limit ?
2026-03-11T07:52:16.061+05:30  INFO 12812 --- [backend] [http-nio-8081-exec-2] o.a.c.c.C.[Tomcat].[localhost].[/]       : Initializing Spring DispatcherServlet 'dispatcherServlet'
2026-03-11T07:52:16.062+05:30  INFO 12812 --- [backend] [http-nio-8081-exec-2] o.s.web.servlet.DispatcherServlet        : Initializing Servlet 'dispatcherServlet'
2026-03-11T07:52:16.065+05:30  INFO 12812 --- [backend] [http-nio-8081-exec-2] o.s.web.servlet.DispatcherServlet        : Completed initialization in 2 ms
2026-03-11T07:52:16.277+05:30  INFO 12812 --- [backend] [http-nio-8081-exec-3] c.t.b.service.PasswordResetService       : Forgot password request for email: nikhilnawale0427@gmail.com
2026-03-11T07:52:16.280+05:30 DEBUG 12812 --- [backend] [http-nio-8081-exec-3] org.hibernate.SQL                        : select u1_0.id,u1_0.certificate_date,u1_0.certificate_issued,u1_0.course,u1_0.discount,u1_0.email,u1_0.password,u1_0.phone,u1_0.profile_picture,u1_0.role,u1_0.total_fee,u1_0.username from users u1_0 where u1_0.email=? limit ?
2026-03-11T07:52:16.284+05:30  INFO 12812 --- [backend] [http-nio-8081-exec-3] c.t.b.service.PasswordResetService       : User found: ID=23, Username=Test2
2026-03-11T07:52:16.300+05:30 DEBUG 12812 --- [backend] [http-nio-8081-exec-3] org.hibernate.SQL                        : select prt1_0.id,prt1_0.expiry_date,prt1_0.token,prt1_0.user_id from password_reset_token prt1_0 where prt1_0.user_id=?
2026-03-11T07:52:16.327+05:30  INFO 12812 --- [backend] [http-nio-8081-exec-3] c.t.b.service.PasswordResetService       : Generated OTP for user nikhilnawale0427@gmail.com: 087142
2026-03-11T07:52:16.339+05:30 DEBUG 12812 --- [backend] [http-nio-8081-exec-3] org.hibernate.SQL                        : insert into password_reset_token (expiry_date,token,user_id) values (?,?,?)
2026-03-11T07:52:23.155+05:30  INFO 12812 --- [backend] [http-nio-8081-exec-3] c.t.b.service.PasswordResetService       : OTP email sent successfully to nikhilnawale0427@gmail.com
2026-03-11T07:53:46.564+05:30 DEBUG 12812 --- [backend] [http-nio-8081-exec-1] org.hibernate.SQL                        : select u1_0.id,u1_0.certificate_date,u1_0.certificate_issued,u1_0.course,u1_0.discount,u1_0.email,u1_0.password,u1_0.phone,u1_0.profile_picture,u1_0.role,u1_0.total_fee,u1_0.username from users u1_0 where u1_0.email=? limit ?
2026-03-11T07:53:46.576+05:30 DEBUG 12812 --- [backend] [http-nio-8081-exec-1] org.hibernate.SQL                        : select prt1_0.id,prt1_0.expiry_date,prt1_0.token,prt1_0.user_id from password_reset_token prt1_0 where prt1_0.token=?
2026-03-11T07:53:46.579+05:30 DEBUG 12812 --- [backend] [http-nio-8081-exec-1] org.hibernate.SQL                        : update password_reset_token set expiry_date=?,token=?,user_id=? where id=?
2026-03-11T07:54:17.155+05:30 DEBUG 12812 --- [backend] [http-nio-8081-exec-7] org.hibernate.SQL                        : select prt1_0.id,prt1_0.expiry_date,prt1_0.token,prt1_0.user_id from password_reset_token prt1_0 where prt1_0.token=?
2026-03-11T07:54:17.158+05:30 DEBUG 12812 --- [backend] [http-nio-8081-exec-7] org.hibernate.SQL                        : select u1_0.id,u1_0.certificate_date,u1_0.certificate_issued,u1_0.course,u1_0.discount,u1_0.email,u1_0.password,u1_0.phone,u1_0.profile_picture,u1_0.role,u1_0.total_fee,u1_0.username from users u1_0 where u1_0.id=?
2026-03-11T07:54:17.339+05:30 DEBUG 12812 --- [backend] [http-nio-8081-exec-7] org.hibernate.SQL                        : update users set certificate_date=?,certificate_issued=?,course=?,discount=?,email=?,password=?,phone=?,profile_picture=?,role=?,total_fee=?,username=? where id=?
2026-03-11T07:54:17.342+05:30 DEBUG 12812 --- [backend] [http-nio-8081-exec-7] org.hibernate.SQL                        : delete from password_reset_token where id=?
2026-03-11T07:54:41.734+05:30  INFO 12812 --- [backend] [http-nio-8081-exec-9] c.t.backend.controller.AuthController    : Login attempt for identifier: nikhilnawale0427@gmail.com
2026-03-11T07:54:41.739+05:30 DEBUG 12812 --- [backend] [http-nio-8081-exec-9] org.hibernate.SQL                        : select u1_0.id,u1_0.certificate_date,u1_0.certificate_issued,u1_0.course,u1_0.discount,u1_0.email,u1_0.password,u1_0.phone,u1_0.profile_picture,u1_0.role,u1_0.total_fee,u1_0.username from users u1_0 where u1_0.username=? limit ?
2026-03-11T07:54:41.746+05:30  INFO 12812 --- [backend] [http-nio-8081-exec-9] c.t.backend.controller.AuthController    : User not found by username. Trying email...
2026-03-11T07:54:41.749+05:30 DEBUG 12812 --- [backend] [http-nio-8081-exec-9] org.hibernate.SQL                        : select u1_0.id,u1_0.certificate_date,u1_0.certificate_issued,u1_0.course,u1_0.discount,u1_0.email,u1_0.password,u1_0.phone,u1_0.profile_picture,u1_0.role,u1_0.total_fee,u1_0.username from users u1_0 where u1_0.email=? limit ?
2026-03-11T07:54:41.756+05:30  INFO 12812 --- [backend] [http-nio-8081-exec-9] c.t.backend.controller.AuthController    : User found: ID=23, Username=Test2, Email=nikhilnawale0427@gmail.com, Role=null
2026-03-11T07:54:41.756+05:30  INFO 12812 --- [backend] [http-nio-8081-exec-9] c.t.backend.controller.AuthController    : Stored Password Hash: $2a$10$QgwMqcvqlDQngJX8Re89x.I2294SSRMmtXklOzH6qwGP4/BVBJegi
2026-03-11T07:54:41.950+05:30  INFO 12812 --- [backend] [http-nio-8081-exec-9] c.t.backend.controller.AuthController    : PasswordEncoder Match Result: true
2026-03-11T07:54:41.950+05:30  INFO 12812 --- [backend] [http-nio-8081-exec-9] c.t.backend.controller.AuthController    : Login successful for user: Test2
2026-03-11T07:54:42.343+05:30 DEBUG 12812 --- [backend] [http-nio-8081-exec-4] org.hibernate.SQL                        : select h1_0.id,h1_0.date,h1_0.description,h1_0.entry_fee,h1_0.mode,h1_0.prize_pool,h1_0.status,h1_0.time,h1_0.title from hackathons h1_0
2026-03-11T07:54:42.343+05:30 DEBUG 12812 --- [backend] [http-nio-8081-exec-8] org.hibernate.SQL                        : select w1_0.id,w1_0.date,w1_0.description,w1_0.image,w1_0.is_paid,w1_0.meeting_link,w1_0.price,w1_0.speaker,w1_0.time,w1_0.title from webinars w1_0
2026-03-11T07:54:42.343+05:30 DEBUG 12812 --- [backend] [http-nio-8081-exec-9] org.hibernate.SQL                        : select c1_0.id,c1_0.bg_color,c1_0.border_color,c1_0.color,c1_0.description,c1_0.discount,c1_0.domain,c1_0.duration,c1_0.gradient,c1_0.icon_name,c1_0.level,c1_0.live_link,c1_0.name,c1_0.shadow,c1_0.slug,c1_0.total_fee from courses c1_0
2026-03-11T07:54:42.348+05:30 DEBUG 12812 --- [backend] [http-nio-8081-exec-5] org.hibernate.SQL                        : select u1_0.id,u1_0.certificate_date,u1_0.certificate_issued,u1_0.course,u1_0.discount,u1_0.email,u1_0.password,u1_0.phone,u1_0.profile_picture,u1_0.role,u1_0.total_fee,u1_0.username from users u1_0 where u1_0.id=?
2026-03-11T07:54:42.362+05:30 DEBUG 12812 --- [backend] [http-nio-8081-exec-5] org.hibernate.SQL                        : select e1_0.id,e1_0.amount_paid,e1_0.certificate_date,e1_0.certificate_id,e1_0.certificate_issued,e1_0.course_name,e1_0.discount,e1_0.enrollment_date,e1_0.fee,e1_0.payment_time,e1_0.progress,e1_0.status,e1_0.student_name,e1_0.transaction_id,e1_0.user_id from enrollments e1_0 where e1_0.user_id=?
2026-03-11T07:54:42.369+05:30 DEBUG 12812 --- [backend] [http-nio-8081-exec-8] org.hibernate.SQL                        : select count(wr1_0.id) from webinar_registrations wr1_0 where wr1_0.webinar_id=?
2026-03-11T07:54:42.379+05:30 DEBUG 12812 --- [backend] [http-nio-8081-exec-9] org.hibernate.SQL                        : select s1_0.course_id,s1_0.id,s1_0.title from sections s1_0 where s1_0.course_id=?
2026-03-11T07:54:42.381+05:30 DEBUG 12812 --- [backend] [http-nio-8081-exec-4] org.hibernate.SQL                        : select rui1_0.hackathon_id,rui1_0.registered_user_ids from hackathon_registered_user_ids rui1_0 where rui1_0.hackathon_id=?
2026-03-11T07:54:42.383+05:30 DEBUG 12812 --- [backend] [http-nio-8081-exec-8] org.hibernate.SQL                        : select count(wr1_0.id) from webinar_registrations wr1_0 where wr1_0.webinar_id=?
2026-03-11T07:54:42.387+05:30 DEBUG 12812 --- [backend] [http-nio-8081-exec-4] org.hibernate.SQL                        : select rui1_0.hackathon_id,rui1_0.registered_user_ids from hackathon_registered_user_ids rui1_0 where rui1_0.hackathon_id=?
2026-03-11T07:54:42.390+05:30 DEBUG 12812 --- [backend] [http-nio-8081-exec-4] org.hibernate.SQL                        : select rui1_0.hackathon_id,rui1_0.registered_user_ids from hackathon_registered_user_ids rui1_0 where rui1_0.hackathon_id=?
2026-03-11T07:54:42.393+05:30 DEBUG 12812 --- [backend] [http-nio-8081-exec-4] org.hibernate.SQL                        : select rui1_0.hackathon_id,rui1_0.registered_user_ids from hackathon_registered_user_ids rui1_0 where rui1_0.hackathon_id=?
2026-03-11T07:54:42.395+05:30 DEBUG 12812 --- [backend] [http-nio-8081-exec-9] org.hibernate.SQL                        : select v1_0.section_id,v1_0.id,v1_0.duration,v1_0.title,v1_0.type,v1_0.url from videos v1_0 where v1_0.section_id=?
2026-03-11T07:54:42.397+05:30 DEBUG 12812 --- [backend] [http-nio-8081-exec-4] org.hibernate.SQL                        : select rui1_0.hackathon_id,rui1_0.registered_user_ids from hackathon_registered_user_ids rui1_0 where rui1_0.hackathon_id=?
2026-03-11T07:54:42.402+05:30 DEBUG 12812 --- [backend] [http-nio-8081-exec-4] org.hibernate.SQL                        : select rui1_0.hackathon_id,rui1_0.registered_user_ids from hackathon_registered_user_ids rui1_0 where rui1_0.hackathon_id=?
2026-03-11T07:54:42.409+05:30 DEBUG 12812 --- [backend] [http-nio-8081-exec-1] org.hibernate.SQL                        : select u1_0.id,u1_0.certificate_date,u1_0.certificate_issued,u1_0.course,u1_0.discount,u1_0.email,u1_0.password,u1_0.phone,u1_0.profile_picture,u1_0.role,u1_0.total_fee,u1_0.username from users u1_0 where u1_0.id=?
2026-03-11T07:54:42.419+05:30 DEBUG 12812 --- [backend] [http-nio-8081-exec-1] org.hibernate.SQL                        : select e1_0.id,e1_0.amount_paid,e1_0.certificate_date,e1_0.certificate_id,e1_0.certificate_issued,e1_0.course_name,e1_0.discount,e1_0.enrollment_date,e1_0.fee,e1_0.payment_time,e1_0.progress,e1_0.status,e1_0.student_name,e1_0.transaction_id,e1_0.user_id from enrollments e1_0 where e1_0.user_id=?
2026-03-11T07:54:42.446+05:30 DEBUG 12812 --- [backend] [http-nio-8081-exec-7] org.hibernate.SQL                        : select h1_0.id,h1_0.date,h1_0.description,h1_0.entry_fee,h1_0.mode,h1_0.prize_pool,h1_0.status,h1_0.time,h1_0.title from hackathons h1_0
2026-03-11T07:54:42.446+05:30 DEBUG 12812 --- [backend] [http-nio-8081-exec-9] org.hibernate.SQL                        : select q1_0.section_id,q1_0.id,q1_0.description,q1_0.title from quizzes q1_0 where q1_0.section_id in (select s1_0.id from sections s1_0 where s1_0.course_id=?)
2026-03-11T07:54:42.461+05:30 DEBUG 12812 --- [backend] [http-nio-8081-exec-9] org.hibernate.SQL                        : select v1_0.section_id,v1_0.id,v1_0.duration,v1_0.title,v1_0.type,v1_0.url from videos v1_0 where v1_0.section_id=?
2026-03-11T07:54:42.456+05:30 DEBUG 12812 --- [backend] [http-nio-8081-exec-8] org.hibernate.SQL                        : select w1_0.id,w1_0.date,w1_0.description,w1_0.image,w1_0.is_paid,w1_0.meeting_link,w1_0.price,w1_0.speaker,w1_0.time,w1_0.title from webinars w1_0
2026-03-11T07:54:42.466+05:30 DEBUG 12812 --- [backend] [http-nio-8081-exec-7] org.hibernate.SQL                        : select rui1_0.hackathon_id,rui1_0.registered_user_ids from hackathon_registered_user_ids rui1_0 where rui1_0.hackathon_id=?
2026-03-11T07:54:42.472+05:30 DEBUG 12812 --- [backend] [http-nio-8081-exec-7] org.hibernate.SQL                        : select rui1_0.hackathon_id,rui1_0.registered_user_ids from hackathon_registered_user_ids rui1_0 where rui1_0.hackathon_id=?
2026-03-11T07:54:42.476+05:30 DEBUG 12812 --- [backend] [http-nio-8081-exec-7] org.hibernate.SQL                        : select rui1_0.hackathon_id,rui1_0.registered_user_ids from hackathon_registered_user_ids rui1_0 where rui1_0.hackathon_id=?
2026-03-11T07:54:42.479+05:30 DEBUG 12812 --- [backend] [http-nio-8081-exec-8] org.hibernate.SQL                        : select count(wr1_0.id) from webinar_registrations wr1_0 where wr1_0.webinar_id=?
2026-03-11T07:54:42.479+05:30 DEBUG 12812 --- [backend] [http-nio-8081-exec-7] org.hibernate.SQL                        : select rui1_0.hackathon_id,rui1_0.registered_user_ids from hackathon_registered_user_ids rui1_0 where rui1_0.hackathon_id=?
2026-03-11T07:54:42.481+05:30 DEBUG 12812 --- [backend] [http-nio-8081-exec-7] org.hibernate.SQL                        : select rui1_0.hackathon_id,rui1_0.registered_user_ids from hackathon_registered_user_ids rui1_0 where rui1_0.hackathon_id=?
2026-03-11T07:54:42.481+05:30 DEBUG 12812 --- [backend] [http-nio-8081-exec-9] org.hibernate.SQL                        : select q1_0.quiz_id,q1_0.id,q1_0.correct_option_index,q1_0.question_text from questions q1_0 where q1_0.quiz_id=?
2026-03-11T07:54:42.485+05:30 DEBUG 12812 --- [backend] [http-nio-8081-exec-7] org.hibernate.SQL                        : select rui1_0.hackathon_id,rui1_0.registered_user_ids from hackathon_registered_user_ids rui1_0 where rui1_0.hackathon_id=?
2026-03-11T07:54:42.487+05:30 DEBUG 12812 --- [backend] [http-nio-8081-exec-8] org.hibernate.SQL                        : select count(wr1_0.id) from webinar_registrations wr1_0 where wr1_0.webinar_id=?
2026-03-11T07:54:42.499+05:30 DEBUG 12812 --- [backend] [http-nio-8081-exec-9] org.hibernate.SQL                        : select o1_0.question_id,o1_0.option_text from question_options o1_0 where o1_0.question_id=?
2026-03-11T07:54:42.504+05:30 DEBUG 12812 --- [backend] [http-nio-8081-exec-9] org.hibernate.SQL                        : select o1_0.question_id,o1_0.option_text from question_options o1_0 where o1_0.question_id=?
2026-03-11T07:54:42.506+05:30 DEBUG 12812 --- [backend] [http-nio-8081-exec-9] org.hibernate.SQL                        : select v1_0.section_id,v1_0.id,v1_0.duration,v1_0.title,v1_0.type,v1_0.url from videos v1_0 where v1_0.section_id=?
2026-03-11T07:54:42.511+05:30 DEBUG 12812 --- [backend] [http-nio-8081-exec-9] org.hibernate.SQL                        : select s1_0.course_id,s1_0.id,s1_0.title from sections s1_0 where s1_0.course_id=?
2026-03-11T07:54:42.515+05:30 DEBUG 12812 --- [backend] [http-nio-8081-exec-9] org.hibernate.SQL                        : select s1_0.course_id,s1_0.id,s1_0.title from sections s1_0 where s1_0.course_id=?
2026-03-11T07:54:42.516+05:30 DEBUG 12812 --- [backend] [http-nio-8081-exec-9] org.hibernate.SQL                        : select s1_0.course_id,s1_0.id,s1_0.title from sections s1_0 where s1_0.course_id=?
2026-03-11T07:54:42.523+05:30 DEBUG 12812 --- [backend] [http-nio-8081-exec-9] org.hibernate.SQL                        : select s1_0.course_id,s1_0.id,s1_0.title from sections s1_0 where s1_0.course_id=?
2026-03-11T07:54:42.527+05:30 DEBUG 12812 --- [backend] [http-nio-8081-exec-9] org.hibernate.SQL                        : select s1_0.course_id,s1_0.id,s1_0.title from sections s1_0 where s1_0.course_id=?
2026-03-11T07:54:42.527+05:30 DEBUG 12812 --- [backend] [http-nio-8081-exec-9] org.hibernate.SQL                        : select s1_0.course_id,s1_0.id,s1_0.title from sections s1_0 where s1_0.course_id=?
2026-03-11T07:54:42.534+05:30 DEBUG 12812 --- [backend] [http-nio-8081-exec-9] org.hibernate.SQL                        : select s1_0.course_id,s1_0.id,s1_0.title from sections s1_0 where s1_0.course_id=?
2026-03-11T07:54:42.539+05:30 DEBUG 12812 --- [backend] [http-nio-8081-exec-9] org.hibernate.SQL                        : select s1_0.course_id,s1_0.id,s1_0.title from sections s1_0 where s1_0.course_id=?
2026-03-11T07:54:42.565+05:30 DEBUG 12812 --- [backend] [http-nio-8081-exec-10] org.hibernate.SQL                        : select c1_0.id,c1_0.bg_color,c1_0.border_color,c1_0.color,c1_0.description,c1_0.discount,c1_0.domain,c1_0.duration,c1_0.gradient,c1_0.icon_name,c1_0.level,c1_0.live_link,c1_0.name,c1_0.shadow,c1_0.slug,c1_0.total_fee from courses c1_0
2026-03-11T07:54:42.581+05:30 DEBUG 12812 --- [backend] [http-nio-8081-exec-10] org.hibernate.SQL                        : select s1_0.course_id,s1_0.id,s1_0.title from sections s1_0 where s1_0.course_id=?
2026-03-11T07:54:42.585+05:30 DEBUG 12812 --- [backend] [http-nio-8081-exec-10] org.hibernate.SQL                        : select v1_0.section_id,v1_0.id,v1_0.duration,v1_0.title,v1_0.type,v1_0.url from videos v1_0 where v1_0.section_id=?
2026-03-11T07:54:42.593+05:30 DEBUG 12812 --- [backend] [http-nio-8081-exec-10] org.hibernate.SQL                        : select q1_0.section_id,q1_0.id,q1_0.description,q1_0.title from quizzes q1_0 where q1_0.section_id in (select s1_0.id from sections s1_0 where s1_0.course_id=?)
2026-03-11T07:54:42.598+05:30 DEBUG 12812 --- [backend] [http-nio-8081-exec-10] org.hibernate.SQL                        : select v1_0.section_id,v1_0.id,v1_0.duration,v1_0.title,v1_0.type,v1_0.url from videos v1_0 where v1_0.section_id=?
2026-03-11T07:54:42.601+05:30 DEBUG 12812 --- [backend] [http-nio-8081-exec-10] org.hibernate.SQL                        : select q1_0.quiz_id,q1_0.id,q1_0.correct_option_index,q1_0.question_text from questions q1_0 where q1_0.quiz_id=?
2026-03-11T07:54:42.608+05:30 DEBUG 12812 --- [backend] [http-nio-8081-exec-10] org.hibernate.SQL                        : select o1_0.question_id,o1_0.option_text from question_options o1_0 where o1_0.question_id=?
2026-03-11T07:54:42.612+05:30 DEBUG 12812 --- [backend] [http-nio-8081-exec-10] org.hibernate.SQL                        : select o1_0.question_id,o1_0.option_text from question_options o1_0 where o1_0.question_id=?
2026-03-11T07:54:42.615+05:30 DEBUG 12812 --- [backend] [http-nio-8081-exec-10] org.hibernate.SQL                        : select v1_0.section_id,v1_0.id,v1_0.duration,v1_0.title,v1_0.type,v1_0.url from videos v1_0 where v1_0.section_id=?
2026-03-11T07:54:42.621+05:30 DEBUG 12812 --- [backend] [http-nio-8081-exec-10] org.hibernate.SQL                        : select s1_0.course_id,s1_0.id,s1_0.title from sections s1_0 where s1_0.course_id=?
2026-03-11T07:54:42.625+05:30 DEBUG 12812 --- [backend] [http-nio-8081-exec-10] org.hibernate.SQL                        : select s1_0.course_id,s1_0.id,s1_0.title from sections s1_0 where s1_0.course_id=?
2026-03-11T07:54:42.629+05:30 DEBUG 12812 --- [backend] [http-nio-8081-exec-10] org.hibernate.SQL                        : select s1_0.course_id,s1_0.id,s1_0.title from sections s1_0 where s1_0.course_id=?
2026-03-11T07:54:42.631+05:30 DEBUG 12812 --- [backend] [http-nio-8081-exec-10] org.hibernate.SQL                        : select s1_0.course_id,s1_0.id,s1_0.title from sections s1_0 where s1_0.course_id=?
2026-03-11T07:54:42.635+05:30 DEBUG 12812 --- [backend] [http-nio-8081-exec-10] org.hibernate.SQL                        : select s1_0.course_id,s1_0.id,s1_0.title from sections s1_0 where s1_0.course_id=?
2026-03-11T07:54:42.639+05:30 DEBUG 12812 --- [backend] [http-nio-8081-exec-10] org.hibernate.SQL                        : select s1_0.course_id,s1_0.id,s1_0.title from sections s1_0 where s1_0.course_id=?
2026-03-11T07:54:42.644+05:30 DEBUG 12812 --- [backend] [http-nio-8081-exec-10] org.hibernate.SQL                        : select s1_0.course_id,s1_0.id,s1_0.title from sections s1_0 where s1_0.course_id=?
2026-03-11T07:54:42.644+05:30 DEBUG 12812 --- [backend] [http-nio-8081-exec-10] org.hibernate.SQL                        : select s1_0.course_id,s1_0.id,s1_0.title from sections s1_0 where s1_0.course_id=?
2026-03-11T07:54:52.941+05:30 DEBUG 12812 --- [backend] [http-nio-8081-exec-8] org.hibernate.SQL                        : select c1_0.id,c1_0.bg_color,c1_0.border_color,c1_0.color,c1_0.description,c1_0.discount,c1_0.domain,c1_0.duration,c1_0.gradient,c1_0.icon_name,c1_0.level,c1_0.live_link,c1_0.name,c1_0.shadow,c1_0.slug,c1_0.total_fee from courses c1_0
2026-03-11T07:54:52.941+05:30 DEBUG 12812 --- [backend] [http-nio-8081-exec-10] org.hibernate.SQL                        : select h1_0.id,h1_0.date,h1_0.description,h1_0.entry_fee,h1_0.mode,h1_0.prize_pool,h1_0.status,h1_0.time,h1_0.title from hackathons h1_0
2026-03-11T07:54:52.947+05:30 DEBUG 12812 --- [backend] [http-nio-8081-exec-5] org.hibernate.SQL                        : select w1_0.id,w1_0.date,w1_0.description,w1_0.image,w1_0.is_paid,w1_0.meeting_link,w1_0.price,w1_0.speaker,w1_0.time,w1_0.title from webinars w1_0
2026-03-11T07:54:52.947+05:30 DEBUG 12812 --- [backend] [http-nio-8081-exec-3] org.hibernate.SQL                        : select u1_0.id,u1_0.certificate_date,u1_0.certificate_issued,u1_0.course,u1_0.discount,u1_0.email,u1_0.password,u1_0.phone,u1_0.profile_picture,u1_0.role,u1_0.total_fee,u1_0.username from users u1_0 where u1_0.id=?
2026-03-11T07:54:52.953+05:30 DEBUG 12812 --- [backend] [http-nio-8081-exec-8] org.hibernate.SQL                        : select s1_0.course_id,s1_0.id,s1_0.title from sections s1_0 where s1_0.course_id=?
2026-03-11T07:54:52.956+05:30 DEBUG 12812 --- [backend] [http-nio-8081-exec-3] org.hibernate.SQL                        : select e1_0.id,e1_0.amount_paid,e1_0.certificate_date,e1_0.certificate_id,e1_0.certificate_issued,e1_0.course_name,e1_0.discount,e1_0.enrollment_date,e1_0.fee,e1_0.payment_time,e1_0.progress,e1_0.status,e1_0.student_name,e1_0.transaction_id,e1_0.user_id from enrollments e1_0 where e1_0.user_id=?
2026-03-11T07:54:52.956+05:30 DEBUG 12812 --- [backend] [http-nio-8081-exec-8] org.hibernate.SQL                        : select v1_0.section_id,v1_0.id,v1_0.duration,v1_0.title,v1_0.type,v1_0.url from videos v1_0 where v1_0.section_id=?
2026-03-11T07:54:52.956+05:30 DEBUG 12812 --- [backend] [http-nio-8081-exec-10] org.hibernate.SQL                        : select rui1_0.hackathon_id,rui1_0.registered_user_ids from hackathon_registered_user_ids rui1_0 where rui1_0.hackathon_id=?
2026-03-11T07:54:52.958+05:30 DEBUG 12812 --- [backend] [http-nio-8081-exec-5] org.hibernate.SQL                        : select count(wr1_0.id) from webinar_registrations wr1_0 where wr1_0.webinar_id=?
2026-03-11T07:54:52.960+05:30 DEBUG 12812 --- [backend] [http-nio-8081-exec-10] org.hibernate.SQL                        : select rui1_0.hackathon_id,rui1_0.registered_user_ids from hackathon_registered_user_ids rui1_0 where rui1_0.hackathon_id=?
2026-03-11T07:54:52.961+05:30 DEBUG 12812 --- [backend] [http-nio-8081-exec-8] org.hibernate.SQL                        : select q1_0.section_id,q1_0.id,q1_0.description,q1_0.title from quizzes q1_0 where q1_0.section_id in (select s1_0.id from sections s1_0 where s1_0.course_id=?)
2026-03-11T07:54:52.961+05:30 DEBUG 12812 --- [backend] [http-nio-8081-exec-5] org.hibernate.SQL                        : select count(wr1_0.id) from webinar_registrations wr1_0 where wr1_0.webinar_id=?
2026-03-11T07:54:52.964+05:30 DEBUG 12812 --- [backend] [http-nio-8081-exec-10] org.hibernate.SQL                        : select rui1_0.hackathon_id,rui1_0.registered_user_ids from hackathon_registered_user_ids rui1_0 where rui1_0.hackathon_id=?
2026-03-11T07:54:52.966+05:30 DEBUG 12812 --- [backend] [http-nio-8081-exec-8] org.hibernate.SQL                        : select v1_0.section_id,v1_0.id,v1_0.duration,v1_0.title,v1_0.type,v1_0.url from videos v1_0 where v1_0.section_id=?
2026-03-11T07:54:52.969+05:30 DEBUG 12812 --- [backend] [http-nio-8081-exec-10] org.hibernate.SQL                        : select rui1_0.hackathon_id,rui1_0.registered_user_ids from hackathon_registered_user_ids rui1_0 where rui1_0.hackathon_id=?
2026-03-11T07:54:52.972+05:30 DEBUG 12812 --- [backend] [http-nio-8081-exec-10] org.hibernate.SQL                        : select rui1_0.hackathon_id,rui1_0.registered_user_ids from hackathon_registered_user_ids rui1_0 where rui1_0.hackathon_id=?
2026-03-11T07:54:52.972+05:30 DEBUG 12812 --- [backend] [http-nio-8081-exec-8] org.hibernate.SQL                        : select q1_0.quiz_id,q1_0.id,q1_0.correct_option_index,q1_0.question_text from questions q1_0 where q1_0.quiz_id=?
2026-03-11T07:54:52.977+05:30 DEBUG 12812 --- [backend] [http-nio-8081-exec-10] org.hibernate.SQL                        : select rui1_0.hackathon_id,rui1_0.registered_user_ids from hackathon_registered_user_ids rui1_0 where rui1_0.hackathon_id=?
2026-03-11T07:54:52.977+05:30 DEBUG 12812 --- [backend] [http-nio-8081-exec-8] org.hibernate.SQL                        : select o1_0.question_id,o1_0.option_text from question_options o1_0 where o1_0.question_id=?
2026-03-11T07:54:52.981+05:30 DEBUG 12812 --- [backend] [http-nio-8081-exec-8] org.hibernate.SQL                        : select o1_0.question_id,o1_0.option_text from question_options o1_0 where o1_0.question_id=?
2026-03-11T07:54:52.983+05:30 DEBUG 12812 --- [backend] [http-nio-8081-exec-8] org.hibernate.SQL                        : select v1_0.section_id,v1_0.id,v1_0.duration,v1_0.title,v1_0.type,v1_0.url from videos v1_0 where v1_0.section_id=?
2026-03-11T07:54:52.990+05:30 DEBUG 12812 --- [backend] [http-nio-8081-exec-8] org.hibernate.SQL                        : select s1_0.course_id,s1_0.id,s1_0.title from sections s1_0 where s1_0.course_id=?
2026-03-11T07:54:52.994+05:30 DEBUG 12812 --- [backend] [http-nio-8081-exec-8] org.hibernate.SQL                        : select s1_0.course_id,s1_0.id,s1_0.title from sections s1_0 where s1_0.course_id=?
2026-03-11T07:54:52.997+05:30 DEBUG 12812 --- [backend] [http-nio-8081-exec-1] org.hibernate.SQL                        : select u1_0.id,u1_0.certificate_date,u1_0.certificate_issued,u1_0.course,u1_0.discount,u1_0.email,u1_0.password,u1_0.phone,u1_0.profile_picture,u1_0.role,u1_0.total_fee,u1_0.username from users u1_0 where u1_0.id=?
2026-03-11T07:54:52.997+05:30 DEBUG 12812 --- [backend] [http-nio-8081-exec-8] org.hibernate.SQL                        : select s1_0.course_id,s1_0.id,s1_0.title from sections s1_0 where s1_0.course_id=?
2026-03-11T07:54:52.997+05:30 DEBUG 12812 --- [backend] [http-nio-8081-exec-4] org.hibernate.SQL                        : select w1_0.id,w1_0.date,w1_0.description,w1_0.image,w1_0.is_paid,w1_0.meeting_link,w1_0.price,w1_0.speaker,w1_0.time,w1_0.title from webinars w1_0
2026-03-11T07:54:53.001+05:30 DEBUG 12812 --- [backend] [http-nio-8081-exec-8] org.hibernate.SQL                        : select s1_0.course_id,s1_0.id,s1_0.title from sections s1_0 where s1_0.course_id=?
2026-03-11T07:54:53.006+05:30 DEBUG 12812 --- [backend] [http-nio-8081-exec-8] org.hibernate.SQL                        : select s1_0.course_id,s1_0.id,s1_0.title from sections s1_0 where s1_0.course_id=?
2026-03-11T07:54:53.008+05:30 DEBUG 12812 --- [backend] [http-nio-8081-exec-1] org.hibernate.SQL                        : select e1_0.id,e1_0.amount_paid,e1_0.certificate_date,e1_0.certificate_id,e1_0.certificate_issued,e1_0.course_name,e1_0.discount,e1_0.enrollment_date,e1_0.fee,e1_0.payment_time,e1_0.progress,e1_0.status,e1_0.student_name,e1_0.transaction_id,e1_0.user_id from enrollments e1_0 where e1_0.user_id=?
2026-03-11T07:54:53.008+05:30 DEBUG 12812 --- [backend] [http-nio-8081-exec-8] org.hibernate.SQL                        : select s1_0.course_id,s1_0.id,s1_0.title from sections s1_0 where s1_0.course_id=?
2026-03-11T07:54:53.008+05:30 DEBUG 12812 --- [backend] [http-nio-8081-exec-4] org.hibernate.SQL                        : select count(wr1_0.id) from webinar_registrations wr1_0 where wr1_0.webinar_id=?
2026-03-11T07:54:53.010+05:30 DEBUG 12812 --- [backend] [http-nio-8081-exec-8] org.hibernate.SQL                        : select s1_0.course_id,s1_0.id,s1_0.title from sections s1_0 where s1_0.course_id=?
2026-03-11T07:54:53.014+05:30 DEBUG 12812 --- [backend] [http-nio-8081-exec-4] org.hibernate.SQL                        : select count(wr1_0.id) from webinar_registrations wr1_0 where wr1_0.webinar_id=?
2026-03-11T07:54:53.014+05:30 DEBUG 12812 --- [backend] [http-nio-8081-exec-8] org.hibernate.SQL                        : select s1_0.course_id,s1_0.id,s1_0.title from sections s1_0 where s1_0.course_id=?
2026-03-11T07:54:53.015+05:30 DEBUG 12812 --- [backend] [http-nio-8081-exec-6] org.hibernate.SQL                        : select h1_0.id,h1_0.date,h1_0.description,h1_0.entry_fee,h1_0.mode,h1_0.prize_pool,h1_0.status,h1_0.time,h1_0.title from hackathons h1_0
2026-03-11T07:54:53.022+05:30 DEBUG 12812 --- [backend] [http-nio-8081-exec-6] org.hibernate.SQL                        : select rui1_0.hackathon_id,rui1_0.registered_user_ids from hackathon_registered_user_ids rui1_0 where rui1_0.hackathon_id=?
2026-03-11T07:54:53.026+05:30 DEBUG 12812 --- [backend] [http-nio-8081-exec-6] org.hibernate.SQL                        : select rui1_0.hackathon_id,rui1_0.registered_user_ids from hackathon_registered_user_ids rui1_0 where rui1_0.hackathon_id=?
2026-03-11T07:54:53.030+05:30 DEBUG 12812 --- [backend] [http-nio-8081-exec-6] org.hibernate.SQL                        : select rui1_0.hackathon_id,rui1_0.registered_user_ids from hackathon_registered_user_ids rui1_0 where rui1_0.hackathon_id=?
2026-03-11T07:54:53.030+05:30 DEBUG 12812 --- [backend] [http-nio-8081-exec-6] org.hibernate.SQL                        : select rui1_0.hackathon_id,rui1_0.registered_user_ids from hackathon_registered_user_ids rui1_0 where rui1_0.hackathon_id=?
2026-03-11T07:54:53.034+05:30 DEBUG 12812 --- [backend] [http-nio-8081-exec-6] org.hibernate.SQL                        : select rui1_0.hackathon_id,rui1_0.registered_user_ids from hackathon_registered_user_ids rui1_0 where rui1_0.hackathon_id=?
2026-03-11T07:54:53.039+05:30 DEBUG 12812 --- [backend] [http-nio-8081-exec-6] org.hibernate.SQL                        : select rui1_0.hackathon_id,rui1_0.registered_user_ids from hackathon_registered_user_ids rui1_0 where rui1_0.hackathon_id=?
2026-03-11T07:54:53.039+05:30 DEBUG 12812 --- [backend] [http-nio-8081-exec-2] org.hibernate.SQL                        : select c1_0.id,c1_0.bg_color,c1_0.border_color,c1_0.color,c1_0.description,c1_0.discount,c1_0.domain,c1_0.duration,c1_0.gradient,c1_0.icon_name,c1_0.level,c1_0.live_link,c1_0.name,c1_0.shadow,c1_0.slug,c1_0.total_fee from courses c1_0
2026-03-11T07:54:53.070+05:30 DEBUG 12812 --- [backend] [http-nio-8081-exec-2] org.hibernate.SQL                        : select s1_0.course_id,s1_0.id,s1_0.title from sections s1_0 where s1_0.course_id=?
2026-03-11T07:54:53.075+05:30 DEBUG 12812 --- [backend] [http-nio-8081-exec-2] org.hibernate.SQL                        : select v1_0.section_id,v1_0.id,v1_0.duration,v1_0.title,v1_0.type,v1_0.url from videos v1_0 where v1_0.section_id=?
2026-03-11T07:54:53.080+05:30 DEBUG 12812 --- [backend] [http-nio-8081-exec-2] org.hibernate.SQL                        : select q1_0.section_id,q1_0.id,q1_0.description,q1_0.title from quizzes q1_0 where q1_0.section_id in (select s1_0.id from sections s1_0 where s1_0.course_id=?)
2026-03-11T07:54:53.084+05:30 DEBUG 12812 --- [backend] [http-nio-8081-exec-2] org.hibernate.SQL                        : select v1_0.section_id,v1_0.id,v1_0.duration,v1_0.title,v1_0.type,v1_0.url from videos v1_0 where v1_0.section_id=?
2026-03-11T07:54:53.089+05:30 DEBUG 12812 --- [backend] [http-nio-8081-exec-2] org.hibernate.SQL                        : select q1_0.quiz_id,q1_0.id,q1_0.correct_option_index,q1_0.question_text from questions q1_0 where q1_0.quiz_id=?
2026-03-11T07:54:53.093+05:30 DEBUG 12812 --- [backend] [http-nio-8081-exec-2] org.hibernate.SQL                        : select o1_0.question_id,o1_0.option_text from question_options o1_0 where o1_0.question_id=?
2026-03-11T07:54:53.097+05:30 DEBUG 12812 --- [backend] [http-nio-8081-exec-2] org.hibernate.SQL                        : select o1_0.question_id,o1_0.option_text from question_options o1_0 where o1_0.question_id=?
2026-03-11T07:54:53.103+05:30 DEBUG 12812 --- [backend] [http-nio-8081-exec-2] org.hibernate.SQL                        : select v1_0.section_id,v1_0.id,v1_0.duration,v1_0.title,v1_0.type,v1_0.url from videos v1_0 where v1_0.section_id=?
2026-03-11T07:54:53.105+05:30 DEBUG 12812 --- [backend] [http-nio-8081-exec-2] org.hibernate.SQL                        : select s1_0.course_id,s1_0.id,s1_0.title from sections s1_0 where s1_0.course_id=?
2026-03-11T07:54:53.105+05:30 DEBUG 12812 --- [backend] [http-nio-8081-exec-2] org.hibernate.SQL                        : select s1_0.course_id,s1_0.id,s1_0.title from sections s1_0 where s1_0.course_id=?
2026-03-11T07:54:53.111+05:30 DEBUG 12812 --- [backend] [http-nio-8081-exec-2] org.hibernate.SQL                        : select s1_0.course_id,s1_0.id,s1_0.title from sections s1_0 where s1_0.course_id=?
2026-03-11T07:54:53.115+05:30 DEBUG 12812 --- [backend] [http-nio-8081-exec-2] org.hibernate.SQL                        : select s1_0.course_id,s1_0.id,s1_0.title from sections s1_0 where s1_0.course_id=?
2026-03-11T07:54:53.118+05:30 DEBUG 12812 --- [backend] [http-nio-8081-exec-2] org.hibernate.SQL                        : select s1_0.course_id,s1_0.id,s1_0.title from sections s1_0 where s1_0.course_id=?
2026-03-11T07:54:53.121+05:30 DEBUG 12812 --- [backend] [http-nio-8081-exec-2] org.hibernate.SQL                        : select s1_0.course_id,s1_0.id,s1_0.title from sections s1_0 where s1_0.course_id=?
2026-03-11T07:54:53.123+05:30 DEBUG 12812 --- [backend] [http-nio-8081-exec-2] org.hibernate.SQL                        : select s1_0.course_id,s1_0.id,s1_0.title from sections s1_0 where s1_0.course_id=?
2026-03-11T07:54:53.128+05:30 DEBUG 12812 --- [backend] [http-nio-8081-exec-2] org.hibernate.SQL                        : select s1_0.course_id,s1_0.id,s1_0.title from sections s1_0 where s1_0.course_id=?
2026-03-11T09:15:21.813+05:30 DEBUG 12812 --- [backend] [http-nio-8081-exec-5] org.hibernate.SQL                        : select w1_0.id,w1_0.date,w1_0.description,w1_0.image,w1_0.is_paid,w1_0.meeting_link,w1_0.price,w1_0.speaker,w1_0.time,w1_0.title from webinars w1_0
2026-03-11T09:15:21.813+05:30 DEBUG 12812 --- [backend] [http-nio-8081-exec-8] org.hibernate.SQL                        : select u1_0.id,u1_0.certificate_date,u1_0.certificate_issued,u1_0.course,u1_0.discount,u1_0.email,u1_0.password,u1_0.phone,u1_0.profile_picture,u1_0.role,u1_0.total_fee,u1_0.username from users u1_0 where u1_0.id=?
2026-03-11T09:15:21.810+05:30 DEBUG 12812 --- [backend] [http-nio-8081-exec-3] org.hibernate.SQL                        : select c1_0.id,c1_0.bg_color,c1_0.border_color,c1_0.color,c1_0.description,c1_0.discount,c1_0.domain,c1_0.duration,c1_0.gradient,c1_0.icon_name,c1_0.level,c1_0.live_link,c1_0.name,c1_0.shadow,c1_0.slug,c1_0.total_fee from courses c1_0
2026-03-11T09:15:21.813+05:30 DEBUG 12812 --- [backend] [http-nio-8081-exec-10] org.hibernate.SQL                        : select h1_0.id,h1_0.date,h1_0.description,h1_0.entry_fee,h1_0.mode,h1_0.prize_pool,h1_0.status,h1_0.time,h1_0.title from hackathons h1_0
2026-03-11T09:15:21.855+05:30 DEBUG 12812 --- [backend] [http-nio-8081-exec-5] org.hibernate.SQL                        : select count(wr1_0.id) from webinar_registrations wr1_0 where wr1_0.webinar_id=?
2026-03-11T09:15:21.859+05:30 DEBUG 12812 --- [backend] [http-nio-8081-exec-8] org.hibernate.SQL                        : select e1_0.id,e1_0.amount_paid,e1_0.certificate_date,e1_0.certificate_id,e1_0.certificate_issued,e1_0.course_name,e1_0.discount,e1_0.enrollment_date,e1_0.fee,e1_0.payment_time,e1_0.progress,e1_0.status,e1_0.student_name,e1_0.transaction_id,e1_0.user_id from enrollments e1_0 where e1_0.user_id=?
2026-03-11T09:15:21.860+05:30 DEBUG 12812 --- [backend] [http-nio-8081-exec-10] org.hibernate.SQL                        : select rui1_0.hackathon_id,rui1_0.registered_user_ids from hackathon_registered_user_ids rui1_0 where rui1_0.hackathon_id=?
2026-03-11T09:15:21.866+05:30 DEBUG 12812 --- [backend] [http-nio-8081-exec-3] org.hibernate.SQL                        : select s1_0.course_id,s1_0.id,s1_0.title from sections s1_0 where s1_0.course_id=?
2026-03-11T09:15:21.866+05:30 DEBUG 12812 --- [backend] [http-nio-8081-exec-10] org.hibernate.SQL                        : select rui1_0.hackathon_id,rui1_0.registered_user_ids from hackathon_registered_user_ids rui1_0 where rui1_0.hackathon_id=?
2026-03-11T09:15:21.866+05:30 DEBUG 12812 --- [backend] [http-nio-8081-exec-5] org.hibernate.SQL                        : select count(wr1_0.id) from webinar_registrations wr1_0 where wr1_0.webinar_id=?
2026-03-11T09:15:21.866+05:30 DEBUG 12812 --- [backend] [http-nio-8081-exec-10] org.hibernate.SQL                        : select rui1_0.hackathon_id,rui1_0.registered_user_ids from hackathon_registered_user_ids rui1_0 where rui1_0.hackathon_id=?
2026-03-11T09:15:21.871+05:30 DEBUG 12812 --- [backend] [http-nio-8081-exec-3] org.hibernate.SQL                        : select v1_0.section_id,v1_0.id,v1_0.duration,v1_0.title,v1_0.type,v1_0.url from videos v1_0 where v1_0.section_id=?
2026-03-11T09:15:21.871+05:30 DEBUG 12812 --- [backend] [http-nio-8081-exec-10] org.hibernate.SQL                        : select rui1_0.hackathon_id,rui1_0.registered_user_ids from hackathon_registered_user_ids rui1_0 where rui1_0.hackathon_id=?
2026-03-11T09:15:21.916+05:30 DEBUG 12812 --- [backend] [http-nio-8081-exec-9] org.hibernate.SQL                        : select w1_0.id,w1_0.date,w1_0.description,w1_0.image,w1_0.is_paid,w1_0.meeting_link,w1_0.price,w1_0.speaker,w1_0.time,w1_0.title from webinars w1_0
2026-03-11T09:15:21.951+05:30 DEBUG 12812 --- [backend] [http-nio-8081-exec-10] org.hibernate.SQL                        : select rui1_0.hackathon_id,rui1_0.registered_user_ids from hackathon_registered_user_ids rui1_0 where rui1_0.hackathon_id=?
2026-03-11T09:15:21.955+05:30 DEBUG 12812 --- [backend] [http-nio-8081-exec-3] org.hibernate.SQL                        : select q1_0.section_id,q1_0.id,q1_0.description,q1_0.title from quizzes q1_0 where q1_0.section_id in (select s1_0.id from sections s1_0 where s1_0.course_id=?)
2026-03-11T09:15:21.955+05:30 DEBUG 12812 --- [backend] [http-nio-8081-exec-10] org.hibernate.SQL                        : select rui1_0.hackathon_id,rui1_0.registered_user_ids from hackathon_registered_user_ids rui1_0 where rui1_0.hackathon_id=?
2026-03-11T09:15:21.960+05:30 DEBUG 12812 --- [backend] [http-nio-8081-exec-3] org.hibernate.SQL                        : select v1_0.section_id,v1_0.id,v1_0.duration,v1_0.title,v1_0.type,v1_0.url from videos v1_0 where v1_0.section_id=?
2026-03-11T09:15:21.964+05:30 DEBUG 12812 --- [backend] [http-nio-8081-exec-9] org.hibernate.SQL                        : select count(wr1_0.id) from webinar_registrations wr1_0 where wr1_0.webinar_id=?
2026-03-11T09:15:21.964+05:30 DEBUG 12812 --- [backend] [http-nio-8081-exec-3] org.hibernate.SQL                        : select q1_0.quiz_id,q1_0.id,q1_0.correct_option_index,q1_0.question_text from questions q1_0 where q1_0.quiz_id=?
2026-03-11T09:15:21.972+05:30 DEBUG 12812 --- [backend] [http-nio-8081-exec-9] org.hibernate.SQL                        : select count(wr1_0.id) from webinar_registrations wr1_0 where wr1_0.webinar_id=?
2026-03-11T09:15:21.974+05:30 DEBUG 12812 --- [backend] [http-nio-8081-exec-3] org.hibernate.SQL                        : select o1_0.question_id,o1_0.option_text from question_options o1_0 where o1_0.question_id=?
2026-03-11T09:15:21.984+05:30 DEBUG 12812 --- [backend] [http-nio-8081-exec-3] org.hibernate.SQL                        : select o1_0.question_id,o1_0.option_text from question_options o1_0 where o1_0.question_id=?
2026-03-11T09:15:21.986+05:30 DEBUG 12812 --- [backend] [http-nio-8081-exec-3] org.hibernate.SQL                        : select v1_0.section_id,v1_0.id,v1_0.duration,v1_0.title,v1_0.type,v1_0.url from videos v1_0 where v1_0.section_id=?
2026-03-11T09:15:22.008+05:30 DEBUG 12812 --- [backend] [http-nio-8081-exec-3] org.hibernate.SQL                        : select s1_0.course_id,s1_0.id,s1_0.title from sections s1_0 where s1_0.course_id=?
2026-03-11T09:15:22.011+05:30 DEBUG 12812 --- [backend] [http-nio-8081-exec-3] org.hibernate.SQL                        : select s1_0.course_id,s1_0.id,s1_0.title from sections s1_0 where s1_0.course_id=?
2026-03-11T09:15:22.015+05:30 DEBUG 12812 --- [backend] [http-nio-8081-exec-3] org.hibernate.SQL                        : select s1_0.course_id,s1_0.id,s1_0.title from sections s1_0 where s1_0.course_id=?
2026-03-11T09:15:22.018+05:30 DEBUG 12812 --- [backend] [http-nio-8081-exec-3] org.hibernate.SQL                        : select s1_0.course_id,s1_0.id,s1_0.title from sections s1_0 where s1_0.course_id=?
2026-03-11T09:15:22.018+05:30 DEBUG 12812 --- [backend] [http-nio-8081-exec-3] org.hibernate.SQL                        : select s1_0.course_id,s1_0.id,s1_0.title from sections s1_0 where s1_0.course_id=?
2026-03-11T09:15:22.024+05:30 DEBUG 12812 --- [backend] [http-nio-8081-exec-3] org.hibernate.SQL                        : select s1_0.course_id,s1_0.id,s1_0.title from sections s1_0 where s1_0.course_id=?
2026-03-11T09:15:22.027+05:30 DEBUG 12812 --- [backend] [http-nio-8081-exec-3] org.hibernate.SQL                        : select s1_0.course_id,s1_0.id,s1_0.title from sections s1_0 where s1_0.course_id=?
2026-03-11T09:15:22.029+05:30 DEBUG 12812 --- [backend] [http-nio-8081-exec-3] org.hibernate.SQL                        : select s1_0.course_id,s1_0.id,s1_0.title from sections s1_0 where s1_0.course_id=?
2026-03-11T09:15:22.066+05:30 DEBUG 12812 --- [backend] [http-nio-8081-exec-2] org.hibernate.SQL                        : select c1_0.id,c1_0.bg_color,c1_0.border_color,c1_0.color,c1_0.description,c1_0.discount,c1_0.domain,c1_0.duration,c1_0.gradient,c1_0.icon_name,c1_0.level,c1_0.live_link,c1_0.name,c1_0.shadow,c1_0.slug,c1_0.total_fee from courses c1_0
2026-03-11T09:15:22.080+05:30 DEBUG 12812 --- [backend] [http-nio-8081-exec-2] org.hibernate.SQL                        : select s1_0.course_id,s1_0.id,s1_0.title from sections s1_0 where s1_0.course_id=?
2026-03-11T09:15:22.080+05:30 DEBUG 12812 --- [backend] [http-nio-8081-exec-2] org.hibernate.SQL                        : select v1_0.section_id,v1_0.id,v1_0.duration,v1_0.title,v1_0.type,v1_0.url from videos v1_0 where v1_0.section_id=?
2026-03-11T09:15:22.093+05:30 DEBUG 12812 --- [backend] [http-nio-8081-exec-2] org.hibernate.SQL                        : select q1_0.section_id,q1_0.id,q1_0.description,q1_0.title from quizzes q1_0 where q1_0.section_id in (select s1_0.id from sections s1_0 where s1_0.course_id=?)
2026-03-11T09:15:22.095+05:30 DEBUG 12812 --- [backend] [http-nio-8081-exec-2] org.hibernate.SQL                        : select v1_0.section_id,v1_0.id,v1_0.duration,v1_0.title,v1_0.type,v1_0.url from videos v1_0 where v1_0.section_id=?
2026-03-11T09:15:22.100+05:30 DEBUG 12812 --- [backend] [http-nio-8081-exec-2] org.hibernate.SQL                        : select q1_0.quiz_id,q1_0.id,q1_0.correct_option_index,q1_0.question_text from questions q1_0 where q1_0.quiz_id=?
2026-03-11T09:15:22.105+05:30 DEBUG 12812 --- [backend] [http-nio-8081-exec-2] org.hibernate.SQL                        : select o1_0.question_id,o1_0.option_text from question_options o1_0 where o1_0.question_id=?
2026-03-11T09:15:22.106+05:30 DEBUG 12812 --- [backend] [http-nio-8081-exec-2] org.hibernate.SQL                        : select o1_0.question_id,o1_0.option_text from question_options o1_0 where o1_0.question_id=?
2026-03-11T09:15:22.114+05:30 DEBUG 12812 --- [backend] [http-nio-8081-exec-2] org.hibernate.SQL                        : select v1_0.section_id,v1_0.id,v1_0.duration,v1_0.title,v1_0.type,v1_0.url from videos v1_0 where v1_0.section_id=?
2026-03-11T09:15:22.117+05:30 DEBUG 12812 --- [backend] [http-nio-8081-exec-2] org.hibernate.SQL                        : select s1_0.course_id,s1_0.id,s1_0.title from sections s1_0 where s1_0.course_id=?
2026-03-11T09:15:22.122+05:30 DEBUG 12812 --- [backend] [http-nio-8081-exec-2] org.hibernate.SQL                        : select s1_0.course_id,s1_0.id,s1_0.title from sections s1_0 where s1_0.course_id=?
2026-03-11T09:15:22.124+05:30 DEBUG 12812 --- [backend] [http-nio-8081-exec-2] org.hibernate.SQL                        : select s1_0.course_id,s1_0.id,s1_0.title from sections s1_0 where s1_0.course_id=?
2026-03-11T09:15:22.128+05:30 DEBUG 12812 --- [backend] [http-nio-8081-exec-2] org.hibernate.SQL                        : select s1_0.course_id,s1_0.id,s1_0.title from sections s1_0 where s1_0.course_id=?
2026-03-11T09:15:22.134+05:30 DEBUG 12812 --- [backend] [http-nio-8081-exec-2] org.hibernate.SQL                        : select s1_0.course_id,s1_0.id,s1_0.title from sections s1_0 where s1_0.course_id=?
2026-03-11T09:15:22.134+05:30 DEBUG 12812 --- [backend] [http-nio-8081-exec-2] org.hibernate.SQL                        : select s1_0.course_id,s1_0.id,s1_0.title from sections s1_0 where s1_0.course_id=?
2026-03-11T09:15:22.142+05:30 DEBUG 12812 --- [backend] [http-nio-8081-exec-2] org.hibernate.SQL                        : select s1_0.course_id,s1_0.id,s1_0.title from sections s1_0 where s1_0.course_id=?
2026-03-11T09:15:22.146+05:30 DEBUG 12812 --- [backend] [http-nio-8081-exec-2] org.hibernate.SQL                        : select s1_0.course_id,s1_0.id,s1_0.title from sections s1_0 where s1_0.course_id=?
2026-03-11T09:15:22.201+05:30 DEBUG 12812 --- [backend] [http-nio-8081-exec-7] org.hibernate.SQL                        : select h1_0.id,h1_0.date,h1_0.description,h1_0.entry_fee,h1_0.mode,h1_0.prize_pool,h1_0.status,h1_0.time,h1_0.title from hackathons h1_0
2026-03-11T09:15:22.205+05:30 DEBUG 12812 --- [backend] [http-nio-8081-exec-6] org.hibernate.SQL                        : select u1_0.id,u1_0.certificate_date,u1_0.certificate_issued,u1_0.course,u1_0.discount,u1_0.email,u1_0.password,u1_0.phone,u1_0.profile_picture,u1_0.role,u1_0.total_fee,u1_0.username from users u1_0 where u1_0.id=?
2026-03-11T09:15:22.211+05:30 DEBUG 12812 --- [backend] [http-nio-8081-exec-7] org.hibernate.SQL                        : select rui1_0.hackathon_id,rui1_0.registered_user_ids from hackathon_registered_user_ids rui1_0 where rui1_0.hackathon_id=?
2026-03-11T09:15:22.211+05:30 DEBUG 12812 --- [backend] [http-nio-8081-exec-6] org.hibernate.SQL                        : select e1_0.id,e1_0.amount_paid,e1_0.certificate_date,e1_0.certificate_id,e1_0.certificate_issued,e1_0.course_name,e1_0.discount,e1_0.enrollment_date,e1_0.fee,e1_0.payment_time,e1_0.progress,e1_0.status,e1_0.student_name,e1_0.transaction_id,e1_0.user_id from enrollments e1_0 where e1_0.user_id=?
2026-03-11T09:15:22.220+05:30 DEBUG 12812 --- [backend] [http-nio-8081-exec-7] org.hibernate.SQL                        : select rui1_0.hackathon_id,rui1_0.registered_user_ids from hackathon_registered_user_ids rui1_0 where rui1_0.hackathon_id=?
2026-03-11T09:15:22.225+05:30 DEBUG 12812 --- [backend] [http-nio-8081-exec-7] org.hibernate.SQL                        : select rui1_0.hackathon_id,rui1_0.registered_user_ids from hackathon_registered_user_ids rui1_0 where rui1_0.hackathon_id=?
2026-03-11T09:15:22.225+05:30 DEBUG 12812 --- [backend] [http-nio-8081-exec-7] org.hibernate.SQL                        : select rui1_0.hackathon_id,rui1_0.registered_user_ids from hackathon_registered_user_ids rui1_0 where rui1_0.hackathon_id=?
2026-03-11T09:15:22.232+05:30 DEBUG 12812 --- [backend] [http-nio-8081-exec-7] org.hibernate.SQL                        : select rui1_0.hackathon_id,rui1_0.registered_user_ids from hackathon_registered_user_ids rui1_0 where rui1_0.hackathon_id=?
2026-03-11T09:15:22.236+05:30 DEBUG 12812 --- [backend] [http-nio-8081-exec-7] org.hibernate.SQL                        : select rui1_0.hackathon_id,rui1_0.registered_user_ids from hackathon_registered_user_ids rui1_0 where rui1_0.hackathon_id=?
2026-03-11T09:17:23.397+05:30 DEBUG 12812 --- [backend] [http-nio-8081-exec-4] org.hibernate.SQL                        : select w1_0.id,w1_0.date,w1_0.description,w1_0.image,w1_0.is_paid,w1_0.meeting_link,w1_0.price,w1_0.speaker,w1_0.time,w1_0.title from webinars w1_0
2026-03-11T09:17:23.397+05:30 DEBUG 12812 --- [backend] [http-nio-8081-exec-1] org.hibernate.SQL                        : select c1_0.id,c1_0.bg_color,c1_0.border_color,c1_0.color,c1_0.description,c1_0.discount,c1_0.domain,c1_0.duration,c1_0.gradient,c1_0.icon_name,c1_0.level,c1_0.live_link,c1_0.name,c1_0.shadow,c1_0.slug,c1_0.total_fee from courses c1_0
2026-03-11T09:17:23.397+05:30 DEBUG 12812 --- [backend] [http-nio-8081-exec-2] org.hibernate.SQL                        : select h1_0.id,h1_0.date,h1_0.description,h1_0.entry_fee,h1_0.mode,h1_0.prize_pool,h1_0.status,h1_0.time,h1_0.title from hackathons h1_0
2026-03-11T09:17:23.399+05:30 DEBUG 12812 --- [backend] [http-nio-8081-exec-3] org.hibernate.SQL                        : select u1_0.id,u1_0.certificate_date,u1_0.certificate_issued,u1_0.course,u1_0.discount,u1_0.email,u1_0.password,u1_0.phone,u1_0.profile_picture,u1_0.role,u1_0.total_fee,u1_0.username from users u1_0 where u1_0.id=?
2026-03-11T09:17:23.399+05:30 DEBUG 12812 --- [backend] [http-nio-8081-exec-2] org.hibernate.SQL                        : select rui1_0.hackathon_id,rui1_0.registered_user_ids from hackathon_registered_user_ids rui1_0 where rui1_0.hackathon_id=?
2026-03-11T09:17:23.401+05:30 DEBUG 12812 --- [backend] [http-nio-8081-exec-1] org.hibernate.SQL                        : select s1_0.course_id,s1_0.id,s1_0.title from sections s1_0 where s1_0.course_id=?
2026-03-11T09:17:23.401+05:30 DEBUG 12812 --- [backend] [http-nio-8081-exec-2] org.hibernate.SQL                        : select rui1_0.hackathon_id,rui1_0.registered_user_ids from hackathon_registered_user_ids rui1_0 where rui1_0.hackathon_id=?
2026-03-11T09:17:23.401+05:30 DEBUG 12812 --- [backend] [http-nio-8081-exec-4] org.hibernate.SQL                        : select count(wr1_0.id) from webinar_registrations wr1_0 where wr1_0.webinar_id=?
2026-03-11T09:17:23.401+05:30 DEBUG 12812 --- [backend] [http-nio-8081-exec-1] org.hibernate.SQL                        : select v1_0.section_id,v1_0.id,v1_0.duration,v1_0.title,v1_0.type,v1_0.url from videos v1_0 where v1_0.section_id=?
2026-03-11T09:17:23.403+05:30 DEBUG 12812 --- [backend] [http-nio-8081-exec-3] org.hibernate.SQL                        : select e1_0.id,e1_0.amount_paid,e1_0.certificate_date,e1_0.certificate_id,e1_0.certificate_issued,e1_0.course_name,e1_0.discount,e1_0.enrollment_date,e1_0.fee,e1_0.payment_time,e1_0.progress,e1_0.status,e1_0.student_name,e1_0.transaction_id,e1_0.user_id from enrollments e1_0 where e1_0.user_id=?
2026-03-11T09:17:23.403+05:30 DEBUG 12812 --- [backend] [http-nio-8081-exec-2] org.hibernate.SQL                        : select rui1_0.hackathon_id,rui1_0.registered_user_ids from hackathon_registered_user_ids rui1_0 where rui1_0.hackathon_id=?
2026-03-11T09:17:23.403+05:30 DEBUG 12812 --- [backend] [http-nio-8081-exec-4] org.hibernate.SQL                        : select count(wr1_0.id) from webinar_registrations wr1_0 where wr1_0.webinar_id=?
2026-03-11T09:17:23.403+05:30 DEBUG 12812 --- [backend] [http-nio-8081-exec-2] org.hibernate.SQL                        : select rui1_0.hackathon_id,rui1_0.registered_user_ids from hackathon_registered_user_ids rui1_0 where rui1_0.hackathon_id=?
2026-03-11T09:17:23.403+05:30 DEBUG 12812 --- [backend] [http-nio-8081-exec-1] org.hibernate.SQL                        : select q1_0.section_id,q1_0.id,q1_0.description,q1_0.title from quizzes q1_0 where q1_0.section_id in (select s1_0.id from sections s1_0 where s1_0.course_id=?)
2026-03-11T09:17:23.405+05:30 DEBUG 12812 --- [backend] [http-nio-8081-exec-2] org.hibernate.SQL                        : select rui1_0.hackathon_id,rui1_0.registered_user_ids from hackathon_registered_user_ids rui1_0 where rui1_0.hackathon_id=?
2026-03-11T09:17:23.405+05:30 DEBUG 12812 --- [backend] [http-nio-8081-exec-1] org.hibernate.SQL                        : select v1_0.section_id,v1_0.id,v1_0.duration,v1_0.title,v1_0.type,v1_0.url from videos v1_0 where v1_0.section_id=?
2026-03-11T09:17:23.406+05:30 DEBUG 12812 --- [backend] [http-nio-8081-exec-2] org.hibernate.SQL                        : select rui1_0.hackathon_id,rui1_0.registered_user_ids from hackathon_registered_user_ids rui1_0 where rui1_0.hackathon_id=?
2026-03-11T09:17:23.406+05:30 DEBUG 12812 --- [backend] [http-nio-8081-exec-1] org.hibernate.SQL                        : select q1_0.quiz_id,q1_0.id,q1_0.correct_option_index,q1_0.question_text from questions q1_0 where q1_0.quiz_id=?
2026-03-11T09:17:23.409+05:30 DEBUG 12812 --- [backend] [http-nio-8081-exec-1] org.hibernate.SQL                        : select o1_0.question_id,o1_0.option_text from question_options o1_0 where o1_0.question_id=?
2026-03-11T09:17:23.411+05:30 DEBUG 12812 --- [backend] [http-nio-8081-exec-1] org.hibernate.SQL                        : select o1_0.question_id,o1_0.option_text from question_options o1_0 where o1_0.question_id=?
2026-03-11T09:17:23.413+05:30 DEBUG 12812 --- [backend] [http-nio-8081-exec-1] org.hibernate.SQL                        : select v1_0.section_id,v1_0.id,v1_0.duration,v1_0.title,v1_0.type,v1_0.url from videos v1_0 where v1_0.section_id=?
2026-03-11T09:17:23.415+05:30 DEBUG 12812 --- [backend] [http-nio-8081-exec-1] org.hibernate.SQL                        : select s1_0.course_id,s1_0.id,s1_0.title from sections s1_0 where s1_0.course_id=?
2026-03-11T09:17:23.416+05:30 DEBUG 12812 --- [backend] [http-nio-8081-exec-1] org.hibernate.SQL                        : select s1_0.course_id,s1_0.id,s1_0.title from sections s1_0 where s1_0.course_id=?
2026-03-11T09:17:23.417+05:30 DEBUG 12812 --- [backend] [http-nio-8081-exec-6] org.hibernate.SQL                        : select w1_0.id,w1_0.date,w1_0.description,w1_0.image,w1_0.is_paid,w1_0.meeting_link,w1_0.price,w1_0.speaker,w1_0.time,w1_0.title from webinars w1_0
2026-03-11T09:17:23.417+05:30 DEBUG 12812 --- [backend] [http-nio-8081-exec-4] org.hibernate.SQL                        : select u1_0.id,u1_0.certificate_date,u1_0.certificate_issued,u1_0.course,u1_0.discount,u1_0.email,u1_0.password,u1_0.phone,u1_0.profile_picture,u1_0.role,u1_0.total_fee,u1_0.username from users u1_0 where u1_0.id=?
2026-03-11T09:17:23.417+05:30 DEBUG 12812 --- [backend] [http-nio-8081-exec-1] org.hibernate.SQL                        : select s1_0.course_id,s1_0.id,s1_0.title from sections s1_0 where s1_0.course_id=?
2026-03-11T09:17:23.418+05:30 DEBUG 12812 --- [backend] [http-nio-8081-exec-9] org.hibernate.SQL                        : select h1_0.id,h1_0.date,h1_0.description,h1_0.entry_fee,h1_0.mode,h1_0.prize_pool,h1_0.status,h1_0.time,h1_0.title from hackathons h1_0
2026-03-11T09:17:23.418+05:30 DEBUG 12812 --- [backend] [http-nio-8081-exec-1] org.hibernate.SQL                        : select s1_0.course_id,s1_0.id,s1_0.title from sections s1_0 where s1_0.course_id=?
2026-03-11T09:17:23.418+05:30 DEBUG 12812 --- [backend] [http-nio-8081-exec-1] org.hibernate.SQL                        : select s1_0.course_id,s1_0.id,s1_0.title from sections s1_0 where s1_0.course_id=?
2026-03-11T09:17:23.420+05:30 DEBUG 12812 --- [backend] [http-nio-8081-exec-6] org.hibernate.SQL                        : select count(wr1_0.id) from webinar_registrations wr1_0 where wr1_0.webinar_id=?
2026-03-11T09:17:23.421+05:30 DEBUG 12812 --- [backend] [http-nio-8081-exec-1] org.hibernate.SQL                        : select s1_0.course_id,s1_0.id,s1_0.title from sections s1_0 where s1_0.course_id=?
2026-03-11T09:17:23.421+05:30 DEBUG 12812 --- [backend] [http-nio-8081-exec-9] org.hibernate.SQL                        : select rui1_0.hackathon_id,rui1_0.registered_user_ids from hackathon_registered_user_ids rui1_0 where rui1_0.hackathon_id=?
2026-03-11T09:17:23.421+05:30 DEBUG 12812 --- [backend] [http-nio-8081-exec-4] org.hibernate.SQL                        : select e1_0.id,e1_0.amount_paid,e1_0.certificate_date,e1_0.certificate_id,e1_0.certificate_issued,e1_0.course_name,e1_0.discount,e1_0.enrollment_date,e1_0.fee,e1_0.payment_time,e1_0.progress,e1_0.status,e1_0.student_name,e1_0.transaction_id,e1_0.user_id from enrollments e1_0 where e1_0.user_id=?
2026-03-11T09:17:23.423+05:30 DEBUG 12812 --- [backend] [http-nio-8081-exec-1] org.hibernate.SQL                        : select s1_0.course_id,s1_0.id,s1_0.title from sections s1_0 where s1_0.course_id=?
2026-03-11T09:17:23.423+05:30 DEBUG 12812 --- [backend] [http-nio-8081-exec-9] org.hibernate.SQL                        : select rui1_0.hackathon_id,rui1_0.registered_user_ids from hackathon_registered_user_ids rui1_0 where rui1_0.hackathon_id=?
2026-03-11T09:17:23.423+05:30 DEBUG 12812 --- [backend] [http-nio-8081-exec-6] org.hibernate.SQL                        : select count(wr1_0.id) from webinar_registrations wr1_0 where wr1_0.webinar_id=?
2026-03-11T09:17:23.424+05:30 DEBUG 12812 --- [backend] [http-nio-8081-exec-1] org.hibernate.SQL                        : select s1_0.course_id,s1_0.id,s1_0.title from sections s1_0 where s1_0.course_id=?
2026-03-11T09:17:23.424+05:30 DEBUG 12812 --- [backend] [http-nio-8081-exec-9] org.hibernate.SQL                        : select rui1_0.hackathon_id,rui1_0.registered_user_ids from hackathon_registered_user_ids rui1_0 where rui1_0.hackathon_id=?
2026-03-11T09:17:23.425+05:30 DEBUG 12812 --- [backend] [http-nio-8081-exec-9] org.hibernate.SQL                        : select rui1_0.hackathon_id,rui1_0.registered_user_ids from hackathon_registered_user_ids rui1_0 where rui1_0.hackathon_id=?
2026-03-11T09:17:23.425+05:30 DEBUG 12812 --- [backend] [http-nio-8081-exec-9] org.hibernate.SQL                        : select rui1_0.hackathon_id,rui1_0.registered_user_ids from hackathon_registered_user_ids rui1_0 where rui1_0.hackathon_id=?
2026-03-11T09:17:23.428+05:30 DEBUG 12812 --- [backend] [http-nio-8081-exec-9] org.hibernate.SQL                        : select rui1_0.hackathon_id,rui1_0.registered_user_ids from hackathon_registered_user_ids rui1_0 where rui1_0.hackathon_id=?
2026-03-11T09:17:23.441+05:30 DEBUG 12812 --- [backend] [http-nio-8081-exec-10] org.hibernate.SQL                        : select c1_0.id,c1_0.bg_color,c1_0.border_color,c1_0.color,c1_0.description,c1_0.discount,c1_0.domain,c1_0.duration,c1_0.gradient,c1_0.icon_name,c1_0.level,c1_0.live_link,c1_0.name,c1_0.shadow,c1_0.slug,c1_0.total_fee from courses c1_0
2026-03-11T09:17:23.447+05:30 DEBUG 12812 --- [backend] [http-nio-8081-exec-10] org.hibernate.SQL                        : select s1_0.course_id,s1_0.id,s1_0.title from sections s1_0 where s1_0.course_id=?
2026-03-11T09:17:23.449+05:30 DEBUG 12812 --- [backend] [http-nio-8081-exec-10] org.hibernate.SQL                        : select v1_0.section_id,v1_0.id,v1_0.duration,v1_0.title,v1_0.type,v1_0.url from videos v1_0 where v1_0.section_id=?
2026-03-11T09:17:23.451+05:30 DEBUG 12812 --- [backend] [http-nio-8081-exec-10] org.hibernate.SQL                        : select q1_0.section_id,q1_0.id,q1_0.description,q1_0.title from quizzes q1_0 where q1_0.section_id in (select s1_0.id from sections s1_0 where s1_0.course_id=?)
2026-03-11T09:17:23.454+05:30 DEBUG 12812 --- [backend] [http-nio-8081-exec-10] org.hibernate.SQL                        : select v1_0.section_id,v1_0.id,v1_0.duration,v1_0.title,v1_0.type,v1_0.url from videos v1_0 where v1_0.section_id=?
2026-03-11T09:17:23.458+05:30 DEBUG 12812 --- [backend] [http-nio-8081-exec-10] org.hibernate.SQL                        : select q1_0.quiz_id,q1_0.id,q1_0.correct_option_index,q1_0.question_text from questions q1_0 where q1_0.quiz_id=?
2026-03-11T09:17:23.460+05:30 DEBUG 12812 --- [backend] [http-nio-8081-exec-10] org.hibernate.SQL                        : select o1_0.question_id,o1_0.option_text from question_options o1_0 where o1_0.question_id=?
2026-03-11T09:17:23.462+05:30 DEBUG 12812 --- [backend] [http-nio-8081-exec-10] org.hibernate.SQL                        : select o1_0.question_id,o1_0.option_text from question_options o1_0 where o1_0.question_id=?
2026-03-11T09:17:23.463+05:30 DEBUG 12812 --- [backend] [http-nio-8081-exec-10] org.hibernate.SQL                        : select v1_0.section_id,v1_0.id,v1_0.duration,v1_0.title,v1_0.type,v1_0.url from videos v1_0 where v1_0.section_id=?
2026-03-11T09:17:23.467+05:30 DEBUG 12812 --- [backend] [http-nio-8081-exec-10] org.hibernate.SQL                        : select s1_0.course_id,s1_0.id,s1_0.title from sections s1_0 where s1_0.course_id=?
2026-03-11T09:17:23.468+05:30 DEBUG 12812 --- [backend] [http-nio-8081-exec-10] org.hibernate.SQL                        : select s1_0.course_id,s1_0.id,s1_0.title from sections s1_0 where s1_0.course_id=?
2026-03-11T09:17:23.470+05:30 DEBUG 12812 --- [backend] [http-nio-8081-exec-10] org.hibernate.SQL                        : select s1_0.course_id,s1_0.id,s1_0.title from sections s1_0 where s1_0.course_id=?
2026-03-11T09:17:23.471+05:30 DEBUG 12812 --- [backend] [http-nio-8081-exec-10] org.hibernate.SQL                        : select s1_0.course_id,s1_0.id,s1_0.title from sections s1_0 where s1_0.course_id=?
2026-03-11T09:17:23.473+05:30 DEBUG 12812 --- [backend] [http-nio-8081-exec-10] org.hibernate.SQL                        : select s1_0.course_id,s1_0.id,s1_0.title from sections s1_0 where s1_0.course_id=?
2026-03-11T09:17:23.475+05:30 DEBUG 12812 --- [backend] [http-nio-8081-exec-10] org.hibernate.SQL                        : select s1_0.course_id,s1_0.id,s1_0.title from sections s1_0 where s1_0.course_id=?
2026-03-11T09:17:23.476+05:30 DEBUG 12812 --- [backend] [http-nio-8081-exec-10] org.hibernate.SQL                        : select s1_0.course_id,s1_0.id,s1_0.title from sections s1_0 where s1_0.course_id=?
2026-03-11T09:17:23.478+05:30 DEBUG 12812 --- [backend] [http-nio-8081-exec-10] org.hibernate.SQL                        : select s1_0.course_id,s1_0.id,s1_0.title from sections s1_0 where s1_0.course_id=?
2026-03-11T09:17:31.833+05:30  WARN 12812 --- [backend] [HikariPool-1 housekeeper] com.zaxxer.hikari.pool.HikariPool        : HikariPool-1 - Thread starvation or clock leap detected (housekeeper delta=11m54s52ms723µs500ns).
2026-03-11T09:56:39.820+05:30  WARN 12812 --- [backend] [HikariPool-1 housekeeper] com.zaxxer.hikari.pool.HikariPool        : HikariPool-1 - Thread starvation or clock leap detected (housekeeper delta=38m7s970ms691µs700ns).
2026-03-11T10:03:41.169+05:30 DEBUG 12812 --- [backend] [http-nio-8081-exec-6] org.hibernate.SQL                        : select c1_0.id,c1_0.bg_color,c1_0.border_color,c1_0.color,c1_0.description,c1_0.discount,c1_0.domain,c1_0.duration,c1_0.gradient,c1_0.icon_name,c1_0.level,c1_0.live_link,c1_0.name,c1_0.shadow,c1_0.slug,c1_0.total_fee from courses c1_0
2026-03-11T10:03:41.169+05:30 DEBUG 12812 --- [backend] [http-nio-8081-exec-4] org.hibernate.SQL                        : select h1_0.id,h1_0.date,h1_0.description,h1_0.entry_fee,h1_0.mode,h1_0.prize_pool,h1_0.status,h1_0.time,h1_0.title from hackathons h1_0
2026-03-11T10:03:41.182+05:30 DEBUG 12812 --- [backend] [http-nio-8081-exec-4] org.hibernate.SQL                        : select rui1_0.hackathon_id,rui1_0.registered_user_ids from hackathon_registered_user_ids rui1_0 where rui1_0.hackathon_id=?
2026-03-11T10:03:41.185+05:30 DEBUG 12812 --- [backend] [http-nio-8081-exec-4] org.hibernate.SQL                        : select rui1_0.hackathon_id,rui1_0.registered_user_ids from hackathon_registered_user_ids rui1_0 where rui1_0.hackathon_id=?
2026-03-11T10:03:41.188+05:30 DEBUG 12812 --- [backend] [http-nio-8081-exec-4] org.hibernate.SQL                        : select rui1_0.hackathon_id,rui1_0.registered_user_ids from hackathon_registered_user_ids rui1_0 where rui1_0.hackathon_id=?
2026-03-11T10:03:41.190+05:30 DEBUG 12812 --- [backend] [http-nio-8081-exec-6] org.hibernate.SQL                        : select s1_0.course_id,s1_0.id,s1_0.title from sections s1_0 where s1_0.course_id=?
2026-03-11T10:03:41.190+05:30 DEBUG 12812 --- [backend] [http-nio-8081-exec-4] org.hibernate.SQL                        : select rui1_0.hackathon_id,rui1_0.registered_user_ids from hackathon_registered_user_ids rui1_0 where rui1_0.hackathon_id=?
2026-03-11T10:03:41.194+05:30 DEBUG 12812 --- [backend] [http-nio-8081-exec-4] org.hibernate.SQL                        : select rui1_0.hackathon_id,rui1_0.registered_user_ids from hackathon_registered_user_ids rui1_0 where rui1_0.hackathon_id=?
2026-03-11T10:03:41.196+05:30 DEBUG 12812 --- [backend] [http-nio-8081-exec-4] org.hibernate.SQL                        : select rui1_0.hackathon_id,rui1_0.registered_user_ids from hackathon_registered_user_ids rui1_0 where rui1_0.hackathon_id=?
2026-03-11T10:03:41.196+05:30 DEBUG 12812 --- [backend] [http-nio-8081-exec-6] org.hibernate.SQL                        : select v1_0.section_id,v1_0.id,v1_0.duration,v1_0.title,v1_0.type,v1_0.url from videos v1_0 where v1_0.section_id=?
2026-03-11T10:03:41.203+05:30 DEBUG 12812 --- [backend] [http-nio-8081-exec-6] org.hibernate.SQL                        : select q1_0.section_id,q1_0.id,q1_0.description,q1_0.title from quizzes q1_0 where q1_0.section_id in (select s1_0.id from sections s1_0 where s1_0.course_id=?)
2026-03-11T10:03:41.206+05:30 DEBUG 12812 --- [backend] [http-nio-8081-exec-6] org.hibernate.SQL                        : select v1_0.section_id,v1_0.id,v1_0.duration,v1_0.title,v1_0.type,v1_0.url from videos v1_0 where v1_0.section_id=?
2026-03-11T10:03:41.207+05:30 DEBUG 12812 --- [backend] [http-nio-8081-exec-7] org.hibernate.SQL                        : select h1_0.id,h1_0.date,h1_0.description,h1_0.entry_fee,h1_0.mode,h1_0.prize_pool,h1_0.status,h1_0.time,h1_0.title from hackathons h1_0
2026-03-11T10:03:41.209+05:30 DEBUG 12812 --- [backend] [http-nio-8081-exec-6] org.hibernate.SQL                        : select q1_0.quiz_id,q1_0.id,q1_0.correct_option_index,q1_0.question_text from questions q1_0 where q1_0.quiz_id=?
2026-03-11T10:03:41.212+05:30 DEBUG 12812 --- [backend] [http-nio-8081-exec-7] org.hibernate.SQL                        : select rui1_0.hackathon_id,rui1_0.registered_user_ids from hackathon_registered_user_ids rui1_0 where rui1_0.hackathon_id=?
2026-03-11T10:03:41.212+05:30 DEBUG 12812 --- [backend] [http-nio-8081-exec-6] org.hibernate.SQL                        : select o1_0.question_id,o1_0.option_text from question_options o1_0 where o1_0.question_id=?
2026-03-11T10:03:41.215+05:30 DEBUG 12812 --- [backend] [http-nio-8081-exec-7] org.hibernate.SQL                        : select rui1_0.hackathon_id,rui1_0.registered_user_ids from hackathon_registered_user_ids rui1_0 where rui1_0.hackathon_id=?
2026-03-11T10:03:41.215+05:30 DEBUG 12812 --- [backend] [http-nio-8081-exec-6] org.hibernate.SQL                        : select o1_0.question_id,o1_0.option_text from question_options o1_0 where o1_0.question_id=?
2026-03-11T10:03:41.217+05:30 DEBUG 12812 --- [backend] [http-nio-8081-exec-7] org.hibernate.SQL                        : select rui1_0.hackathon_id,rui1_0.registered_user_ids from hackathon_registered_user_ids rui1_0 where rui1_0.hackathon_id=?
2026-03-11T10:03:41.218+05:30 DEBUG 12812 --- [backend] [http-nio-8081-exec-6] org.hibernate.SQL                        : select v1_0.section_id,v1_0.id,v1_0.duration,v1_0.title,v1_0.type,v1_0.url from videos v1_0 where v1_0.section_id=?
2026-03-11T10:03:41.220+05:30 DEBUG 12812 --- [backend] [http-nio-8081-exec-7] org.hibernate.SQL                        : select rui1_0.hackathon_id,rui1_0.registered_user_ids from hackathon_registered_user_ids rui1_0 where rui1_0.hackathon_id=?
2026-03-11T10:03:41.220+05:30 DEBUG 12812 --- [backend] [http-nio-8081-exec-6] org.hibernate.SQL                        : select s1_0.course_id,s1_0.id,s1_0.title from sections s1_0 where s1_0.course_id=?
2026-03-11T10:03:41.221+05:30 DEBUG 12812 --- [backend] [http-nio-8081-exec-7] org.hibernate.SQL                        : select rui1_0.hackathon_id,rui1_0.registered_user_ids from hackathon_registered_user_ids rui1_0 where rui1_0.hackathon_id=?
2026-03-11T10:03:41.235+05:30 DEBUG 12812 --- [backend] [http-nio-8081-exec-7] org.hibernate.SQL                        : select rui1_0.hackathon_id,rui1_0.registered_user_ids from hackathon_registered_user_ids rui1_0 where rui1_0.hackathon_id=?
2026-03-11T10:03:41.236+05:30 DEBUG 12812 --- [backend] [http-nio-8081-exec-6] org.hibernate.SQL                        : select s1_0.course_id,s1_0.id,s1_0.title from sections s1_0 where s1_0.course_id=?
2026-03-11T10:03:41.238+05:30 DEBUG 12812 --- [backend] [http-nio-8081-exec-6] org.hibernate.SQL                        : select s1_0.course_id,s1_0.id,s1_0.title from sections s1_0 where s1_0.course_id=?
2026-03-11T10:03:41.240+05:30 DEBUG 12812 --- [backend] [http-nio-8081-exec-6] org.hibernate.SQL                        : select s1_0.course_id,s1_0.id,s1_0.title from sections s1_0 where s1_0.course_id=?
2026-03-11T10:03:41.244+05:30 DEBUG 12812 --- [backend] [http-nio-8081-exec-6] org.hibernate.SQL                        : select s1_0.course_id,s1_0.id,s1_0.title from sections s1_0 where s1_0.course_id=?
2026-03-11T10:03:41.247+05:30 DEBUG 12812 --- [backend] [http-nio-8081-exec-6] org.hibernate.SQL                        : select s1_0.course_id,s1_0.id,s1_0.title from sections s1_0 where s1_0.course_id=?
2026-03-11T10:03:41.251+05:30 DEBUG 12812 --- [backend] [http-nio-8081-exec-6] org.hibernate.SQL                        : select s1_0.course_id,s1_0.id,s1_0.title from sections s1_0 where s1_0.course_id=?
2026-03-11T10:03:41.253+05:30 DEBUG 12812 --- [backend] [http-nio-8081-exec-6] org.hibernate.SQL                        : select s1_0.course_id,s1_0.id,s1_0.title from sections s1_0 where s1_0.course_id=?
2026-03-11T10:03:41.264+05:30 DEBUG 12812 --- [backend] [http-nio-8081-exec-8] org.hibernate.SQL                        : select c1_0.id,c1_0.bg_color,c1_0.border_color,c1_0.color,c1_0.description,c1_0.discount,c1_0.domain,c1_0.duration,c1_0.gradient,c1_0.icon_name,c1_0.level,c1_0.live_link,c1_0.name,c1_0.shadow,c1_0.slug,c1_0.total_fee from courses c1_0
2026-03-11T10:03:41.279+05:30 DEBUG 12812 --- [backend] [http-nio-8081-exec-8] org.hibernate.SQL                        : select s1_0.course_id,s1_0.id,s1_0.title from sections s1_0 where s1_0.course_id=?
2026-03-11T10:03:41.288+05:30 DEBUG 12812 --- [backend] [http-nio-8081-exec-8] org.hibernate.SQL                        : select v1_0.section_id,v1_0.id,v1_0.duration,v1_0.title,v1_0.type,v1_0.url from videos v1_0 where v1_0.section_id=?
2026-03-11T10:03:41.295+05:30 DEBUG 12812 --- [backend] [http-nio-8081-exec-8] org.hibernate.SQL                        : select q1_0.section_id,q1_0.id,q1_0.description,q1_0.title from quizzes q1_0 where q1_0.section_id in (select s1_0.id from sections s1_0 where s1_0.course_id=?)
2026-03-11T10:03:41.306+05:30 DEBUG 12812 --- [backend] [http-nio-8081-exec-8] org.hibernate.SQL                        : select v1_0.section_id,v1_0.id,v1_0.duration,v1_0.title,v1_0.type,v1_0.url from videos v1_0 where v1_0.section_id=?
2026-03-11T10:03:41.310+05:30 DEBUG 12812 --- [backend] [http-nio-8081-exec-8] org.hibernate.SQL                        : select q1_0.quiz_id,q1_0.id,q1_0.correct_option_index,q1_0.question_text from questions q1_0 where q1_0.quiz_id=?
2026-03-11T10:03:41.313+05:30 DEBUG 12812 --- [backend] [http-nio-8081-exec-8] org.hibernate.SQL                        : select o1_0.question_id,o1_0.option_text from question_options o1_0 where o1_0.question_id=?
2026-03-11T10:03:41.317+05:30 DEBUG 12812 --- [backend] [http-nio-8081-exec-8] org.hibernate.SQL                        : select o1_0.question_id,o1_0.option_text from question_options o1_0 where o1_0.question_id=?
2026-03-11T10:03:41.321+05:30 DEBUG 12812 --- [backend] [http-nio-8081-exec-8] org.hibernate.SQL                        : select v1_0.section_id,v1_0.id,v1_0.duration,v1_0.title,v1_0.type,v1_0.url from videos v1_0 where v1_0.section_id=?
2026-03-11T10:03:41.326+05:30 DEBUG 12812 --- [backend] [http-nio-8081-exec-8] org.hibernate.SQL                        : select s1_0.course_id,s1_0.id,s1_0.title from sections s1_0 where s1_0.course_id=?
2026-03-11T10:03:41.334+05:30 DEBUG 12812 --- [backend] [http-nio-8081-exec-8] org.hibernate.SQL                        : select s1_0.course_id,s1_0.id,s1_0.title from sections s1_0 where s1_0.course_id=?
2026-03-11T10:03:41.340+05:30 DEBUG 12812 --- [backend] [http-nio-8081-exec-8] org.hibernate.SQL                        : select s1_0.course_id,s1_0.id,s1_0.title from sections s1_0 where s1_0.course_id=?
2026-03-11T10:03:41.343+05:30 DEBUG 12812 --- [backend] [http-nio-8081-exec-8] org.hibernate.SQL                        : select s1_0.course_id,s1_0.id,s1_0.title from sections s1_0 where s1_0.course_id=?
2026-03-11T10:03:41.345+05:30 DEBUG 12812 --- [backend] [http-nio-8081-exec-8] org.hibernate.SQL                        : select s1_0.course_id,s1_0.id,s1_0.title from sections s1_0 where s1_0.course_id=?
2026-03-11T10:03:41.350+05:30 DEBUG 12812 --- [backend] [http-nio-8081-exec-8] org.hibernate.SQL                        : select s1_0.course_id,s1_0.id,s1_0.title from sections s1_0 where s1_0.course_id=?
2026-03-11T10:03:41.360+05:30 DEBUG 12812 --- [backend] [http-nio-8081-exec-8] org.hibernate.SQL                        : select s1_0.course_id,s1_0.id,s1_0.title from sections s1_0 where s1_0.course_id=?
2026-03-11T10:03:41.362+05:30 DEBUG 12812 --- [backend] [http-nio-8081-exec-10] org.hibernate.SQL                        : select t1_0.id,t1_0.course,t1_0.image,t1_0.message,t1_0.name,t1_0.thumbnail,t1_0.video_url from testimonials t1_0 where t1_0.video_url is null
2026-03-11T10:03:41.363+05:30 DEBUG 12812 --- [backend] [http-nio-8081-exec-9] org.hibernate.SQL                        : select t1_0.id,t1_0.course,t1_0.image,t1_0.message,t1_0.name,t1_0.thumbnail,t1_0.video_url from testimonials t1_0 where t1_0.video_url is not null
2026-03-11T10:03:41.367+05:30 DEBUG 12812 --- [backend] [http-nio-8081-exec-8] org.hibernate.SQL                        : select s1_0.course_id,s1_0.id,s1_0.title from sections s1_0 where s1_0.course_id=?
2026-03-11T10:03:41.392+05:30 DEBUG 12812 --- [backend] [http-nio-8081-exec-5] org.hibernate.SQL                        : select c1_0.id,c1_0.bg_color,c1_0.border_color,c1_0.color,c1_0.description,c1_0.discount,c1_0.domain,c1_0.duration,c1_0.gradient,c1_0.icon_name,c1_0.level,c1_0.live_link,c1_0.name,c1_0.shadow,c1_0.slug,c1_0.total_fee from courses c1_0
2026-03-11T10:03:41.415+05:30 DEBUG 12812 --- [backend] [http-nio-8081-exec-5] org.hibernate.SQL                        : select s1_0.course_id,s1_0.id,s1_0.title from sections s1_0 where s1_0.course_id=?
2026-03-11T10:03:41.420+05:30 DEBUG 12812 --- [backend] [http-nio-8081-exec-5] org.hibernate.SQL                        : select v1_0.section_id,v1_0.id,v1_0.duration,v1_0.title,v1_0.type,v1_0.url from videos v1_0 where v1_0.section_id=?
2026-03-11T10:03:41.430+05:30 DEBUG 12812 --- [backend] [http-nio-8081-exec-5] org.hibernate.SQL                        : select q1_0.section_id,q1_0.id,q1_0.description,q1_0.title from quizzes q1_0 where q1_0.section_id in (select s1_0.id from sections s1_0 where s1_0.course_id=?)
2026-03-11T10:03:41.433+05:30 DEBUG 12812 --- [backend] [http-nio-8081-exec-5] org.hibernate.SQL                        : select v1_0.section_id,v1_0.id,v1_0.duration,v1_0.title,v1_0.type,v1_0.url from videos v1_0 where v1_0.section_id=?
2026-03-11T10:03:41.437+05:30 DEBUG 12812 --- [backend] [http-nio-8081-exec-5] org.hibernate.SQL                        : select q1_0.quiz_id,q1_0.id,q1_0.correct_option_index,q1_0.question_text from questions q1_0 where q1_0.quiz_id=?
2026-03-11T10:03:41.440+05:30 DEBUG 12812 --- [backend] [http-nio-8081-exec-5] org.hibernate.SQL                        : select o1_0.question_id,o1_0.option_text from question_options o1_0 where o1_0.question_id=?
2026-03-11T10:03:41.446+05:30 DEBUG 12812 --- [backend] [http-nio-8081-exec-5] org.hibernate.SQL                        : select o1_0.question_id,o1_0.option_text from question_options o1_0 where o1_0.question_id=?
2026-03-11T10:03:41.448+05:30 DEBUG 12812 --- [backend] [http-nio-8081-exec-2] org.hibernate.SQL                        : select t1_0.id,t1_0.course,t1_0.image,t1_0.message,t1_0.name,t1_0.thumbnail,t1_0.video_url from testimonials t1_0 where t1_0.video_url is null
2026-03-11T10:03:41.448+05:30 DEBUG 12812 --- [backend] [http-nio-8081-exec-3] org.hibernate.SQL                        : select t1_0.id,t1_0.course,t1_0.image,t1_0.message,t1_0.name,t1_0.thumbnail,t1_0.video_url from testimonials t1_0 where t1_0.video_url is not null
2026-03-11T10:03:41.452+05:30 DEBUG 12812 --- [backend] [http-nio-8081-exec-5] org.hibernate.SQL                        : select v1_0.section_id,v1_0.id,v1_0.duration,v1_0.title,v1_0.type,v1_0.url from videos v1_0 where v1_0.section_id=?
2026-03-11T10:03:41.460+05:30 DEBUG 12812 --- [backend] [http-nio-8081-exec-5] org.hibernate.SQL                        : select s1_0.course_id,s1_0.id,s1_0.title from sections s1_0 where s1_0.course_id=?
2026-03-11T10:03:41.475+05:30 DEBUG 12812 --- [backend] [http-nio-8081-exec-5] org.hibernate.SQL                        : select s1_0.course_id,s1_0.id,s1_0.title from sections s1_0 where s1_0.course_id=?
2026-03-11T10:03:41.478+05:30 DEBUG 12812 --- [backend] [http-nio-8081-exec-5] org.hibernate.SQL                        : select s1_0.course_id,s1_0.id,s1_0.title from sections s1_0 where s1_0.course_id=?
2026-03-11T10:03:41.481+05:30 DEBUG 12812 --- [backend] [http-nio-8081-exec-5] org.hibernate.SQL                        : select s1_0.course_id,s1_0.id,s1_0.title from sections s1_0 where s1_0.course_id=?
2026-03-11T10:03:41.497+05:30 DEBUG 12812 --- [backend] [http-nio-8081-exec-5] org.hibernate.SQL                        : select s1_0.course_id,s1_0.id,s1_0.title from sections s1_0 where s1_0.course_id=?
2026-03-11T10:03:41.503+05:30 DEBUG 12812 --- [backend] [http-nio-8081-exec-5] org.hibernate.SQL                        : select s1_0.course_id,s1_0.id,s1_0.title from sections s1_0 where s1_0.course_id=?
2026-03-11T10:03:41.508+05:30 DEBUG 12812 --- [backend] [http-nio-8081-exec-5] org.hibernate.SQL                        : select s1_0.course_id,s1_0.id,s1_0.title from sections s1_0 where s1_0.course_id=?
2026-03-11T10:03:41.528+05:30 DEBUG 12812 --- [backend] [http-nio-8081-exec-5] org.hibernate.SQL                        : select s1_0.course_id,s1_0.id,s1_0.title from sections s1_0 where s1_0.course_id=?
2026-03-11T10:03:41.547+05:30 DEBUG 12812 --- [backend] [http-nio-8081-exec-1] org.hibernate.SQL                        : select c1_0.id,c1_0.bg_color,c1_0.border_color,c1_0.color,c1_0.description,c1_0.discount,c1_0.domain,c1_0.duration,c1_0.gradient,c1_0.icon_name,c1_0.level,c1_0.live_link,c1_0.name,c1_0.shadow,c1_0.slug,c1_0.total_fee from courses c1_0
2026-03-11T10:03:41.607+05:30 DEBUG 12812 --- [backend] [http-nio-8081-exec-1] org.hibernate.SQL                        : select s1_0.course_id,s1_0.id,s1_0.title from sections s1_0 where s1_0.course_id=?
2026-03-11T10:03:41.611+05:30 DEBUG 12812 --- [backend] [http-nio-8081-exec-1] org.hibernate.SQL                        : select v1_0.section_id,v1_0.id,v1_0.duration,v1_0.title,v1_0.type,v1_0.url from videos v1_0 where v1_0.section_id=?
2026-03-11T10:03:41.616+05:30 DEBUG 12812 --- [backend] [http-nio-8081-exec-1] org.hibernate.SQL                        : select q1_0.section_id,q1_0.id,q1_0.description,q1_0.title from quizzes q1_0 where q1_0.section_id in (select s1_0.id from sections s1_0 where s1_0.course_id=?)
2026-03-11T10:03:41.620+05:30 DEBUG 12812 --- [backend] [http-nio-8081-exec-1] org.hibernate.SQL                        : select v1_0.section_id,v1_0.id,v1_0.duration,v1_0.title,v1_0.type,v1_0.url from videos v1_0 where v1_0.section_id=?
2026-03-11T10:03:41.628+05:30 DEBUG 12812 --- [backend] [http-nio-8081-exec-1] org.hibernate.SQL                        : select q1_0.quiz_id,q1_0.id,q1_0.correct_option_index,q1_0.question_text from questions q1_0 where q1_0.quiz_id=?
2026-03-11T10:03:41.640+05:30 DEBUG 12812 --- [backend] [http-nio-8081-exec-1] org.hibernate.SQL                        : select o1_0.question_id,o1_0.option_text from question_options o1_0 where o1_0.question_id=?
2026-03-11T10:03:41.643+05:30 DEBUG 12812 --- [backend] [http-nio-8081-exec-1] org.hibernate.SQL                        : select o1_0.question_id,o1_0.option_text from question_options o1_0 where o1_0.question_id=?
2026-03-11T10:03:41.645+05:30 DEBUG 12812 --- [backend] [http-nio-8081-exec-1] org.hibernate.SQL                        : select v1_0.section_id,v1_0.id,v1_0.duration,v1_0.title,v1_0.type,v1_0.url from videos v1_0 where v1_0.section_id=?
2026-03-11T10:03:41.652+05:30 DEBUG 12812 --- [backend] [http-nio-8081-exec-1] org.hibernate.SQL                        : select s1_0.course_id,s1_0.id,s1_0.title from sections s1_0 where s1_0.course_id=?
2026-03-11T10:03:41.657+05:30 DEBUG 12812 --- [backend] [http-nio-8081-exec-1] org.hibernate.SQL                        : select s1_0.course_id,s1_0.id,s1_0.title from sections s1_0 where s1_0.course_id=?
2026-03-11T10:03:41.660+05:30 DEBUG 12812 --- [backend] [http-nio-8081-exec-1] org.hibernate.SQL                        : select s1_0.course_id,s1_0.id,s1_0.title from sections s1_0 where s1_0.course_id=?
2026-03-11T10:03:41.662+05:30 DEBUG 12812 --- [backend] [http-nio-8081-exec-1] org.hibernate.SQL                        : select s1_0.course_id,s1_0.id,s1_0.title from sections s1_0 where s1_0.course_id=?
2026-03-11T10:03:41.667+05:30 DEBUG 12812 --- [backend] [http-nio-8081-exec-1] org.hibernate.SQL                        : select s1_0.course_id,s1_0.id,s1_0.title from sections s1_0 where s1_0.course_id=?
2026-03-11T10:03:41.670+05:30 DEBUG 12812 --- [backend] [http-nio-8081-exec-1] org.hibernate.SQL                        : select s1_0.course_id,s1_0.id,s1_0.title from sections s1_0 where s1_0.course_id=?
2026-03-11T10:03:41.675+05:30 DEBUG 12812 --- [backend] [http-nio-8081-exec-1] org.hibernate.SQL                        : select s1_0.course_id,s1_0.id,s1_0.title from sections s1_0 where s1_0.course_id=?
2026-03-11T10:03:41.677+05:30 DEBUG 12812 --- [backend] [http-nio-8081-exec-1] org.hibernate.SQL                        : select s1_0.course_id,s1_0.id,s1_0.title from sections s1_0 where s1_0.course_id=?
2026-03-11T10:03:41.691+05:30 DEBUG 12812 --- [backend] [http-nio-8081-exec-4] org.hibernate.SQL                        : select c1_0.id,c1_0.bg_color,c1_0.border_color,c1_0.color,c1_0.description,c1_0.discount,c1_0.domain,c1_0.duration,c1_0.gradient,c1_0.icon_name,c1_0.level,c1_0.live_link,c1_0.name,c1_0.shadow,c1_0.slug,c1_0.total_fee from courses c1_0
2026-03-11T10:03:41.705+05:30 DEBUG 12812 --- [backend] [http-nio-8081-exec-4] org.hibernate.SQL                        : select s1_0.course_id,s1_0.id,s1_0.title from sections s1_0 where s1_0.course_id=?
2026-03-11T10:03:41.715+05:30 DEBUG 12812 --- [backend] [http-nio-8081-exec-4] org.hibernate.SQL                        : select v1_0.section_id,v1_0.id,v1_0.duration,v1_0.title,v1_0.type,v1_0.url from videos v1_0 where v1_0.section_id=?
2026-03-11T10:03:41.734+05:30 DEBUG 12812 --- [backend] [http-nio-8081-exec-4] org.hibernate.SQL                        : select q1_0.section_id,q1_0.id,q1_0.description,q1_0.title from quizzes q1_0 where q1_0.section_id in (select s1_0.id from sections s1_0 where s1_0.course_id=?)
2026-03-11T10:03:41.739+05:30 DEBUG 12812 --- [backend] [http-nio-8081-exec-4] org.hibernate.SQL                        : select v1_0.section_id,v1_0.id,v1_0.duration,v1_0.title,v1_0.type,v1_0.url from videos v1_0 where v1_0.section_id=?
2026-03-11T10:03:41.750+05:30 DEBUG 12812 --- [backend] [http-nio-8081-exec-4] org.hibernate.SQL                        : select q1_0.quiz_id,q1_0.id,q1_0.correct_option_index,q1_0.question_text from questions q1_0 where q1_0.quiz_id=?
2026-03-11T10:03:41.754+05:30 DEBUG 12812 --- [backend] [http-nio-8081-exec-4] org.hibernate.SQL                        : select o1_0.question_id,o1_0.option_text from question_options o1_0 where o1_0.question_id=?
2026-03-11T10:03:41.757+05:30 DEBUG 12812 --- [backend] [http-nio-8081-exec-4] org.hibernate.SQL                        : select o1_0.question_id,o1_0.option_text from question_options o1_0 where o1_0.question_id=?
2026-03-11T10:03:41.760+05:30 DEBUG 12812 --- [backend] [http-nio-8081-exec-4] org.hibernate.SQL                        : select v1_0.section_id,v1_0.id,v1_0.duration,v1_0.title,v1_0.type,v1_0.url from videos v1_0 where v1_0.section_id=?
2026-03-11T10:03:41.764+05:30 DEBUG 12812 --- [backend] [http-nio-8081-exec-4] org.hibernate.SQL                        : select s1_0.course_id,s1_0.id,s1_0.title from sections s1_0 where s1_0.course_id=?
2026-03-11T10:03:41.768+05:30 DEBUG 12812 --- [backend] [http-nio-8081-exec-4] org.hibernate.SQL                        : select s1_0.course_id,s1_0.id,s1_0.title from sections s1_0 where s1_0.course_id=?
2026-03-11T10:03:41.772+05:30 DEBUG 12812 --- [backend] [http-nio-8081-exec-4] org.hibernate.SQL                        : select s1_0.course_id,s1_0.id,s1_0.title from sections s1_0 where s1_0.course_id=?
2026-03-11T10:03:41.775+05:30 DEBUG 12812 --- [backend] [http-nio-8081-exec-4] org.hibernate.SQL                        : select s1_0.course_id,s1_0.id,s1_0.title from sections s1_0 where s1_0.course_id=?
2026-03-11T10:03:41.778+05:30 DEBUG 12812 --- [backend] [http-nio-8081-exec-4] org.hibernate.SQL                        : select s1_0.course_id,s1_0.id,s1_0.title from sections s1_0 where s1_0.course_id=?
2026-03-11T10:03:41.783+05:30 DEBUG 12812 --- [backend] [http-nio-8081-exec-4] org.hibernate.SQL                        : select s1_0.course_id,s1_0.id,s1_0.title from sections s1_0 where s1_0.course_id=?
2026-03-11T10:03:41.788+05:30 DEBUG 12812 --- [backend] [http-nio-8081-exec-4] org.hibernate.SQL                        : select s1_0.course_id,s1_0.id,s1_0.title from sections s1_0 where s1_0.course_id=?
2026-03-11T10:03:41.791+05:30 DEBUG 12812 --- [backend] [http-nio-8081-exec-4] org.hibernate.SQL                        : select s1_0.course_id,s1_0.id,s1_0.title from sections s1_0 where s1_0.course_id=?
2026-03-11T10:03:41.806+05:30 DEBUG 12812 --- [backend] [http-nio-8081-exec-7] org.hibernate.SQL                        : select c1_0.id,c1_0.bg_color,c1_0.border_color,c1_0.color,c1_0.description,c1_0.discount,c1_0.domain,c1_0.duration,c1_0.gradient,c1_0.icon_name,c1_0.level,c1_0.live_link,c1_0.name,c1_0.shadow,c1_0.slug,c1_0.total_fee from courses c1_0
2026-03-11T10:03:41.829+05:30 DEBUG 12812 --- [backend] [http-nio-8081-exec-7] org.hibernate.SQL                        : select s1_0.course_id,s1_0.id,s1_0.title from sections s1_0 where s1_0.course_id=?
2026-03-11T10:03:41.832+05:30 DEBUG 12812 --- [backend] [http-nio-8081-exec-7] org.hibernate.SQL                        : select v1_0.section_id,v1_0.id,v1_0.duration,v1_0.title,v1_0.type,v1_0.url from videos v1_0 where v1_0.section_id=?
2026-03-11T10:03:41.839+05:30 DEBUG 12812 --- [backend] [http-nio-8081-exec-7] org.hibernate.SQL                        : select q1_0.section_id,q1_0.id,q1_0.description,q1_0.title from quizzes q1_0 where q1_0.section_id in (select s1_0.id from sections s1_0 where s1_0.course_id=?)
2026-03-11T10:03:41.843+05:30 DEBUG 12812 --- [backend] [http-nio-8081-exec-7] org.hibernate.SQL                        : select v1_0.section_id,v1_0.id,v1_0.duration,v1_0.title,v1_0.type,v1_0.url from videos v1_0 where v1_0.section_id=?
2026-03-11T10:03:41.846+05:30 DEBUG 12812 --- [backend] [http-nio-8081-exec-7] org.hibernate.SQL                        : select q1_0.quiz_id,q1_0.id,q1_0.correct_option_index,q1_0.question_text from questions q1_0 where q1_0.quiz_id=?
2026-03-11T10:03:41.848+05:30 DEBUG 12812 --- [backend] [http-nio-8081-exec-7] org.hibernate.SQL                        : select o1_0.question_id,o1_0.option_text from question_options o1_0 where o1_0.question_id=?
2026-03-11T10:03:41.852+05:30 DEBUG 12812 --- [backend] [http-nio-8081-exec-7] org.hibernate.SQL                        : select o1_0.question_id,o1_0.option_text from question_options o1_0 where o1_0.question_id=?
2026-03-11T10:03:41.855+05:30 DEBUG 12812 --- [backend] [http-nio-8081-exec-7] org.hibernate.SQL                        : select v1_0.section_id,v1_0.id,v1_0.duration,v1_0.title,v1_0.type,v1_0.url from videos v1_0 where v1_0.section_id=?
2026-03-11T10:03:41.859+05:30 DEBUG 12812 --- [backend] [http-nio-8081-exec-7] org.hibernate.SQL                        : select s1_0.course_id,s1_0.id,s1_0.title from sections s1_0 where s1_0.course_id=?
2026-03-11T10:03:41.862+05:30 DEBUG 12812 --- [backend] [http-nio-8081-exec-7] org.hibernate.SQL                        : select s1_0.course_id,s1_0.id,s1_0.title from sections s1_0 where s1_0.course_id=?
2026-03-11T10:03:41.864+05:30 DEBUG 12812 --- [backend] [http-nio-8081-exec-7] org.hibernate.SQL                        : select s1_0.course_id,s1_0.id,s1_0.title from sections s1_0 where s1_0.course_id=?
2026-03-11T10:03:41.867+05:30 DEBUG 12812 --- [backend] [http-nio-8081-exec-7] org.hibernate.SQL                        : select s1_0.course_id,s1_0.id,s1_0.title from sections s1_0 where s1_0.course_id=?
2026-03-11T10:03:41.871+05:30 DEBUG 12812 --- [backend] [http-nio-8081-exec-7] org.hibernate.SQL                        : select s1_0.course_id,s1_0.id,s1_0.title from sections s1_0 where s1_0.course_id=?
2026-03-11T10:03:41.875+05:30 DEBUG 12812 --- [backend] [http-nio-8081-exec-7] org.hibernate.SQL                        : select s1_0.course_id,s1_0.id,s1_0.title from sections s1_0 where s1_0.course_id=?
2026-03-11T10:03:41.878+05:30 DEBUG 12812 --- [backend] [http-nio-8081-exec-7] org.hibernate.SQL                        : select s1_0.course_id,s1_0.id,s1_0.title from sections s1_0 where s1_0.course_id=?
2026-03-11T10:03:41.881+05:30 DEBUG 12812 --- [backend] [http-nio-8081-exec-7] org.hibernate.SQL                        : select s1_0.course_id,s1_0.id,s1_0.title from sections s1_0 where s1_0.course_id=?
2026-03-11T10:03:41.892+05:30 DEBUG 12812 --- [backend] [http-nio-8081-exec-6] org.hibernate.SQL                        : select c1_0.id,c1_0.bg_color,c1_0.border_color,c1_0.color,c1_0.description,c1_0.discount,c1_0.domain,c1_0.duration,c1_0.gradient,c1_0.icon_name,c1_0.level,c1_0.live_link,c1_0.name,c1_0.shadow,c1_0.slug,c1_0.total_fee from courses c1_0
2026-03-11T10:03:41.900+05:30 DEBUG 12812 --- [backend] [http-nio-8081-exec-6] org.hibernate.SQL                        : select s1_0.course_id,s1_0.id,s1_0.title from sections s1_0 where s1_0.course_id=?
2026-03-11T10:03:41.904+05:30 DEBUG 12812 --- [backend] [http-nio-8081-exec-6] org.hibernate.SQL                        : select v1_0.section_id,v1_0.id,v1_0.duration,v1_0.title,v1_0.type,v1_0.url from videos v1_0 where v1_0.section_id=?
2026-03-11T10:03:41.908+05:30 DEBUG 12812 --- [backend] [http-nio-8081-exec-6] org.hibernate.SQL                        : select q1_0.section_id,q1_0.id,q1_0.description,q1_0.title from quizzes q1_0 where q1_0.section_id in (select s1_0.id from sections s1_0 where s1_0.course_id=?)
2026-03-11T10:03:41.910+05:30 DEBUG 12812 --- [backend] [http-nio-8081-exec-6] org.hibernate.SQL                        : select v1_0.section_id,v1_0.id,v1_0.duration,v1_0.title,v1_0.type,v1_0.url from videos v1_0 where v1_0.section_id=?
2026-03-11T10:03:41.914+05:30 DEBUG 12812 --- [backend] [http-nio-8081-exec-6] org.hibernate.SQL                        : select q1_0.quiz_id,q1_0.id,q1_0.correct_option_index,q1_0.question_text from questions q1_0 where q1_0.quiz_id=?
2026-03-11T10:03:41.917+05:30 DEBUG 12812 --- [backend] [http-nio-8081-exec-6] org.hibernate.SQL                        : select o1_0.question_id,o1_0.option_text from question_options o1_0 where o1_0.question_id=?
2026-03-11T10:03:41.920+05:30 DEBUG 12812 --- [backend] [http-nio-8081-exec-6] org.hibernate.SQL                        : select o1_0.question_id,o1_0.option_text from question_options o1_0 where o1_0.question_id=?
2026-03-11T10:03:41.923+05:30 DEBUG 12812 --- [backend] [http-nio-8081-exec-6] org.hibernate.SQL                        : select v1_0.section_id,v1_0.id,v1_0.duration,v1_0.title,v1_0.type,v1_0.url from videos v1_0 where v1_0.section_id=?
2026-03-11T10:03:41.937+05:30 DEBUG 12812 --- [backend] [http-nio-8081-exec-6] org.hibernate.SQL                        : select s1_0.course_id,s1_0.id,s1_0.title from sections s1_0 where s1_0.course_id=?
2026-03-11T10:03:41.939+05:30 DEBUG 12812 --- [backend] [http-nio-8081-exec-6] org.hibernate.SQL                        : select s1_0.course_id,s1_0.id,s1_0.title from sections s1_0 where s1_0.course_id=?
2026-03-11T10:03:41.941+05:30 DEBUG 12812 --- [backend] [http-nio-8081-exec-6] org.hibernate.SQL                        : select s1_0.course_id,s1_0.id,s1_0.title from sections s1_0 where s1_0.course_id=?
2026-03-11T10:03:41.944+05:30 DEBUG 12812 --- [backend] [http-nio-8081-exec-6] org.hibernate.SQL                        : select s1_0.course_id,s1_0.id,s1_0.title from sections s1_0 where s1_0.course_id=?
2026-03-11T10:03:41.948+05:30 DEBUG 12812 --- [backend] [http-nio-8081-exec-6] org.hibernate.SQL                        : select s1_0.course_id,s1_0.id,s1_0.title from sections s1_0 where s1_0.course_id=?
2026-03-11T10:03:41.951+05:30 DEBUG 12812 --- [backend] [http-nio-8081-exec-6] org.hibernate.SQL                        : select s1_0.course_id,s1_0.id,s1_0.title from sections s1_0 where s1_0.course_id=?
2026-03-11T10:03:41.954+05:30 DEBUG 12812 --- [backend] [http-nio-8081-exec-6] org.hibernate.SQL                        : select s1_0.course_id,s1_0.id,s1_0.title from sections s1_0 where s1_0.course_id=?
2026-03-11T10:03:41.956+05:30 DEBUG 12812 --- [backend] [http-nio-8081-exec-6] org.hibernate.SQL                        : select s1_0.course_id,s1_0.id,s1_0.title from sections s1_0 where s1_0.course_id=?
2026-03-11T10:03:41.969+05:30 DEBUG 12812 --- [backend] [http-nio-8081-exec-8] org.hibernate.SQL                        : select c1_0.id,c1_0.bg_color,c1_0.border_color,c1_0.color,c1_0.description,c1_0.discount,c1_0.domain,c1_0.duration,c1_0.gradient,c1_0.icon_name,c1_0.level,c1_0.live_link,c1_0.name,c1_0.shadow,c1_0.slug,c1_0.total_fee from courses c1_0
2026-03-11T10:03:41.976+05:30 DEBUG 12812 --- [backend] [http-nio-8081-exec-8] org.hibernate.SQL                        : select s1_0.course_id,s1_0.id,s1_0.title from sections s1_0 where s1_0.course_id=?
2026-03-11T10:03:41.982+05:30 DEBUG 12812 --- [backend] [http-nio-8081-exec-8] org.hibernate.SQL                        : select v1_0.section_id,v1_0.id,v1_0.duration,v1_0.title,v1_0.type,v1_0.url from videos v1_0 where v1_0.section_id=?
2026-03-11T10:03:41.985+05:30 DEBUG 12812 --- [backend] [http-nio-8081-exec-8] org.hibernate.SQL                        : select q1_0.section_id,q1_0.id,q1_0.description,q1_0.title from quizzes q1_0 where q1_0.section_id in (select s1_0.id from sections s1_0 where s1_0.course_id=?)
2026-03-11T10:03:41.989+05:30 DEBUG 12812 --- [backend] [http-nio-8081-exec-8] org.hibernate.SQL                        : select v1_0.section_id,v1_0.id,v1_0.duration,v1_0.title,v1_0.type,v1_0.url from videos v1_0 where v1_0.section_id=?
2026-03-11T10:03:41.992+05:30 DEBUG 12812 --- [backend] [http-nio-8081-exec-8] org.hibernate.SQL                        : select q1_0.quiz_id,q1_0.id,q1_0.correct_option_index,q1_0.question_text from questions q1_0 where q1_0.quiz_id=?
2026-03-11T10:03:41.995+05:30 DEBUG 12812 --- [backend] [http-nio-8081-exec-8] org.hibernate.SQL                        : select o1_0.question_id,o1_0.option_text from question_options o1_0 where o1_0.question_id=?
2026-03-11T10:03:41.998+05:30 DEBUG 12812 --- [backend] [http-nio-8081-exec-8] org.hibernate.SQL                        : select o1_0.question_id,o1_0.option_text from question_options o1_0 where o1_0.question_id=?
2026-03-11T10:03:42.000+05:30 DEBUG 12812 --- [backend] [http-nio-8081-exec-8] org.hibernate.SQL                        : select v1_0.section_id,v1_0.id,v1_0.duration,v1_0.title,v1_0.type,v1_0.url from videos v1_0 where v1_0.section_id=?
2026-03-11T10:03:42.003+05:30 DEBUG 12812 --- [backend] [http-nio-8081-exec-8] org.hibernate.SQL                        : select s1_0.course_id,s1_0.id,s1_0.title from sections s1_0 where s1_0.course_id=?
2026-03-11T10:03:42.005+05:30 DEBUG 12812 --- [backend] [http-nio-8081-exec-8] org.hibernate.SQL                        : select s1_0.course_id,s1_0.id,s1_0.title from sections s1_0 where s1_0.course_id=?
2026-03-11T10:03:42.008+05:30 DEBUG 12812 --- [backend] [http-nio-8081-exec-8] org.hibernate.SQL                        : select s1_0.course_id,s1_0.id,s1_0.title from sections s1_0 where s1_0.course_id=?
2026-03-11T10:03:42.010+05:30 DEBUG 12812 --- [backend] [http-nio-8081-exec-8] org.hibernate.SQL                        : select s1_0.course_id,s1_0.id,s1_0.title from sections s1_0 where s1_0.course_id=?
2026-03-11T10:03:42.015+05:30 DEBUG 12812 --- [backend] [http-nio-8081-exec-8] org.hibernate.SQL                        : select s1_0.course_id,s1_0.id,s1_0.title from sections s1_0 where s1_0.course_id=?
2026-03-11T10:03:42.017+05:30 DEBUG 12812 --- [backend] [http-nio-8081-exec-8] org.hibernate.SQL                        : select s1_0.course_id,s1_0.id,s1_0.title from sections s1_0 where s1_0.course_id=?
2026-03-11T10:03:42.020+05:30 DEBUG 12812 --- [backend] [http-nio-8081-exec-8] org.hibernate.SQL                        : select s1_0.course_id,s1_0.id,s1_0.title from sections s1_0 where s1_0.course_id=?
2026-03-11T10:03:42.022+05:30 DEBUG 12812 --- [backend] [http-nio-8081-exec-8] org.hibernate.SQL                        : select s1_0.course_id,s1_0.id,s1_0.title from sections s1_0 where s1_0.course_id=?
2026-03-11T10:03:42.034+05:30 DEBUG 12812 --- [backend] [http-nio-8081-exec-10] org.hibernate.SQL                        : select c1_0.id,c1_0.bg_color,c1_0.border_color,c1_0.color,c1_0.description,c1_0.discount,c1_0.domain,c1_0.duration,c1_0.gradient,c1_0.icon_name,c1_0.level,c1_0.live_link,c1_0.name,c1_0.shadow,c1_0.slug,c1_0.total_fee from courses c1_0
2026-03-11T10:03:42.044+05:30 DEBUG 12812 --- [backend] [http-nio-8081-exec-10] org.hibernate.SQL                        : select s1_0.course_id,s1_0.id,s1_0.title from sections s1_0 where s1_0.course_id=?
2026-03-11T10:03:42.048+05:30 DEBUG 12812 --- [backend] [http-nio-8081-exec-10] org.hibernate.SQL                        : select v1_0.section_id,v1_0.id,v1_0.duration,v1_0.title,v1_0.type,v1_0.url from videos v1_0 where v1_0.section_id=?
2026-03-11T10:03:42.052+05:30 DEBUG 12812 --- [backend] [http-nio-8081-exec-10] org.hibernate.SQL                        : select q1_0.section_id,q1_0.id,q1_0.description,q1_0.title from quizzes q1_0 where q1_0.section_id in (select s1_0.id from sections s1_0 where s1_0.course_id=?)
2026-03-11T10:03:42.055+05:30 DEBUG 12812 --- [backend] [http-nio-8081-exec-10] org.hibernate.SQL                        : select v1_0.section_id,v1_0.id,v1_0.duration,v1_0.title,v1_0.type,v1_0.url from videos v1_0 where v1_0.section_id=?
2026-03-11T10:03:42.059+05:30 DEBUG 12812 --- [backend] [http-nio-8081-exec-10] org.hibernate.SQL                        : select q1_0.quiz_id,q1_0.id,q1_0.correct_option_index,q1_0.question_text from questions q1_0 where q1_0.quiz_id=?
2026-03-11T10:03:42.062+05:30 DEBUG 12812 --- [backend] [http-nio-8081-exec-10] org.hibernate.SQL                        : select o1_0.question_id,o1_0.option_text from question_options o1_0 where o1_0.question_id=?
2026-03-11T10:03:42.066+05:30 DEBUG 12812 --- [backend] [http-nio-8081-exec-10] org.hibernate.SQL                        : select o1_0.question_id,o1_0.option_text from question_options o1_0 where o1_0.question_id=?
2026-03-11T10:03:42.069+05:30 DEBUG 12812 --- [backend] [http-nio-8081-exec-10] org.hibernate.SQL                        : select v1_0.section_id,v1_0.id,v1_0.duration,v1_0.title,v1_0.type,v1_0.url from videos v1_0 where v1_0.section_id=?
2026-03-11T10:03:42.072+05:30 DEBUG 12812 --- [backend] [http-nio-8081-exec-10] org.hibernate.SQL                        : select s1_0.course_id,s1_0.id,s1_0.title from sections s1_0 where s1_0.course_id=?
2026-03-11T10:03:42.075+05:30 DEBUG 12812 --- [backend] [http-nio-8081-exec-10] org.hibernate.SQL                        : select s1_0.course_id,s1_0.id,s1_0.title from sections s1_0 where s1_0.course_id=?
2026-03-11T10:03:42.078+05:30 DEBUG 12812 --- [backend] [http-nio-8081-exec-10] org.hibernate.SQL                        : select s1_0.course_id,s1_0.id,s1_0.title from sections s1_0 where s1_0.course_id=?
2026-03-11T10:03:42.081+05:30 DEBUG 12812 --- [backend] [http-nio-8081-exec-10] org.hibernate.SQL                        : select s1_0.course_id,s1_0.id,s1_0.title from sections s1_0 where s1_0.course_id=?
2026-03-11T10:03:42.085+05:30 DEBUG 12812 --- [backend] [http-nio-8081-exec-10] org.hibernate.SQL                        : select s1_0.course_id,s1_0.id,s1_0.title from sections s1_0 where s1_0.course_id=?
2026-03-11T10:03:42.088+05:30 DEBUG 12812 --- [backend] [http-nio-8081-exec-10] org.hibernate.SQL                        : select s1_0.course_id,s1_0.id,s1_0.title from sections s1_0 where s1_0.course_id=?
2026-03-11T10:03:42.091+05:30 DEBUG 12812 --- [backend] [http-nio-8081-exec-10] org.hibernate.SQL                        : select s1_0.course_id,s1_0.id,s1_0.title from sections s1_0 where s1_0.course_id=?
2026-03-11T10:03:42.094+05:30 DEBUG 12812 --- [backend] [http-nio-8081-exec-10] org.hibernate.SQL                        : select s1_0.course_id,s1_0.id,s1_0.title from sections s1_0 where s1_0.course_id=?
2026-03-11T10:03:42.105+05:30 DEBUG 12812 --- [backend] [http-nio-8081-exec-10] org.hibernate.SQL                        : select c1_0.id,c1_0.bg_color,c1_0.border_color,c1_0.color,c1_0.description,c1_0.discount,c1_0.domain,c1_0.duration,c1_0.gradient,c1_0.icon_name,c1_0.level,c1_0.live_link,c1_0.name,c1_0.shadow,c1_0.slug,c1_0.total_fee from courses c1_0
2026-03-11T10:03:42.114+05:30 DEBUG 12812 --- [backend] [http-nio-8081-exec-10] org.hibernate.SQL                        : select s1_0.course_id,s1_0.id,s1_0.title from sections s1_0 where s1_0.course_id=?
2026-03-11T10:03:42.117+05:30 DEBUG 12812 --- [backend] [http-nio-8081-exec-10] org.hibernate.SQL                        : select v1_0.section_id,v1_0.id,v1_0.duration,v1_0.title,v1_0.type,v1_0.url from videos v1_0 where v1_0.section_id=?
2026-03-11T10:03:42.120+05:30 DEBUG 12812 --- [backend] [http-nio-8081-exec-10] org.hibernate.SQL                        : select q1_0.section_id,q1_0.id,q1_0.description,q1_0.title from quizzes q1_0 where q1_0.section_id in (select s1_0.id from sections s1_0 where s1_0.course_id=?)
2026-03-11T10:03:42.124+05:30 DEBUG 12812 --- [backend] [http-nio-8081-exec-10] org.hibernate.SQL                        : select v1_0.section_id,v1_0.id,v1_0.duration,v1_0.title,v1_0.type,v1_0.url from videos v1_0 where v1_0.section_id=?
2026-03-11T10:03:42.127+05:30 DEBUG 12812 --- [backend] [http-nio-8081-exec-10] org.hibernate.SQL                        : select q1_0.quiz_id,q1_0.id,q1_0.correct_option_index,q1_0.question_text from questions q1_0 where q1_0.quiz_id=?
2026-03-11T10:03:42.130+05:30 DEBUG 12812 --- [backend] [http-nio-8081-exec-10] org.hibernate.SQL                        : select o1_0.question_id,o1_0.option_text from question_options o1_0 where o1_0.question_id=?
2026-03-11T10:03:42.132+05:30 DEBUG 12812 --- [backend] [http-nio-8081-exec-10] org.hibernate.SQL                        : select o1_0.question_id,o1_0.option_text from question_options o1_0 where o1_0.question_id=?
2026-03-11T10:03:42.135+05:30 DEBUG 12812 --- [backend] [http-nio-8081-exec-10] org.hibernate.SQL                        : select v1_0.section_id,v1_0.id,v1_0.duration,v1_0.title,v1_0.type,v1_0.url from videos v1_0 where v1_0.section_id=?
2026-03-11T10:03:42.139+05:30 DEBUG 12812 --- [backend] [http-nio-8081-exec-10] org.hibernate.SQL                        : select s1_0.course_id,s1_0.id,s1_0.title from sections s1_0 where s1_0.course_id=?
2026-03-11T10:03:42.142+05:30 DEBUG 12812 --- [backend] [http-nio-8081-exec-10] org.hibernate.SQL                        : select s1_0.course_id,s1_0.id,s1_0.title from sections s1_0 where s1_0.course_id=?
2026-03-11T10:03:42.144+05:30 DEBUG 12812 --- [backend] [http-nio-8081-exec-10] org.hibernate.SQL                        : select s1_0.course_id,s1_0.id,s1_0.title from sections s1_0 where s1_0.course_id=?
2026-03-11T10:03:42.146+05:30 DEBUG 12812 --- [backend] [http-nio-8081-exec-10] org.hibernate.SQL                        : select s1_0.course_id,s1_0.id,s1_0.title from sections s1_0 where s1_0.course_id=?
2026-03-11T10:03:42.148+05:30 DEBUG 12812 --- [backend] [http-nio-8081-exec-10] org.hibernate.SQL                        : select s1_0.course_id,s1_0.id,s1_0.title from sections s1_0 where s1_0.course_id=?
2026-03-11T10:03:42.152+05:30 DEBUG 12812 --- [backend] [http-nio-8081-exec-10] org.hibernate.SQL                        : select s1_0.course_id,s1_0.id,s1_0.title from sections s1_0 where s1_0.course_id=?
2026-03-11T10:03:42.153+05:30 DEBUG 12812 --- [backend] [http-nio-8081-exec-10] org.hibernate.SQL                        : select s1_0.course_id,s1_0.id,s1_0.title from sections s1_0 where s1_0.course_id=?
2026-03-11T10:03:42.156+05:30 DEBUG 12812 --- [backend] [http-nio-8081-exec-10] org.hibernate.SQL                        : select s1_0.course_id,s1_0.id,s1_0.title from sections s1_0 where s1_0.course_id=?
2026-03-11T10:03:42.171+05:30 DEBUG 12812 --- [backend] [http-nio-8081-exec-3] org.hibernate.SQL                        : select c1_0.id,c1_0.bg_color,c1_0.border_color,c1_0.color,c1_0.description,c1_0.discount,c1_0.domain,c1_0.duration,c1_0.gradient,c1_0.icon_name,c1_0.level,c1_0.live_link,c1_0.name,c1_0.shadow,c1_0.slug,c1_0.total_fee from courses c1_0
2026-03-11T10:03:42.180+05:30 DEBUG 12812 --- [backend] [http-nio-8081-exec-3] org.hibernate.SQL                        : select s1_0.course_id,s1_0.id,s1_0.title from sections s1_0 where s1_0.course_id=?
2026-03-11T10:03:42.183+05:30 DEBUG 12812 --- [backend] [http-nio-8081-exec-3] org.hibernate.SQL                        : select v1_0.section_id,v1_0.id,v1_0.duration,v1_0.title,v1_0.type,v1_0.url from videos v1_0 where v1_0.section_id=?
2026-03-11T10:03:42.187+05:30 DEBUG 12812 --- [backend] [http-nio-8081-exec-3] org.hibernate.SQL                        : select q1_0.section_id,q1_0.id,q1_0.description,q1_0.title from quizzes q1_0 where q1_0.section_id in (select s1_0.id from sections s1_0 where s1_0.course_id=?)
2026-03-11T10:03:42.190+05:30 DEBUG 12812 --- [backend] [http-nio-8081-exec-3] org.hibernate.SQL                        : select v1_0.section_id,v1_0.id,v1_0.duration,v1_0.title,v1_0.type,v1_0.url from videos v1_0 where v1_0.section_id=?
2026-03-11T10:03:42.194+05:30 DEBUG 12812 --- [backend] [http-nio-8081-exec-3] org.hibernate.SQL                        : select q1_0.quiz_id,q1_0.id,q1_0.correct_option_index,q1_0.question_text from questions q1_0 where q1_0.quiz_id=?
2026-03-11T10:03:42.198+05:30 DEBUG 12812 --- [backend] [http-nio-8081-exec-3] org.hibernate.SQL                        : select o1_0.question_id,o1_0.option_text from question_options o1_0 where o1_0.question_id=?
2026-03-11T10:03:42.200+05:30 DEBUG 12812 --- [backend] [http-nio-8081-exec-3] org.hibernate.SQL                        : select o1_0.question_id,o1_0.option_text from question_options o1_0 where o1_0.question_id=?
2026-03-11T10:03:42.204+05:30 DEBUG 12812 --- [backend] [http-nio-8081-exec-3] org.hibernate.SQL                        : select v1_0.section_id,v1_0.id,v1_0.duration,v1_0.title,v1_0.type,v1_0.url from videos v1_0 where v1_0.section_id=?
2026-03-11T10:03:42.206+05:30 DEBUG 12812 --- [backend] [http-nio-8081-exec-3] org.hibernate.SQL                        : select s1_0.course_id,s1_0.id,s1_0.title from sections s1_0 where s1_0.course_id=?
2026-03-11T10:03:42.210+05:30 DEBUG 12812 --- [backend] [http-nio-8081-exec-3] org.hibernate.SQL                        : select s1_0.course_id,s1_0.id,s1_0.title from sections s1_0 where s1_0.course_id=?
2026-03-11T10:03:42.214+05:30 DEBUG 12812 --- [backend] [http-nio-8081-exec-3] org.hibernate.SQL                        : select s1_0.course_id,s1_0.id,s1_0.title from sections s1_0 where s1_0.course_id=?
2026-03-11T10:03:42.217+05:30 DEBUG 12812 --- [backend] [http-nio-8081-exec-3] org.hibernate.SQL                        : select s1_0.course_id,s1_0.id,s1_0.title from sections s1_0 where s1_0.course_id=?
2026-03-11T10:03:42.219+05:30 DEBUG 12812 --- [backend] [http-nio-8081-exec-3] org.hibernate.SQL                        : select s1_0.course_id,s1_0.id,s1_0.title from sections s1_0 where s1_0.course_id=?
2026-03-11T10:03:42.223+05:30 DEBUG 12812 --- [backend] [http-nio-8081-exec-3] org.hibernate.SQL                        : select s1_0.course_id,s1_0.id,s1_0.title from sections s1_0 where s1_0.course_id=?
2026-03-11T10:03:42.226+05:30 DEBUG 12812 --- [backend] [http-nio-8081-exec-3] org.hibernate.SQL                        : select s1_0.course_id,s1_0.id,s1_0.title from sections s1_0 where s1_0.course_id=?
2026-03-11T10:03:42.230+05:30 DEBUG 12812 --- [backend] [http-nio-8081-exec-3] org.hibernate.SQL                        : select s1_0.course_id,s1_0.id,s1_0.title from sections s1_0 where s1_0.course_id=?
2026-03-11T10:03:42.246+05:30 DEBUG 12812 --- [backend] [http-nio-8081-exec-3] org.hibernate.SQL                        : select c1_0.id,c1_0.bg_color,c1_0.border_color,c1_0.color,c1_0.description,c1_0.discount,c1_0.domain,c1_0.duration,c1_0.gradient,c1_0.icon_name,c1_0.level,c1_0.live_link,c1_0.name,c1_0.shadow,c1_0.slug,c1_0.total_fee from courses c1_0
2026-03-11T10:03:42.255+05:30 DEBUG 12812 --- [backend] [http-nio-8081-exec-3] org.hibernate.SQL                        : select s1_0.course_id,s1_0.id,s1_0.title from sections s1_0 where s1_0.course_id=?
2026-03-11T10:03:42.258+05:30 DEBUG 12812 --- [backend] [http-nio-8081-exec-3] org.hibernate.SQL                        : select v1_0.section_id,v1_0.id,v1_0.duration,v1_0.title,v1_0.type,v1_0.url from videos v1_0 where v1_0.section_id=?
2026-03-11T10:03:42.263+05:30 DEBUG 12812 --- [backend] [http-nio-8081-exec-3] org.hibernate.SQL                        : select q1_0.section_id,q1_0.id,q1_0.description,q1_0.title from quizzes q1_0 where q1_0.section_id in (select s1_0.id from sections s1_0 where s1_0.course_id=?)
2026-03-11T10:03:42.267+05:30 DEBUG 12812 --- [backend] [http-nio-8081-exec-3] org.hibernate.SQL                        : select v1_0.section_id,v1_0.id,v1_0.duration,v1_0.title,v1_0.type,v1_0.url from videos v1_0 where v1_0.section_id=?
2026-03-11T10:03:42.270+05:30 DEBUG 12812 --- [backend] [http-nio-8081-exec-3] org.hibernate.SQL                        : select q1_0.quiz_id,q1_0.id,q1_0.correct_option_index,q1_0.question_text from questions q1_0 where q1_0.quiz_id=?
2026-03-11T10:03:42.273+05:30 DEBUG 12812 --- [backend] [http-nio-8081-exec-3] org.hibernate.SQL                        : select o1_0.question_id,o1_0.option_text from question_options o1_0 where o1_0.question_id=?
2026-03-11T10:03:42.276+05:30 DEBUG 12812 --- [backend] [http-nio-8081-exec-3] org.hibernate.SQL                        : select o1_0.question_id,o1_0.option_text from question_options o1_0 where o1_0.question_id=?
2026-03-11T10:03:42.279+05:30 DEBUG 12812 --- [backend] [http-nio-8081-exec-3] org.hibernate.SQL                        : select v1_0.section_id,v1_0.id,v1_0.duration,v1_0.title,v1_0.type,v1_0.url from videos v1_0 where v1_0.section_id=?
2026-03-11T10:03:42.284+05:30 DEBUG 12812 --- [backend] [http-nio-8081-exec-3] org.hibernate.SQL                        : select s1_0.course_id,s1_0.id,s1_0.title from sections s1_0 where s1_0.course_id=?
2026-03-11T10:03:42.287+05:30 DEBUG 12812 --- [backend] [http-nio-8081-exec-3] org.hibernate.SQL                        : select s1_0.course_id,s1_0.id,s1_0.title from sections s1_0 where s1_0.course_id=?
2026-03-11T10:03:42.289+05:30 DEBUG 12812 --- [backend] [http-nio-8081-exec-3] org.hibernate.SQL                        : select s1_0.course_id,s1_0.id,s1_0.title from sections s1_0 where s1_0.course_id=?
2026-03-11T10:03:42.292+05:30 DEBUG 12812 --- [backend] [http-nio-8081-exec-3] org.hibernate.SQL                        : select s1_0.course_id,s1_0.id,s1_0.title from sections s1_0 where s1_0.course_id=?
2026-03-11T10:03:42.296+05:30 DEBUG 12812 --- [backend] [http-nio-8081-exec-3] org.hibernate.SQL                        : select s1_0.course_id,s1_0.id,s1_0.title from sections s1_0 where s1_0.course_id=?
2026-03-11T10:03:42.298+05:30 DEBUG 12812 --- [backend] [http-nio-8081-exec-3] org.hibernate.SQL                        : select s1_0.course_id,s1_0.id,s1_0.title from sections s1_0 where s1_0.course_id=?
2026-03-11T10:03:42.303+05:30 DEBUG 12812 --- [backend] [http-nio-8081-exec-3] org.hibernate.SQL                        : select s1_0.course_id,s1_0.id,s1_0.title from sections s1_0 where s1_0.course_id=?
2026-03-11T10:03:42.306+05:30 DEBUG 12812 --- [backend] [http-nio-8081-exec-3] org.hibernate.SQL                        : select s1_0.course_id,s1_0.id,s1_0.title from sections s1_0 where s1_0.course_id=?
2026-03-11T10:03:42.324+05:30 DEBUG 12812 --- [backend] [http-nio-8081-exec-5] org.hibernate.SQL                        : select c1_0.id,c1_0.bg_color,c1_0.border_color,c1_0.color,c1_0.description,c1_0.discount,c1_0.domain,c1_0.duration,c1_0.gradient,c1_0.icon_name,c1_0.level,c1_0.live_link,c1_0.name,c1_0.shadow,c1_0.slug,c1_0.total_fee from courses c1_0
2026-03-11T10:03:42.337+05:30 DEBUG 12812 --- [backend] [http-nio-8081-exec-5] org.hibernate.SQL                        : select s1_0.course_id,s1_0.id,s1_0.title from sections s1_0 where s1_0.course_id=?
2026-03-11T10:03:42.340+05:30 DEBUG 12812 --- [backend] [http-nio-8081-exec-5] org.hibernate.SQL                        : select v1_0.section_id,v1_0.id,v1_0.duration,v1_0.title,v1_0.type,v1_0.url from videos v1_0 where v1_0.section_id=?
2026-03-11T10:03:42.344+05:30 DEBUG 12812 --- [backend] [http-nio-8081-exec-5] org.hibernate.SQL                        : select q1_0.section_id,q1_0.id,q1_0.description,q1_0.title from quizzes q1_0 where q1_0.section_id in (select s1_0.id from sections s1_0 where s1_0.course_id=?)
2026-03-11T10:03:42.347+05:30 DEBUG 12812 --- [backend] [http-nio-8081-exec-5] org.hibernate.SQL                        : select v1_0.section_id,v1_0.id,v1_0.duration,v1_0.title,v1_0.type,v1_0.url from videos v1_0 where v1_0.section_id=?
2026-03-11T10:03:42.351+05:30 DEBUG 12812 --- [backend] [http-nio-8081-exec-5] org.hibernate.SQL                        : select q1_0.quiz_id,q1_0.id,q1_0.correct_option_index,q1_0.question_text from questions q1_0 where q1_0.quiz_id=?
2026-03-11T10:03:42.355+05:30 DEBUG 12812 --- [backend] [http-nio-8081-exec-5] org.hibernate.SQL                        : select o1_0.question_id,o1_0.option_text from question_options o1_0 where o1_0.question_id=?
2026-03-11T10:03:42.357+05:30 DEBUG 12812 --- [backend] [http-nio-8081-exec-5] org.hibernate.SQL                        : select o1_0.question_id,o1_0.option_text from question_options o1_0 where o1_0.question_id=?
2026-03-11T10:03:42.360+05:30 DEBUG 12812 --- [backend] [http-nio-8081-exec-5] org.hibernate.SQL                        : select v1_0.section_id,v1_0.id,v1_0.duration,v1_0.title,v1_0.type,v1_0.url from videos v1_0 where v1_0.section_id=?
2026-03-11T10:03:42.363+05:30 DEBUG 12812 --- [backend] [http-nio-8081-exec-5] org.hibernate.SQL                        : select s1_0.course_id,s1_0.id,s1_0.title from sections s1_0 where s1_0.course_id=?
2026-03-11T10:03:42.367+05:30 DEBUG 12812 --- [backend] [http-nio-8081-exec-5] org.hibernate.SQL                        : select s1_0.course_id,s1_0.id,s1_0.title from sections s1_0 where s1_0.course_id=?
2026-03-11T10:03:42.369+05:30 DEBUG 12812 --- [backend] [http-nio-8081-exec-5] org.hibernate.SQL                        : select s1_0.course_id,s1_0.id,s1_0.title from sections s1_0 where s1_0.course_id=?
2026-03-11T10:03:42.372+05:30 DEBUG 12812 --- [backend] [http-nio-8081-exec-5] org.hibernate.SQL                        : select s1_0.course_id,s1_0.id,s1_0.title from sections s1_0 where s1_0.course_id=?
2026-03-11T10:03:42.374+05:30 DEBUG 12812 --- [backend] [http-nio-8081-exec-5] org.hibernate.SQL                        : select s1_0.course_id,s1_0.id,s1_0.title from sections s1_0 where s1_0.course_id=?
2026-03-11T10:03:42.376+05:30 DEBUG 12812 --- [backend] [http-nio-8081-exec-5] org.hibernate.SQL                        : select s1_0.course_id,s1_0.id,s1_0.title from sections s1_0 where s1_0.course_id=?
2026-03-11T10:03:42.379+05:30 DEBUG 12812 --- [backend] [http-nio-8081-exec-5] org.hibernate.SQL                        : select s1_0.course_id,s1_0.id,s1_0.title from sections s1_0 where s1_0.course_id=?
2026-03-11T10:03:42.382+05:30 DEBUG 12812 --- [backend] [http-nio-8081-exec-5] org.hibernate.SQL                        : select s1_0.course_id,s1_0.id,s1_0.title from sections s1_0 where s1_0.course_id=?
2026-03-11T10:03:42.393+05:30 DEBUG 12812 --- [backend] [http-nio-8081-exec-1] org.hibernate.SQL                        : select c1_0.id,c1_0.bg_color,c1_0.border_color,c1_0.color,c1_0.description,c1_0.discount,c1_0.domain,c1_0.duration,c1_0.gradient,c1_0.icon_name,c1_0.level,c1_0.live_link,c1_0.name,c1_0.shadow,c1_0.slug,c1_0.total_fee from courses c1_0
2026-03-11T10:03:42.400+05:30 DEBUG 12812 --- [backend] [http-nio-8081-exec-1] org.hibernate.SQL                        : select s1_0.course_id,s1_0.id,s1_0.title from sections s1_0 where s1_0.course_id=?
2026-03-11T10:03:42.403+05:30 DEBUG 12812 --- [backend] [http-nio-8081-exec-1] org.hibernate.SQL                        : select v1_0.section_id,v1_0.id,v1_0.duration,v1_0.title,v1_0.type,v1_0.url from videos v1_0 where v1_0.section_id=?
2026-03-11T10:03:42.407+05:30 DEBUG 12812 --- [backend] [http-nio-8081-exec-1] org.hibernate.SQL                        : select q1_0.section_id,q1_0.id,q1_0.description,q1_0.title from quizzes q1_0 where q1_0.section_id in (select s1_0.id from sections s1_0 where s1_0.course_id=?)
2026-03-11T10:03:42.410+05:30 DEBUG 12812 --- [backend] [http-nio-8081-exec-1] org.hibernate.SQL                        : select v1_0.section_id,v1_0.id,v1_0.duration,v1_0.title,v1_0.type,v1_0.url from videos v1_0 where v1_0.section_id=?
2026-03-11T10:03:42.415+05:30 DEBUG 12812 --- [backend] [http-nio-8081-exec-1] org.hibernate.SQL                        : select q1_0.quiz_id,q1_0.id,q1_0.correct_option_index,q1_0.question_text from questions q1_0 where q1_0.quiz_id=?
2026-03-11T10:03:42.420+05:30 DEBUG 12812 --- [backend] [http-nio-8081-exec-1] org.hibernate.SQL                        : select o1_0.question_id,o1_0.option_text from question_options o1_0 where o1_0.question_id=?
2026-03-11T10:03:42.425+05:30 DEBUG 12812 --- [backend] [http-nio-8081-exec-1] org.hibernate.SQL                        : select o1_0.question_id,o1_0.option_text from question_options o1_0 where o1_0.question_id=?
2026-03-11T10:03:42.428+05:30 DEBUG 12812 --- [backend] [http-nio-8081-exec-1] org.hibernate.SQL                        : select v1_0.section_id,v1_0.id,v1_0.duration,v1_0.title,v1_0.type,v1_0.url from videos v1_0 where v1_0.section_id=?
2026-03-11T10:03:42.430+05:30 DEBUG 12812 --- [backend] [http-nio-8081-exec-1] org.hibernate.SQL                        : select s1_0.course_id,s1_0.id,s1_0.title from sections s1_0 where s1_0.course_id=?
2026-03-11T10:03:42.434+05:30 DEBUG 12812 --- [backend] [http-nio-8081-exec-1] org.hibernate.SQL                        : select s1_0.course_id,s1_0.id,s1_0.title from sections s1_0 where s1_0.course_id=?
2026-03-11T10:03:42.438+05:30 DEBUG 12812 --- [backend] [http-nio-8081-exec-1] org.hibernate.SQL                        : select s1_0.course_id,s1_0.id,s1_0.title from sections s1_0 where s1_0.course_id=?
2026-03-11T10:03:42.440+05:30 DEBUG 12812 --- [backend] [http-nio-8081-exec-1] org.hibernate.SQL                        : select s1_0.course_id,s1_0.id,s1_0.title from sections s1_0 where s1_0.course_id=?
2026-03-11T10:03:42.442+05:30 DEBUG 12812 --- [backend] [http-nio-8081-exec-1] org.hibernate.SQL                        : select s1_0.course_id,s1_0.id,s1_0.title from sections s1_0 where s1_0.course_id=?
2026-03-11T10:03:42.444+05:30 DEBUG 12812 --- [backend] [http-nio-8081-exec-1] org.hibernate.SQL                        : select s1_0.course_id,s1_0.id,s1_0.title from sections s1_0 where s1_0.course_id=?
2026-03-11T10:03:42.447+05:30 DEBUG 12812 --- [backend] [http-nio-8081-exec-1] org.hibernate.SQL                        : select s1_0.course_id,s1_0.id,s1_0.title from sections s1_0 where s1_0.course_id=?
2026-03-11T10:03:42.448+05:30 DEBUG 12812 --- [backend] [http-nio-8081-exec-1] org.hibernate.SQL                        : select s1_0.course_id,s1_0.id,s1_0.title from sections s1_0 where s1_0.course_id=?
2026-03-11T10:03:42.461+05:30 DEBUG 12812 --- [backend] [http-nio-8081-exec-4] org.hibernate.SQL                        : select c1_0.id,c1_0.bg_color,c1_0.border_color,c1_0.color,c1_0.description,c1_0.discount,c1_0.domain,c1_0.duration,c1_0.gradient,c1_0.icon_name,c1_0.level,c1_0.live_link,c1_0.name,c1_0.shadow,c1_0.slug,c1_0.total_fee from courses c1_0
2026-03-11T10:03:42.467+05:30 DEBUG 12812 --- [backend] [http-nio-8081-exec-4] org.hibernate.SQL                        : select s1_0.course_id,s1_0.id,s1_0.title from sections s1_0 where s1_0.course_id=?
2026-03-11T10:03:42.472+05:30 DEBUG 12812 --- [backend] [http-nio-8081-exec-4] org.hibernate.SQL                        : select v1_0.section_id,v1_0.id,v1_0.duration,v1_0.title,v1_0.type,v1_0.url from videos v1_0 where v1_0.section_id=?
2026-03-11T10:03:42.473+05:30 DEBUG 12812 --- [backend] [http-nio-8081-exec-4] org.hibernate.SQL                        : select q1_0.section_id,q1_0.id,q1_0.description,q1_0.title from quizzes q1_0 where q1_0.section_id in (select s1_0.id from sections s1_0 where s1_0.course_id=?)
2026-03-11T10:03:42.479+05:30 DEBUG 12812 --- [backend] [http-nio-8081-exec-4] org.hibernate.SQL                        : select v1_0.section_id,v1_0.id,v1_0.duration,v1_0.title,v1_0.type,v1_0.url from videos v1_0 where v1_0.section_id=?
2026-03-11T10:03:42.482+05:30 DEBUG 12812 --- [backend] [http-nio-8081-exec-4] org.hibernate.SQL                        : select q1_0.quiz_id,q1_0.id,q1_0.correct_option_index,q1_0.question_text from questions q1_0 where q1_0.quiz_id=?
2026-03-11T10:03:42.483+05:30 DEBUG 12812 --- [backend] [http-nio-8081-exec-4] org.hibernate.SQL                        : select o1_0.question_id,o1_0.option_text from question_options o1_0 where o1_0.question_id=?
2026-03-11T10:03:42.487+05:30 DEBUG 12812 --- [backend] [http-nio-8081-exec-4] org.hibernate.SQL                        : select o1_0.question_id,o1_0.option_text from question_options o1_0 where o1_0.question_id=?
2026-03-11T10:03:42.489+05:30 DEBUG 12812 --- [backend] [http-nio-8081-exec-4] org.hibernate.SQL                        : select v1_0.section_id,v1_0.id,v1_0.duration,v1_0.title,v1_0.type,v1_0.url from videos v1_0 where v1_0.section_id=?
2026-03-11T10:03:42.492+05:30 DEBUG 12812 --- [backend] [http-nio-8081-exec-4] org.hibernate.SQL                        : select s1_0.course_id,s1_0.id,s1_0.title from sections s1_0 where s1_0.course_id=?
2026-03-11T10:03:42.495+05:30 DEBUG 12812 --- [backend] [http-nio-8081-exec-4] org.hibernate.SQL                        : select s1_0.course_id,s1_0.id,s1_0.title from sections s1_0 where s1_0.course_id=?
2026-03-11T10:03:42.500+05:30 DEBUG 12812 --- [backend] [http-nio-8081-exec-4] org.hibernate.SQL                        : select s1_0.course_id,s1_0.id,s1_0.title from sections s1_0 where s1_0.course_id=?
2026-03-11T10:03:42.503+05:30 DEBUG 12812 --- [backend] [http-nio-8081-exec-4] org.hibernate.SQL                        : select s1_0.course_id,s1_0.id,s1_0.title from sections s1_0 where s1_0.course_id=?
2026-03-11T10:03:42.503+05:30 DEBUG 12812 --- [backend] [http-nio-8081-exec-4] org.hibernate.SQL                        : select s1_0.course_id,s1_0.id,s1_0.title from sections s1_0 where s1_0.course_id=?
2026-03-11T10:03:42.506+05:30 DEBUG 12812 --- [backend] [http-nio-8081-exec-4] org.hibernate.SQL                        : select s1_0.course_id,s1_0.id,s1_0.title from sections s1_0 where s1_0.course_id=?
2026-03-11T10:03:42.506+05:30 DEBUG 12812 --- [backend] [http-nio-8081-exec-4] org.hibernate.SQL                        : select s1_0.course_id,s1_0.id,s1_0.title from sections s1_0 where s1_0.course_id=?
2026-03-11T10:03:42.512+05:30 DEBUG 12812 --- [backend] [http-nio-8081-exec-4] org.hibernate.SQL                        : select s1_0.course_id,s1_0.id,s1_0.title from sections s1_0 where s1_0.course_id=?
2026-03-11T10:03:42.524+05:30 DEBUG 12812 --- [backend] [http-nio-8081-exec-7] org.hibernate.SQL                        : select c1_0.id,c1_0.bg_color,c1_0.border_color,c1_0.color,c1_0.description,c1_0.discount,c1_0.domain,c1_0.duration,c1_0.gradient,c1_0.icon_name,c1_0.level,c1_0.live_link,c1_0.name,c1_0.shadow,c1_0.slug,c1_0.total_fee from courses c1_0
2026-03-11T10:03:42.535+05:30 DEBUG 12812 --- [backend] [http-nio-8081-exec-7] org.hibernate.SQL                        : select s1_0.course_id,s1_0.id,s1_0.title from sections s1_0 where s1_0.course_id=?
2026-03-11T10:03:42.539+05:30 DEBUG 12812 --- [backend] [http-nio-8081-exec-7] org.hibernate.SQL                        : select v1_0.section_id,v1_0.id,v1_0.duration,v1_0.title,v1_0.type,v1_0.url from videos v1_0 where v1_0.section_id=?
2026-03-11T10:03:42.542+05:30 DEBUG 12812 --- [backend] [http-nio-8081-exec-7] org.hibernate.SQL                        : select q1_0.section_id,q1_0.id,q1_0.description,q1_0.title from quizzes q1_0 where q1_0.section_id in (select s1_0.id from sections s1_0 where s1_0.course_id=?)
2026-03-11T10:03:42.553+05:30 DEBUG 12812 --- [backend] [http-nio-8081-exec-7] org.hibernate.SQL                        : select v1_0.section_id,v1_0.id,v1_0.duration,v1_0.title,v1_0.type,v1_0.url from videos v1_0 where v1_0.section_id=?
2026-03-11T10:03:42.556+05:30 DEBUG 12812 --- [backend] [http-nio-8081-exec-7] org.hibernate.SQL                        : select q1_0.quiz_id,q1_0.id,q1_0.correct_option_index,q1_0.question_text from questions q1_0 where q1_0.quiz_id=?
2026-03-11T10:03:42.556+05:30 DEBUG 12812 --- [backend] [http-nio-8081-exec-7] org.hibernate.SQL                        : select o1_0.question_id,o1_0.option_text from question_options o1_0 where o1_0.question_id=?
2026-03-11T10:03:42.560+05:30 DEBUG 12812 --- [backend] [http-nio-8081-exec-7] org.hibernate.SQL                        : select o1_0.question_id,o1_0.option_text from question_options o1_0 where o1_0.question_id=?
2026-03-11T10:03:42.564+05:30 DEBUG 12812 --- [backend] [http-nio-8081-exec-7] org.hibernate.SQL                        : select v1_0.section_id,v1_0.id,v1_0.duration,v1_0.title,v1_0.type,v1_0.url from videos v1_0 where v1_0.section_id=?
2026-03-11T10:03:42.569+05:30 DEBUG 12812 --- [backend] [http-nio-8081-exec-7] org.hibernate.SQL                        : select s1_0.course_id,s1_0.id,s1_0.title from sections s1_0 where s1_0.course_id=?
2026-03-11T10:03:42.572+05:30 DEBUG 12812 --- [backend] [http-nio-8081-exec-7] org.hibernate.SQL                        : select s1_0.course_id,s1_0.id,s1_0.title from sections s1_0 where s1_0.course_id=?
2026-03-11T10:03:42.574+05:30 DEBUG 12812 --- [backend] [http-nio-8081-exec-7] org.hibernate.SQL                        : select s1_0.course_id,s1_0.id,s1_0.title from sections s1_0 where s1_0.course_id=?
2026-03-11T10:03:42.576+05:30 DEBUG 12812 --- [backend] [http-nio-8081-exec-7] org.hibernate.SQL                        : select s1_0.course_id,s1_0.id,s1_0.title from sections s1_0 where s1_0.course_id=?
2026-03-11T10:03:42.582+05:30 DEBUG 12812 --- [backend] [http-nio-8081-exec-7] org.hibernate.SQL                        : select s1_0.course_id,s1_0.id,s1_0.title from sections s1_0 where s1_0.course_id=?
2026-03-11T10:03:42.584+05:30 DEBUG 12812 --- [backend] [http-nio-8081-exec-7] org.hibernate.SQL                        : select s1_0.course_id,s1_0.id,s1_0.title from sections s1_0 where s1_0.course_id=?
2026-03-11T10:03:42.586+05:30 DEBUG 12812 --- [backend] [http-nio-8081-exec-7] org.hibernate.SQL                        : select s1_0.course_id,s1_0.id,s1_0.title from sections s1_0 where s1_0.course_id=?
2026-03-11T10:03:42.592+05:30 DEBUG 12812 --- [backend] [http-nio-8081-exec-7] org.hibernate.SQL                        : select s1_0.course_id,s1_0.id,s1_0.title from sections s1_0 where s1_0.course_id=?
2026-03-11T10:03:42.609+05:30 DEBUG 12812 --- [backend] [http-nio-8081-exec-6] org.hibernate.SQL                        : select c1_0.id,c1_0.bg_color,c1_0.border_color,c1_0.color,c1_0.description,c1_0.discount,c1_0.domain,c1_0.duration,c1_0.gradient,c1_0.icon_name,c1_0.level,c1_0.live_link,c1_0.name,c1_0.shadow,c1_0.slug,c1_0.total_fee from courses c1_0
2026-03-11T10:03:42.616+05:30 DEBUG 12812 --- [backend] [http-nio-8081-exec-6] org.hibernate.SQL                        : select s1_0.course_id,s1_0.id,s1_0.title from sections s1_0 where s1_0.course_id=?
2026-03-11T10:03:42.623+05:30 DEBUG 12812 --- [backend] [http-nio-8081-exec-6] org.hibernate.SQL                        : select v1_0.section_id,v1_0.id,v1_0.duration,v1_0.title,v1_0.type,v1_0.url from videos v1_0 where v1_0.section_id=?
2026-03-11T10:03:42.626+05:30 DEBUG 12812 --- [backend] [http-nio-8081-exec-6] org.hibernate.SQL                        : select q1_0.section_id,q1_0.id,q1_0.description,q1_0.title from quizzes q1_0 where q1_0.section_id in (select s1_0.id from sections s1_0 where s1_0.course_id=?)
2026-03-11T10:03:42.627+05:30 DEBUG 12812 --- [backend] [http-nio-8081-exec-6] org.hibernate.SQL                        : select v1_0.section_id,v1_0.id,v1_0.duration,v1_0.title,v1_0.type,v1_0.url from videos v1_0 where v1_0.section_id=?
2026-03-11T10:03:42.632+05:30 DEBUG 12812 --- [backend] [http-nio-8081-exec-6] org.hibernate.SQL                        : select q1_0.quiz_id,q1_0.id,q1_0.correct_option_index,q1_0.question_text from questions q1_0 where q1_0.quiz_id=?
2026-03-11T10:03:42.632+05:30 DEBUG 12812 --- [backend] [http-nio-8081-exec-6] org.hibernate.SQL                        : select o1_0.question_id,o1_0.option_text from question_options o1_0 where o1_0.question_id=?
2026-03-11T10:03:42.636+05:30 DEBUG 12812 --- [backend] [http-nio-8081-exec-6] org.hibernate.SQL                        : select o1_0.question_id,o1_0.option_text from question_options o1_0 where o1_0.question_id=?
2026-03-11T10:03:42.639+05:30 DEBUG 12812 --- [backend] [http-nio-8081-exec-6] org.hibernate.SQL                        : select v1_0.section_id,v1_0.id,v1_0.duration,v1_0.title,v1_0.type,v1_0.url from videos v1_0 where v1_0.section_id=?
2026-03-11T10:03:42.642+05:30 DEBUG 12812 --- [backend] [http-nio-8081-exec-6] org.hibernate.SQL                        : select s1_0.course_id,s1_0.id,s1_0.title from sections s1_0 where s1_0.course_id=?
2026-03-11T10:03:42.644+05:30 DEBUG 12812 --- [backend] [http-nio-8081-exec-6] org.hibernate.SQL                        : select s1_0.course_id,s1_0.id,s1_0.title from sections s1_0 where s1_0.course_id=?
2026-03-11T10:03:42.644+05:30 DEBUG 12812 --- [backend] [http-nio-8081-exec-6] org.hibernate.SQL                        : select s1_0.course_id,s1_0.id,s1_0.title from sections s1_0 where s1_0.course_id=?
2026-03-11T10:03:42.648+05:30 DEBUG 12812 --- [backend] [http-nio-8081-exec-6] org.hibernate.SQL                        : select s1_0.course_id,s1_0.id,s1_0.title from sections s1_0 where s1_0.course_id=?
2026-03-11T10:03:42.649+05:30 DEBUG 12812 --- [backend] [http-nio-8081-exec-6] org.hibernate.SQL                        : select s1_0.course_id,s1_0.id,s1_0.title from sections s1_0 where s1_0.course_id=?
2026-03-11T10:03:42.652+05:30 DEBUG 12812 --- [backend] [http-nio-8081-exec-6] org.hibernate.SQL                        : select s1_0.course_id,s1_0.id,s1_0.title from sections s1_0 where s1_0.course_id=?
2026-03-11T10:03:42.654+05:30 DEBUG 12812 --- [backend] [http-nio-8081-exec-6] org.hibernate.SQL                        : select s1_0.course_id,s1_0.id,s1_0.title from sections s1_0 where s1_0.course_id=?
2026-03-11T10:03:42.657+05:30 DEBUG 12812 --- [backend] [http-nio-8081-exec-6] org.hibernate.SQL                        : select s1_0.course_id,s1_0.id,s1_0.title from sections s1_0 where s1_0.course_id=?
2026-03-11T10:03:42.665+05:30 DEBUG 12812 --- [backend] [http-nio-8081-exec-8] org.hibernate.SQL                        : select c1_0.id,c1_0.bg_color,c1_0.border_color,c1_0.color,c1_0.description,c1_0.discount,c1_0.domain,c1_0.duration,c1_0.gradient,c1_0.icon_name,c1_0.level,c1_0.live_link,c1_0.name,c1_0.shadow,c1_0.slug,c1_0.total_fee from courses c1_0
2026-03-11T10:03:42.673+05:30 DEBUG 12812 --- [backend] [http-nio-8081-exec-8] org.hibernate.SQL                        : select s1_0.course_id,s1_0.id,s1_0.title from sections s1_0 where s1_0.course_id=?
2026-03-11T10:03:42.673+05:30 DEBUG 12812 --- [backend] [http-nio-8081-exec-8] org.hibernate.SQL                        : select v1_0.section_id,v1_0.id,v1_0.duration,v1_0.title,v1_0.type,v1_0.url from videos v1_0 where v1_0.section_id=?
2026-03-11T10:03:42.678+05:30 DEBUG 12812 --- [backend] [http-nio-8081-exec-8] org.hibernate.SQL                        : select q1_0.section_id,q1_0.id,q1_0.description,q1_0.title from quizzes q1_0 where q1_0.section_id in (select s1_0.id from sections s1_0 where s1_0.course_id=?)
2026-03-11T10:03:42.682+05:30 DEBUG 12812 --- [backend] [http-nio-8081-exec-8] org.hibernate.SQL                        : select v1_0.section_id,v1_0.id,v1_0.duration,v1_0.title,v1_0.type,v1_0.url from videos v1_0 where v1_0.section_id=?
2026-03-11T10:03:42.684+05:30 DEBUG 12812 --- [backend] [http-nio-8081-exec-8] org.hibernate.SQL                        : select q1_0.quiz_id,q1_0.id,q1_0.correct_option_index,q1_0.question_text from questions q1_0 where q1_0.quiz_id=?
2026-03-11T10:03:42.684+05:30 DEBUG 12812 --- [backend] [http-nio-8081-exec-8] org.hibernate.SQL                        : select o1_0.question_id,o1_0.option_text from question_options o1_0 where o1_0.question_id=?
2026-03-11T10:03:42.689+05:30 DEBUG 12812 --- [backend] [http-nio-8081-exec-8] org.hibernate.SQL                        : select o1_0.question_id,o1_0.option_text from question_options o1_0 where o1_0.question_id=?
2026-03-11T10:03:42.691+05:30 DEBUG 12812 --- [backend] [http-nio-8081-exec-8] org.hibernate.SQL                        : select v1_0.section_id,v1_0.id,v1_0.duration,v1_0.title,v1_0.type,v1_0.url from videos v1_0 where v1_0.section_id=?
2026-03-11T10:03:42.693+05:30 DEBUG 12812 --- [backend] [http-nio-8081-exec-8] org.hibernate.SQL                        : select s1_0.course_id,s1_0.id,s1_0.title from sections s1_0 where s1_0.course_id=?
2026-03-11T10:03:42.693+05:30 DEBUG 12812 --- [backend] [http-nio-8081-exec-8] org.hibernate.SQL                        : select s1_0.course_id,s1_0.id,s1_0.title from sections s1_0 where s1_0.course_id=?
2026-03-11T10:03:42.698+05:30 DEBUG 12812 --- [backend] [http-nio-8081-exec-8] org.hibernate.SQL                        : select s1_0.course_id,s1_0.id,s1_0.title from sections s1_0 where s1_0.course_id=?
2026-03-11T10:03:42.700+05:30 DEBUG 12812 --- [backend] [http-nio-8081-exec-8] org.hibernate.SQL                        : select s1_0.course_id,s1_0.id,s1_0.title from sections s1_0 where s1_0.course_id=?
2026-03-11T10:03:42.703+05:30 DEBUG 12812 --- [backend] [http-nio-8081-exec-8] org.hibernate.SQL                        : select s1_0.course_id,s1_0.id,s1_0.title from sections s1_0 where s1_0.course_id=?
2026-03-11T10:03:42.705+05:30 DEBUG 12812 --- [backend] [http-nio-8081-exec-8] org.hibernate.SQL                        : select s1_0.course_id,s1_0.id,s1_0.title from sections s1_0 where s1_0.course_id=?
2026-03-11T10:03:42.707+05:30 DEBUG 12812 --- [backend] [http-nio-8081-exec-8] org.hibernate.SQL                        : select s1_0.course_id,s1_0.id,s1_0.title from sections s1_0 where s1_0.course_id=?
2026-03-11T10:03:42.709+05:30 DEBUG 12812 --- [backend] [http-nio-8081-exec-8] org.hibernate.SQL                        : select s1_0.course_id,s1_0.id,s1_0.title from sections s1_0 where s1_0.course_id=?
2026-03-11T10:03:42.722+05:30 DEBUG 12812 --- [backend] [http-nio-8081-exec-9] org.hibernate.SQL                        : select c1_0.id,c1_0.bg_color,c1_0.border_color,c1_0.color,c1_0.description,c1_0.discount,c1_0.domain,c1_0.duration,c1_0.gradient,c1_0.icon_name,c1_0.level,c1_0.live_link,c1_0.name,c1_0.shadow,c1_0.slug,c1_0.total_fee from courses c1_0
2026-03-11T10:03:42.730+05:30 DEBUG 12812 --- [backend] [http-nio-8081-exec-9] org.hibernate.SQL                        : select s1_0.course_id,s1_0.id,s1_0.title from sections s1_0 where s1_0.course_id=?
2026-03-11T10:03:42.734+05:30 DEBUG 12812 --- [backend] [http-nio-8081-exec-9] org.hibernate.SQL                        : select v1_0.section_id,v1_0.id,v1_0.duration,v1_0.title,v1_0.type,v1_0.url from videos v1_0 where v1_0.section_id=?
2026-03-11T10:03:42.734+05:30 DEBUG 12812 --- [backend] [http-nio-8081-exec-9] org.hibernate.SQL                        : select q1_0.section_id,q1_0.id,q1_0.description,q1_0.title from quizzes q1_0 where q1_0.section_id in (select s1_0.id from sections s1_0 where s1_0.course_id=?)
2026-03-11T10:03:42.739+05:30 DEBUG 12812 --- [backend] [http-nio-8081-exec-9] org.hibernate.SQL                        : select v1_0.section_id,v1_0.id,v1_0.duration,v1_0.title,v1_0.type,v1_0.url from videos v1_0 where v1_0.section_id=?
2026-03-11T10:03:42.747+05:30 DEBUG 12812 --- [backend] [http-nio-8081-exec-9] org.hibernate.SQL                        : select q1_0.quiz_id,q1_0.id,q1_0.correct_option_index,q1_0.question_text from questions q1_0 where q1_0.quiz_id=?
2026-03-11T10:03:42.752+05:30 DEBUG 12812 --- [backend] [http-nio-8081-exec-9] org.hibernate.SQL                        : select o1_0.question_id,o1_0.option_text from question_options o1_0 where o1_0.question_id=?
2026-03-11T10:03:42.754+05:30 DEBUG 12812 --- [backend] [http-nio-8081-exec-9] org.hibernate.SQL                        : select o1_0.question_id,o1_0.option_text from question_options o1_0 where o1_0.question_id=?
2026-03-11T10:03:42.754+05:30 DEBUG 12812 --- [backend] [http-nio-8081-exec-9] org.hibernate.SQL                        : select v1_0.section_id,v1_0.id,v1_0.duration,v1_0.title,v1_0.type,v1_0.url from videos v1_0 where v1_0.section_id=?
2026-03-11T10:03:42.759+05:30 DEBUG 12812 --- [backend] [http-nio-8081-exec-9] org.hibernate.SQL                        : select s1_0.course_id,s1_0.id,s1_0.title from sections s1_0 where s1_0.course_id=?
2026-03-11T10:03:42.762+05:30 DEBUG 12812 --- [backend] [http-nio-8081-exec-9] org.hibernate.SQL                        : select s1_0.course_id,s1_0.id,s1_0.title from sections s1_0 where s1_0.course_id=?
2026-03-11T10:03:42.765+05:30 DEBUG 12812 --- [backend] [http-nio-8081-exec-9] org.hibernate.SQL                        : select s1_0.course_id,s1_0.id,s1_0.title from sections s1_0 where s1_0.course_id=?
2026-03-11T10:03:42.765+05:30 DEBUG 12812 --- [backend] [http-nio-8081-exec-9] org.hibernate.SQL                        : select s1_0.course_id,s1_0.id,s1_0.title from sections s1_0 where s1_0.course_id=?
2026-03-11T10:03:42.765+05:30 DEBUG 12812 --- [backend] [http-nio-8081-exec-9] org.hibernate.SQL                        : select s1_0.course_id,s1_0.id,s1_0.title from sections s1_0 where s1_0.course_id=?
2026-03-11T10:03:42.772+05:30 DEBUG 12812 --- [backend] [http-nio-8081-exec-9] org.hibernate.SQL                        : select s1_0.course_id,s1_0.id,s1_0.title from sections s1_0 where s1_0.course_id=?
2026-03-11T10:03:42.774+05:30 DEBUG 12812 --- [backend] [http-nio-8081-exec-9] org.hibernate.SQL                        : select s1_0.course_id,s1_0.id,s1_0.title from sections s1_0 where s1_0.course_id=?
2026-03-11T10:03:42.777+05:30 DEBUG 12812 --- [backend] [http-nio-8081-exec-9] org.hibernate.SQL                        : select s1_0.course_id,s1_0.id,s1_0.title from sections s1_0 where s1_0.course_id=?
2026-03-11T10:03:42.790+05:30 DEBUG 12812 --- [backend] [http-nio-8081-exec-10] org.hibernate.SQL                        : select c1_0.id,c1_0.bg_color,c1_0.border_color,c1_0.color,c1_0.description,c1_0.discount,c1_0.domain,c1_0.duration,c1_0.gradient,c1_0.icon_name,c1_0.level,c1_0.live_link,c1_0.name,c1_0.shadow,c1_0.slug,c1_0.total_fee from courses c1_0
2026-03-11T10:03:42.796+05:30 DEBUG 12812 --- [backend] [http-nio-8081-exec-10] org.hibernate.SQL                        : select s1_0.course_id,s1_0.id,s1_0.title from sections s1_0 where s1_0.course_id=?
2026-03-11T10:03:42.797+05:30 DEBUG 12812 --- [backend] [http-nio-8081-exec-10] org.hibernate.SQL                        : select v1_0.section_id,v1_0.id,v1_0.duration,v1_0.title,v1_0.type,v1_0.url from videos v1_0 where v1_0.section_id=?
2026-03-11T10:03:42.802+05:30 DEBUG 12812 --- [backend] [http-nio-8081-exec-10] org.hibernate.SQL                        : select q1_0.section_id,q1_0.id,q1_0.description,q1_0.title from quizzes q1_0 where q1_0.section_id in (select s1_0.id from sections s1_0 where s1_0.course_id=?)
2026-03-11T10:03:42.805+05:30 DEBUG 12812 --- [backend] [http-nio-8081-exec-10] org.hibernate.SQL                        : select v1_0.section_id,v1_0.id,v1_0.duration,v1_0.title,v1_0.type,v1_0.url from videos v1_0 where v1_0.section_id=?
2026-03-11T10:03:42.808+05:30 DEBUG 12812 --- [backend] [http-nio-8081-exec-10] org.hibernate.SQL                        : select q1_0.quiz_id,q1_0.id,q1_0.correct_option_index,q1_0.question_text from questions q1_0 where q1_0.quiz_id=?
2026-03-11T10:03:42.810+05:30 DEBUG 12812 --- [backend] [http-nio-8081-exec-10] org.hibernate.SQL                        : select o1_0.question_id,o1_0.option_text from question_options o1_0 where o1_0.question_id=?
2026-03-11T10:03:42.814+05:30 DEBUG 12812 --- [backend] [http-nio-8081-exec-10] org.hibernate.SQL                        : select o1_0.question_id,o1_0.option_text from question_options o1_0 where o1_0.question_id=?
2026-03-11T10:03:42.815+05:30 DEBUG 12812 --- [backend] [http-nio-8081-exec-10] org.hibernate.SQL                        : select v1_0.section_id,v1_0.id,v1_0.duration,v1_0.title,v1_0.type,v1_0.url from videos v1_0 where v1_0.section_id=?
2026-03-11T10:03:42.815+05:30 DEBUG 12812 --- [backend] [http-nio-8081-exec-10] org.hibernate.SQL                        : select s1_0.course_id,s1_0.id,s1_0.title from sections s1_0 where s1_0.course_id=?
2026-03-11T10:03:42.821+05:30 DEBUG 12812 --- [backend] [http-nio-8081-exec-10] org.hibernate.SQL                        : select s1_0.course_id,s1_0.id,s1_0.title from sections s1_0 where s1_0.course_id=?
2026-03-11T10:03:42.823+05:30 DEBUG 12812 --- [backend] [http-nio-8081-exec-10] org.hibernate.SQL                        : select s1_0.course_id,s1_0.id,s1_0.title from sections s1_0 where s1_0.course_id=?
2026-03-11T10:03:42.825+05:30 DEBUG 12812 --- [backend] [http-nio-8081-exec-10] org.hibernate.SQL                        : select s1_0.course_id,s1_0.id,s1_0.title from sections s1_0 where s1_0.course_id=?
2026-03-11T10:03:42.828+05:30 DEBUG 12812 --- [backend] [http-nio-8081-exec-10] org.hibernate.SQL                        : select s1_0.course_id,s1_0.id,s1_0.title from sections s1_0 where s1_0.course_id=?
2026-03-11T10:03:42.829+05:30 DEBUG 12812 --- [backend] [http-nio-8081-exec-10] org.hibernate.SQL                        : select s1_0.course_id,s1_0.id,s1_0.title from sections s1_0 where s1_0.course_id=?
2026-03-11T10:03:42.832+05:30 DEBUG 12812 --- [backend] [http-nio-8081-exec-10] org.hibernate.SQL                        : select s1_0.course_id,s1_0.id,s1_0.title from sections s1_0 where s1_0.course_id=?
2026-03-11T10:03:42.834+05:30 DEBUG 12812 --- [backend] [http-nio-8081-exec-10] org.hibernate.SQL                        : select s1_0.course_id,s1_0.id,s1_0.title from sections s1_0 where s1_0.course_id=?
2026-03-11T10:28:34.709+05:30 DEBUG 12812 --- [backend] [http-nio-8081-exec-7] org.hibernate.SQL                        : select w1_0.id,w1_0.date,w1_0.description,w1_0.image,w1_0.is_paid,w1_0.meeting_link,w1_0.price,w1_0.speaker,w1_0.time,w1_0.title from webinars w1_0
2026-03-11T10:28:34.718+05:30 DEBUG 12812 --- [backend] [http-nio-8081-exec-7] org.hibernate.SQL                        : select count(wr1_0.id) from webinar_registrations wr1_0 where wr1_0.webinar_id=?
2026-03-11T10:28:34.723+05:30 DEBUG 12812 --- [backend] [http-nio-8081-exec-7] org.hibernate.SQL                        : select count(wr1_0.id) from webinar_registrations wr1_0 where wr1_0.webinar_id=?
2026-03-11T10:28:34.735+05:30 DEBUG 12812 --- [backend] [http-nio-8081-exec-6] org.hibernate.SQL                        : select w1_0.id,w1_0.date,w1_0.description,w1_0.image,w1_0.is_paid,w1_0.meeting_link,w1_0.price,w1_0.speaker,w1_0.time,w1_0.title from webinars w1_0
2026-03-11T10:28:34.739+05:30 DEBUG 12812 --- [backend] [http-nio-8081-exec-6] org.hibernate.SQL                        : select count(wr1_0.id) from webinar_registrations wr1_0 where wr1_0.webinar_id=?
2026-03-11T10:28:34.744+05:30 DEBUG 12812 --- [backend] [http-nio-8081-exec-6] org.hibernate.SQL                        : select count(wr1_0.id) from webinar_registrations wr1_0 where wr1_0.webinar_id=?
2026-03-11T10:29:50.498+05:30 DEBUG 12812 --- [backend] [http-nio-8081-exec-2] org.hibernate.SQL                        : select t1_0.id,t1_0.course,t1_0.image,t1_0.message,t1_0.name,t1_0.thumbnail,t1_0.video_url from testimonials t1_0 where t1_0.video_url is not null
2026-03-11T10:29:50.498+05:30 DEBUG 12812 --- [backend] [http-nio-8081-exec-5] org.hibernate.SQL                        : select h1_0.id,h1_0.date,h1_0.description,h1_0.entry_fee,h1_0.mode,h1_0.prize_pool,h1_0.status,h1_0.time,h1_0.title from hackathons h1_0
2026-03-11T10:29:50.498+05:30 DEBUG 12812 --- [backend] [http-nio-8081-exec-3] org.hibernate.SQL                        : select t1_0.id,t1_0.course,t1_0.image,t1_0.message,t1_0.name,t1_0.thumbnail,t1_0.video_url from testimonials t1_0 where t1_0.video_url is null
2026-03-11T10:29:50.500+05:30 DEBUG 12812 --- [backend] [http-nio-8081-exec-10] org.hibernate.SQL                        : select c1_0.id,c1_0.bg_color,c1_0.border_color,c1_0.color,c1_0.description,c1_0.discount,c1_0.domain,c1_0.duration,c1_0.gradient,c1_0.icon_name,c1_0.level,c1_0.live_link,c1_0.name,c1_0.shadow,c1_0.slug,c1_0.total_fee from courses c1_0
2026-03-11T10:29:50.502+05:30 DEBUG 12812 --- [backend] [http-nio-8081-exec-5] org.hibernate.SQL                        : select rui1_0.hackathon_id,rui1_0.registered_user_ids from hackathon_registered_user_ids rui1_0 where rui1_0.hackathon_id=?
2026-03-11T10:29:50.504+05:30 DEBUG 12812 --- [backend] [http-nio-8081-exec-5] org.hibernate.SQL                        : select rui1_0.hackathon_id,rui1_0.registered_user_ids from hackathon_registered_user_ids rui1_0 where rui1_0.hackathon_id=?
2026-03-11T10:29:50.506+05:30 DEBUG 12812 --- [backend] [http-nio-8081-exec-10] org.hibernate.SQL                        : select s1_0.course_id,s1_0.id,s1_0.title from sections s1_0 where s1_0.course_id=?
2026-03-11T10:29:50.506+05:30 DEBUG 12812 --- [backend] [http-nio-8081-exec-5] org.hibernate.SQL                        : select rui1_0.hackathon_id,rui1_0.registered_user_ids from hackathon_registered_user_ids rui1_0 where rui1_0.hackathon_id=?
2026-03-11T10:29:50.508+05:30 DEBUG 12812 --- [backend] [http-nio-8081-exec-10] org.hibernate.SQL                        : select v1_0.section_id,v1_0.id,v1_0.duration,v1_0.title,v1_0.type,v1_0.url from videos v1_0 where v1_0.section_id=?
2026-03-11T10:29:50.509+05:30 DEBUG 12812 --- [backend] [http-nio-8081-exec-5] org.hibernate.SQL                        : select rui1_0.hackathon_id,rui1_0.registered_user_ids from hackathon_registered_user_ids rui1_0 where rui1_0.hackathon_id=?
2026-03-11T10:29:50.511+05:30 DEBUG 12812 --- [backend] [http-nio-8081-exec-10] org.hibernate.SQL                        : select q1_0.section_id,q1_0.id,q1_0.description,q1_0.title from quizzes q1_0 where q1_0.section_id in (select s1_0.id from sections s1_0 where s1_0.course_id=?)
2026-03-11T10:29:50.511+05:30 DEBUG 12812 --- [backend] [http-nio-8081-exec-5] org.hibernate.SQL                        : select rui1_0.hackathon_id,rui1_0.registered_user_ids from hackathon_registered_user_ids rui1_0 where rui1_0.hackathon_id=?
2026-03-11T10:29:50.511+05:30 DEBUG 12812 --- [backend] [http-nio-8081-exec-10] org.hibernate.SQL                        : select v1_0.section_id,v1_0.id,v1_0.duration,v1_0.title,v1_0.type,v1_0.url from videos v1_0 where v1_0.section_id=?
2026-03-11T10:29:50.513+05:30 DEBUG 12812 --- [backend] [http-nio-8081-exec-5] org.hibernate.SQL                        : select rui1_0.hackathon_id,rui1_0.registered_user_ids from hackathon_registered_user_ids rui1_0 where rui1_0.hackathon_id=?
2026-03-11T10:29:50.513+05:30 DEBUG 12812 --- [backend] [http-nio-8081-exec-10] org.hibernate.SQL                        : select q1_0.quiz_id,q1_0.id,q1_0.correct_option_index,q1_0.question_text from questions q1_0 where q1_0.quiz_id=?
2026-03-11T10:29:50.515+05:30 DEBUG 12812 --- [backend] [http-nio-8081-exec-10] org.hibernate.SQL                        : select o1_0.question_id,o1_0.option_text from question_options o1_0 where o1_0.question_id=?
2026-03-11T10:29:50.516+05:30 DEBUG 12812 --- [backend] [http-nio-8081-exec-10] org.hibernate.SQL                        : select o1_0.question_id,o1_0.option_text from question_options o1_0 where o1_0.question_id=?
2026-03-11T10:29:50.518+05:30 DEBUG 12812 --- [backend] [http-nio-8081-exec-1] org.hibernate.SQL                        : select t1_0.id,t1_0.course,t1_0.image,t1_0.message,t1_0.name,t1_0.thumbnail,t1_0.video_url from testimonials t1_0 where t1_0.video_url is null
2026-03-11T10:29:50.518+05:30 DEBUG 12812 --- [backend] [http-nio-8081-exec-4] org.hibernate.SQL                        : select t1_0.id,t1_0.course,t1_0.image,t1_0.message,t1_0.name,t1_0.thumbnail,t1_0.video_url from testimonials t1_0 where t1_0.video_url is not null
2026-03-11T10:29:50.518+05:30 DEBUG 12812 --- [backend] [http-nio-8081-exec-10] org.hibernate.SQL                        : select v1_0.section_id,v1_0.id,v1_0.duration,v1_0.title,v1_0.type,v1_0.url from videos v1_0 where v1_0.section_id=?
2026-03-11T10:29:50.520+05:30 DEBUG 12812 --- [backend] [http-nio-8081-exec-10] org.hibernate.SQL                        : select s1_0.course_id,s1_0.id,s1_0.title from sections s1_0 where s1_0.course_id=?
2026-03-11T10:29:50.520+05:30 DEBUG 12812 --- [backend] [http-nio-8081-exec-7] org.hibernate.SQL                        : select h1_0.id,h1_0.date,h1_0.description,h1_0.entry_fee,h1_0.mode,h1_0.prize_pool,h1_0.status,h1_0.time,h1_0.title from hackathons h1_0
2026-03-11T10:29:50.520+05:30 DEBUG 12812 --- [backend] [http-nio-8081-exec-10] org.hibernate.SQL                        : select s1_0.course_id,s1_0.id,s1_0.title from sections s1_0 where s1_0.course_id=?
2026-03-11T10:29:50.522+05:30 DEBUG 12812 --- [backend] [http-nio-8081-exec-10] org.hibernate.SQL                        : select s1_0.course_id,s1_0.id,s1_0.title from sections s1_0 where s1_0.course_id=?
2026-03-11T10:29:50.524+05:30 DEBUG 12812 --- [backend] [http-nio-8081-exec-10] org.hibernate.SQL                        : select s1_0.course_id,s1_0.id,s1_0.title from sections s1_0 where s1_0.course_id=?
2026-03-11T10:29:50.524+05:30 DEBUG 12812 --- [backend] [http-nio-8081-exec-7] org.hibernate.SQL                        : select rui1_0.hackathon_id,rui1_0.registered_user_ids from hackathon_registered_user_ids rui1_0 where rui1_0.hackathon_id=?
2026-03-11T10:29:50.524+05:30 DEBUG 12812 --- [backend] [http-nio-8081-exec-10] org.hibernate.SQL                        : select s1_0.course_id,s1_0.id,s1_0.title from sections s1_0 where s1_0.course_id=?
2026-03-11T10:29:50.526+05:30 DEBUG 12812 --- [backend] [http-nio-8081-exec-7] org.hibernate.SQL                        : select rui1_0.hackathon_id,rui1_0.registered_user_ids from hackathon_registered_user_ids rui1_0 where rui1_0.hackathon_id=?
2026-03-11T10:29:50.526+05:30 DEBUG 12812 --- [backend] [http-nio-8081-exec-10] org.hibernate.SQL                        : select s1_0.course_id,s1_0.id,s1_0.title from sections s1_0 where s1_0.course_id=?
2026-03-11T10:29:50.527+05:30 DEBUG 12812 --- [backend] [http-nio-8081-exec-7] org.hibernate.SQL                        : select rui1_0.hackathon_id,rui1_0.registered_user_ids from hackathon_registered_user_ids rui1_0 where rui1_0.hackathon_id=?
2026-03-11T10:29:50.527+05:30 DEBUG 12812 --- [backend] [http-nio-8081-exec-10] org.hibernate.SQL                        : select s1_0.course_id,s1_0.id,s1_0.title from sections s1_0 where s1_0.course_id=?
2026-03-11T10:29:50.527+05:30 DEBUG 12812 --- [backend] [http-nio-8081-exec-7] org.hibernate.SQL                        : select rui1_0.hackathon_id,rui1_0.registered_user_ids from hackathon_registered_user_ids rui1_0 where rui1_0.hackathon_id=?
2026-03-11T10:29:50.530+05:30 DEBUG 12812 --- [backend] [http-nio-8081-exec-10] org.hibernate.SQL                        : select s1_0.course_id,s1_0.id,s1_0.title from sections s1_0 where s1_0.course_id=?
2026-03-11T10:29:50.530+05:30 DEBUG 12812 --- [backend] [http-nio-8081-exec-7] org.hibernate.SQL                        : select rui1_0.hackathon_id,rui1_0.registered_user_ids from hackathon_registered_user_ids rui1_0 where rui1_0.hackathon_id=?
2026-03-11T10:29:50.530+05:30 DEBUG 12812 --- [backend] [http-nio-8081-exec-7] org.hibernate.SQL                        : select rui1_0.hackathon_id,rui1_0.registered_user_ids from hackathon_registered_user_ids rui1_0 where rui1_0.hackathon_id=?
2026-03-11T10:29:50.538+05:30 DEBUG 12812 --- [backend] [http-nio-8081-exec-6] org.hibernate.SQL                        : select c1_0.id,c1_0.bg_color,c1_0.border_color,c1_0.color,c1_0.description,c1_0.discount,c1_0.domain,c1_0.duration,c1_0.gradient,c1_0.icon_name,c1_0.level,c1_0.live_link,c1_0.name,c1_0.shadow,c1_0.slug,c1_0.total_fee from courses c1_0
2026-03-11T10:29:50.543+05:30 DEBUG 12812 --- [backend] [http-nio-8081-exec-6] org.hibernate.SQL                        : select s1_0.course_id,s1_0.id,s1_0.title from sections s1_0 where s1_0.course_id=?
2026-03-11T10:29:50.546+05:30 DEBUG 12812 --- [backend] [http-nio-8081-exec-6] org.hibernate.SQL                        : select v1_0.section_id,v1_0.id,v1_0.duration,v1_0.title,v1_0.type,v1_0.url from videos v1_0 where v1_0.section_id=?
2026-03-11T10:29:50.548+05:30 DEBUG 12812 --- [backend] [http-nio-8081-exec-6] org.hibernate.SQL                        : select q1_0.section_id,q1_0.id,q1_0.description,q1_0.title from quizzes q1_0 where q1_0.section_id in (select s1_0.id from sections s1_0 where s1_0.course_id=?)
2026-03-11T10:29:50.549+05:30 DEBUG 12812 --- [backend] [http-nio-8081-exec-6] org.hibernate.SQL                        : select v1_0.section_id,v1_0.id,v1_0.duration,v1_0.title,v1_0.type,v1_0.url from videos v1_0 where v1_0.section_id=?
2026-03-11T10:29:50.551+05:30 DEBUG 12812 --- [backend] [http-nio-8081-exec-6] org.hibernate.SQL                        : select q1_0.quiz_id,q1_0.id,q1_0.correct_option_index,q1_0.question_text from questions q1_0 where q1_0.quiz_id=?
2026-03-11T10:29:50.554+05:30 DEBUG 12812 --- [backend] [http-nio-8081-exec-6] org.hibernate.SQL                        : select o1_0.question_id,o1_0.option_text from question_options o1_0 where o1_0.question_id=?
2026-03-11T10:29:50.556+05:30 DEBUG 12812 --- [backend] [http-nio-8081-exec-6] org.hibernate.SQL                        : select o1_0.question_id,o1_0.option_text from question_options o1_0 where o1_0.question_id=?
2026-03-11T10:29:50.558+05:30 DEBUG 12812 --- [backend] [http-nio-8081-exec-6] org.hibernate.SQL                        : select v1_0.section_id,v1_0.id,v1_0.duration,v1_0.title,v1_0.type,v1_0.url from videos v1_0 where v1_0.section_id=?
2026-03-11T10:29:50.560+05:30 DEBUG 12812 --- [backend] [http-nio-8081-exec-6] org.hibernate.SQL                        : select s1_0.course_id,s1_0.id,s1_0.title from sections s1_0 where s1_0.course_id=?
2026-03-11T10:29:50.566+05:30 DEBUG 12812 --- [backend] [http-nio-8081-exec-6] org.hibernate.SQL                        : select s1_0.course_id,s1_0.id,s1_0.title from sections s1_0 where s1_0.course_id=?
2026-03-11T10:29:50.568+05:30 DEBUG 12812 --- [backend] [http-nio-8081-exec-6] org.hibernate.SQL                        : select s1_0.course_id,s1_0.id,s1_0.title from sections s1_0 where s1_0.course_id=?
2026-03-11T10:29:50.569+05:30 DEBUG 12812 --- [backend] [http-nio-8081-exec-6] org.hibernate.SQL                        : select s1_0.course_id,s1_0.id,s1_0.title from sections s1_0 where s1_0.course_id=?
2026-03-11T10:29:50.572+05:30 DEBUG 12812 --- [backend] [http-nio-8081-exec-6] org.hibernate.SQL                        : select s1_0.course_id,s1_0.id,s1_0.title from sections s1_0 where s1_0.course_id=?
2026-03-11T10:29:50.574+05:30 DEBUG 12812 --- [backend] [http-nio-8081-exec-6] org.hibernate.SQL                        : select s1_0.course_id,s1_0.id,s1_0.title from sections s1_0 where s1_0.course_id=?
2026-03-11T10:29:50.576+05:30 DEBUG 12812 --- [backend] [http-nio-8081-exec-6] org.hibernate.SQL                        : select s1_0.course_id,s1_0.id,s1_0.title from sections s1_0 where s1_0.course_id=?
2026-03-11T10:29:50.577+05:30 DEBUG 12812 --- [backend] [http-nio-8081-exec-6] org.hibernate.SQL                        : select s1_0.course_id,s1_0.id,s1_0.title from sections s1_0 where s1_0.course_id=?
2026-03-11T10:29:50.621+05:30 DEBUG 12812 --- [backend] [http-nio-8081-exec-8] org.hibernate.SQL                        : select c1_0.id,c1_0.bg_color,c1_0.border_color,c1_0.color,c1_0.description,c1_0.discount,c1_0.domain,c1_0.duration,c1_0.gradient,c1_0.icon_name,c1_0.level,c1_0.live_link,c1_0.name,c1_0.shadow,c1_0.slug,c1_0.total_fee from courses c1_0
2026-03-11T10:29:50.627+05:30 DEBUG 12812 --- [backend] [http-nio-8081-exec-8] org.hibernate.SQL                        : select s1_0.course_id,s1_0.id,s1_0.title from sections s1_0 where s1_0.course_id=?
2026-03-11T10:29:50.630+05:30 DEBUG 12812 --- [backend] [http-nio-8081-exec-8] org.hibernate.SQL                        : select v1_0.section_id,v1_0.id,v1_0.duration,v1_0.title,v1_0.type,v1_0.url from videos v1_0 where v1_0.section_id=?
2026-03-11T10:29:50.651+05:30 DEBUG 12812 --- [backend] [http-nio-8081-exec-8] org.hibernate.SQL                        : select q1_0.section_id,q1_0.id,q1_0.description,q1_0.title from quizzes q1_0 where q1_0.section_id in (select s1_0.id from sections s1_0 where s1_0.course_id=?)
2026-03-11T10:29:50.653+05:30 DEBUG 12812 --- [backend] [http-nio-8081-exec-8] org.hibernate.SQL                        : select v1_0.section_id,v1_0.id,v1_0.duration,v1_0.title,v1_0.type,v1_0.url from videos v1_0 where v1_0.section_id=?
2026-03-11T10:29:50.656+05:30 DEBUG 12812 --- [backend] [http-nio-8081-exec-8] org.hibernate.SQL                        : select q1_0.quiz_id,q1_0.id,q1_0.correct_option_index,q1_0.question_text from questions q1_0 where q1_0.quiz_id=?
2026-03-11T10:29:50.657+05:30 DEBUG 12812 --- [backend] [http-nio-8081-exec-8] org.hibernate.SQL                        : select o1_0.question_id,o1_0.option_text from question_options o1_0 where o1_0.question_id=?
2026-03-11T10:29:50.659+05:30 DEBUG 12812 --- [backend] [http-nio-8081-exec-8] org.hibernate.SQL                        : select o1_0.question_id,o1_0.option_text from question_options o1_0 where o1_0.question_id=?
2026-03-11T10:29:50.662+05:30 DEBUG 12812 --- [backend] [http-nio-8081-exec-8] org.hibernate.SQL                        : select v1_0.section_id,v1_0.id,v1_0.duration,v1_0.title,v1_0.type,v1_0.url from videos v1_0 where v1_0.section_id=?
2026-03-11T10:29:50.665+05:30 DEBUG 12812 --- [backend] [http-nio-8081-exec-8] org.hibernate.SQL                        : select s1_0.course_id,s1_0.id,s1_0.title from sections s1_0 where s1_0.course_id=?
2026-03-11T10:29:50.666+05:30 DEBUG 12812 --- [backend] [http-nio-8081-exec-8] org.hibernate.SQL                        : select s1_0.course_id,s1_0.id,s1_0.title from sections s1_0 where s1_0.course_id=?
2026-03-11T10:29:50.667+05:30 DEBUG 12812 --- [backend] [http-nio-8081-exec-8] org.hibernate.SQL                        : select s1_0.course_id,s1_0.id,s1_0.title from sections s1_0 where s1_0.course_id=?
2026-03-11T10:29:50.667+05:30 DEBUG 12812 --- [backend] [http-nio-8081-exec-8] org.hibernate.SQL                        : select s1_0.course_id,s1_0.id,s1_0.title from sections s1_0 where s1_0.course_id=?
2026-03-11T10:29:50.667+05:30 DEBUG 12812 --- [backend] [http-nio-8081-exec-8] org.hibernate.SQL                        : select s1_0.course_id,s1_0.id,s1_0.title from sections s1_0 where s1_0.course_id=?
2026-03-11T10:29:50.671+05:30 DEBUG 12812 --- [backend] [http-nio-8081-exec-8] org.hibernate.SQL                        : select s1_0.course_id,s1_0.id,s1_0.title from sections s1_0 where s1_0.course_id=?
2026-03-11T10:29:50.673+05:30 DEBUG 12812 --- [backend] [http-nio-8081-exec-8] org.hibernate.SQL                        : select s1_0.course_id,s1_0.id,s1_0.title from sections s1_0 where s1_0.course_id=?
2026-03-11T10:29:50.673+05:30 DEBUG 12812 --- [backend] [http-nio-8081-exec-8] org.hibernate.SQL                        : select s1_0.course_id,s1_0.id,s1_0.title from sections s1_0 where s1_0.course_id=?
2026-03-11T10:29:50.679+05:30 DEBUG 12812 --- [backend] [http-nio-8081-exec-9] org.hibernate.SQL                        : select c1_0.id,c1_0.bg_color,c1_0.border_color,c1_0.color,c1_0.description,c1_0.discount,c1_0.domain,c1_0.duration,c1_0.gradient,c1_0.icon_name,c1_0.level,c1_0.live_link,c1_0.name,c1_0.shadow,c1_0.slug,c1_0.total_fee from courses c1_0
2026-03-11T10:29:50.686+05:30 DEBUG 12812 --- [backend] [http-nio-8081-exec-9] org.hibernate.SQL                        : select s1_0.course_id,s1_0.id,s1_0.title from sections s1_0 where s1_0.course_id=?
2026-03-11T10:29:50.687+05:30 DEBUG 12812 --- [backend] [http-nio-8081-exec-9] org.hibernate.SQL                        : select v1_0.section_id,v1_0.id,v1_0.duration,v1_0.title,v1_0.type,v1_0.url from videos v1_0 where v1_0.section_id=?
2026-03-11T10:29:50.691+05:30 DEBUG 12812 --- [backend] [http-nio-8081-exec-9] org.hibernate.SQL                        : select q1_0.section_id,q1_0.id,q1_0.description,q1_0.title from quizzes q1_0 where q1_0.section_id in (select s1_0.id from sections s1_0 where s1_0.course_id=?)
2026-03-11T10:29:50.694+05:30 DEBUG 12812 --- [backend] [http-nio-8081-exec-9] org.hibernate.SQL                        : select v1_0.section_id,v1_0.id,v1_0.duration,v1_0.title,v1_0.type,v1_0.url from videos v1_0 where v1_0.section_id=?
2026-03-11T10:29:50.695+05:30 DEBUG 12812 --- [backend] [http-nio-8081-exec-9] org.hibernate.SQL                        : select q1_0.quiz_id,q1_0.id,q1_0.correct_option_index,q1_0.question_text from questions q1_0 where q1_0.quiz_id=?
2026-03-11T10:29:50.697+05:30 DEBUG 12812 --- [backend] [http-nio-8081-exec-9] org.hibernate.SQL                        : select o1_0.question_id,o1_0.option_text from question_options o1_0 where o1_0.question_id=?
2026-03-11T10:29:50.697+05:30 DEBUG 12812 --- [backend] [http-nio-8081-exec-9] org.hibernate.SQL                        : select o1_0.question_id,o1_0.option_text from question_options o1_0 where o1_0.question_id=?
2026-03-11T10:29:50.699+05:30 DEBUG 12812 --- [backend] [http-nio-8081-exec-9] org.hibernate.SQL                        : select v1_0.section_id,v1_0.id,v1_0.duration,v1_0.title,v1_0.type,v1_0.url from videos v1_0 where v1_0.section_id=?
2026-03-11T10:29:50.701+05:30 DEBUG 12812 --- [backend] [http-nio-8081-exec-9] org.hibernate.SQL                        : select s1_0.course_id,s1_0.id,s1_0.title from sections s1_0 where s1_0.course_id=?
2026-03-11T10:29:50.706+05:30 DEBUG 12812 --- [backend] [http-nio-8081-exec-9] org.hibernate.SQL                        : select s1_0.course_id,s1_0.id,s1_0.title from sections s1_0 where s1_0.course_id=?
2026-03-11T10:29:50.707+05:30 DEBUG 12812 --- [backend] [http-nio-8081-exec-9] org.hibernate.SQL                        : select s1_0.course_id,s1_0.id,s1_0.title from sections s1_0 where s1_0.course_id=?
2026-03-11T10:29:50.707+05:30 DEBUG 12812 --- [backend] [http-nio-8081-exec-9] org.hibernate.SQL                        : select s1_0.course_id,s1_0.id,s1_0.title from sections s1_0 where s1_0.course_id=?
2026-03-11T10:29:50.710+05:30 DEBUG 12812 --- [backend] [http-nio-8081-exec-9] org.hibernate.SQL                        : select s1_0.course_id,s1_0.id,s1_0.title from sections s1_0 where s1_0.course_id=?
2026-03-11T10:29:50.711+05:30 DEBUG 12812 --- [backend] [http-nio-8081-exec-9] org.hibernate.SQL                        : select s1_0.course_id,s1_0.id,s1_0.title from sections s1_0 where s1_0.course_id=?
2026-03-11T10:29:50.713+05:30 DEBUG 12812 --- [backend] [http-nio-8081-exec-9] org.hibernate.SQL                        : select s1_0.course_id,s1_0.id,s1_0.title from sections s1_0 where s1_0.course_id=?
2026-03-11T10:29:50.714+05:30 DEBUG 12812 --- [backend] [http-nio-8081-exec-9] org.hibernate.SQL                        : select s1_0.course_id,s1_0.id,s1_0.title from sections s1_0 where s1_0.course_id=?
2026-03-11T10:29:50.721+05:30 DEBUG 12812 --- [backend] [http-nio-8081-exec-3] org.hibernate.SQL                        : select c1_0.id,c1_0.bg_color,c1_0.border_color,c1_0.color,c1_0.description,c1_0.discount,c1_0.domain,c1_0.duration,c1_0.gradient,c1_0.icon_name,c1_0.level,c1_0.live_link,c1_0.name,c1_0.shadow,c1_0.slug,c1_0.total_fee from courses c1_0
2026-03-11T10:29:50.726+05:30 DEBUG 12812 --- [backend] [http-nio-8081-exec-3] org.hibernate.SQL                        : select s1_0.course_id,s1_0.id,s1_0.title from sections s1_0 where s1_0.course_id=?
2026-03-11T10:29:50.726+05:30 DEBUG 12812 --- [backend] [http-nio-8081-exec-3] org.hibernate.SQL                        : select v1_0.section_id,v1_0.id,v1_0.duration,v1_0.title,v1_0.type,v1_0.url from videos v1_0 where v1_0.section_id=?
2026-03-11T10:29:50.731+05:30 DEBUG 12812 --- [backend] [http-nio-8081-exec-3] org.hibernate.SQL                        : select q1_0.section_id,q1_0.id,q1_0.description,q1_0.title from quizzes q1_0 where q1_0.section_id in (select s1_0.id from sections s1_0 where s1_0.course_id=?)
2026-03-11T10:29:50.733+05:30 DEBUG 12812 --- [backend] [http-nio-8081-exec-3] org.hibernate.SQL                        : select v1_0.section_id,v1_0.id,v1_0.duration,v1_0.title,v1_0.type,v1_0.url from videos v1_0 where v1_0.section_id=?
2026-03-11T10:29:50.733+05:30 DEBUG 12812 --- [backend] [http-nio-8081-exec-3] org.hibernate.SQL                        : select q1_0.quiz_id,q1_0.id,q1_0.correct_option_index,q1_0.question_text from questions q1_0 where q1_0.quiz_id=?
2026-03-11T10:29:50.736+05:30 DEBUG 12812 --- [backend] [http-nio-8081-exec-3] org.hibernate.SQL                        : select o1_0.question_id,o1_0.option_text from question_options o1_0 where o1_0.question_id=?
2026-03-11T10:29:50.737+05:30 DEBUG 12812 --- [backend] [http-nio-8081-exec-3] org.hibernate.SQL                        : select o1_0.question_id,o1_0.option_text from question_options o1_0 where o1_0.question_id=?
2026-03-11T10:29:50.739+05:30 DEBUG 12812 --- [backend] [http-nio-8081-exec-3] org.hibernate.SQL                        : select v1_0.section_id,v1_0.id,v1_0.duration,v1_0.title,v1_0.type,v1_0.url from videos v1_0 where v1_0.section_id=?
2026-03-11T10:29:50.741+05:30 DEBUG 12812 --- [backend] [http-nio-8081-exec-3] org.hibernate.SQL                        : select s1_0.course_id,s1_0.id,s1_0.title from sections s1_0 where s1_0.course_id=?
2026-03-11T10:29:50.742+05:30 DEBUG 12812 --- [backend] [http-nio-8081-exec-3] org.hibernate.SQL                        : select s1_0.course_id,s1_0.id,s1_0.title from sections s1_0 where s1_0.course_id=?
2026-03-11T10:29:50.742+05:30 DEBUG 12812 --- [backend] [http-nio-8081-exec-3] org.hibernate.SQL                        : select s1_0.course_id,s1_0.id,s1_0.title from sections s1_0 where s1_0.course_id=?
2026-03-11T10:29:50.745+05:30 DEBUG 12812 --- [backend] [http-nio-8081-exec-3] org.hibernate.SQL                        : select s1_0.course_id,s1_0.id,s1_0.title from sections s1_0 where s1_0.course_id=?
2026-03-11T10:29:50.746+05:30 DEBUG 12812 --- [backend] [http-nio-8081-exec-3] org.hibernate.SQL                        : select s1_0.course_id,s1_0.id,s1_0.title from sections s1_0 where s1_0.course_id=?
2026-03-11T10:29:50.747+05:30 DEBUG 12812 --- [backend] [http-nio-8081-exec-3] org.hibernate.SQL                        : select s1_0.course_id,s1_0.id,s1_0.title from sections s1_0 where s1_0.course_id=?
2026-03-11T10:29:50.749+05:30 DEBUG 12812 --- [backend] [http-nio-8081-exec-3] org.hibernate.SQL                        : select s1_0.course_id,s1_0.id,s1_0.title from sections s1_0 where s1_0.course_id=?
2026-03-11T10:29:50.751+05:30 DEBUG 12812 --- [backend] [http-nio-8081-exec-3] org.hibernate.SQL                        : select s1_0.course_id,s1_0.id,s1_0.title from sections s1_0 where s1_0.course_id=?
2026-03-11T10:29:50.757+05:30 DEBUG 12812 --- [backend] [http-nio-8081-exec-2] org.hibernate.SQL                        : select c1_0.id,c1_0.bg_color,c1_0.border_color,c1_0.color,c1_0.description,c1_0.discount,c1_0.domain,c1_0.duration,c1_0.gradient,c1_0.icon_name,c1_0.level,c1_0.live_link,c1_0.name,c1_0.shadow,c1_0.slug,c1_0.total_fee from courses c1_0
2026-03-11T10:29:50.762+05:30 DEBUG 12812 --- [backend] [http-nio-8081-exec-2] org.hibernate.SQL                        : select s1_0.course_id,s1_0.id,s1_0.title from sections s1_0 where s1_0.course_id=?
2026-03-11T10:29:50.764+05:30 DEBUG 12812 --- [backend] [http-nio-8081-exec-2] org.hibernate.SQL                        : select v1_0.section_id,v1_0.id,v1_0.duration,v1_0.title,v1_0.type,v1_0.url from videos v1_0 where v1_0.section_id=?
2026-03-11T10:29:50.767+05:30 DEBUG 12812 --- [backend] [http-nio-8081-exec-2] org.hibernate.SQL                        : select q1_0.section_id,q1_0.id,q1_0.description,q1_0.title from quizzes q1_0 where q1_0.section_id in (select s1_0.id from sections s1_0 where s1_0.course_id=?)
2026-03-11T10:29:50.768+05:30 DEBUG 12812 --- [backend] [http-nio-8081-exec-2] org.hibernate.SQL                        : select v1_0.section_id,v1_0.id,v1_0.duration,v1_0.title,v1_0.type,v1_0.url from videos v1_0 where v1_0.section_id=?
2026-03-11T10:29:50.770+05:30 DEBUG 12812 --- [backend] [http-nio-8081-exec-2] org.hibernate.SQL                        : select q1_0.quiz_id,q1_0.id,q1_0.correct_option_index,q1_0.question_text from questions q1_0 where q1_0.quiz_id=?
2026-03-11T10:29:50.773+05:30 DEBUG 12812 --- [backend] [http-nio-8081-exec-2] org.hibernate.SQL                        : select o1_0.question_id,o1_0.option_text from question_options o1_0 where o1_0.question_id=?
2026-03-11T10:29:50.774+05:30 DEBUG 12812 --- [backend] [http-nio-8081-exec-2] org.hibernate.SQL                        : select o1_0.question_id,o1_0.option_text from question_options o1_0 where o1_0.question_id=?
2026-03-11T10:29:50.777+05:30 DEBUG 12812 --- [backend] [http-nio-8081-exec-2] org.hibernate.SQL                        : select v1_0.section_id,v1_0.id,v1_0.duration,v1_0.title,v1_0.type,v1_0.url from videos v1_0 where v1_0.section_id=?
2026-03-11T10:29:50.779+05:30 DEBUG 12812 --- [backend] [http-nio-8081-exec-2] org.hibernate.SQL                        : select s1_0.course_id,s1_0.id,s1_0.title from sections s1_0 where s1_0.course_id=?
2026-03-11T10:29:50.779+05:30 DEBUG 12812 --- [backend] [http-nio-8081-exec-2] org.hibernate.SQL                        : select s1_0.course_id,s1_0.id,s1_0.title from sections s1_0 where s1_0.course_id=?
2026-03-11T10:29:50.781+05:30 DEBUG 12812 --- [backend] [http-nio-8081-exec-2] org.hibernate.SQL                        : select s1_0.course_id,s1_0.id,s1_0.title from sections s1_0 where s1_0.course_id=?
2026-03-11T10:29:50.781+05:30 DEBUG 12812 --- [backend] [http-nio-8081-exec-2] org.hibernate.SQL                        : select s1_0.course_id,s1_0.id,s1_0.title from sections s1_0 where s1_0.course_id=?
2026-03-11T10:29:50.781+05:30 DEBUG 12812 --- [backend] [http-nio-8081-exec-2] org.hibernate.SQL                        : select s1_0.course_id,s1_0.id,s1_0.title from sections s1_0 where s1_0.course_id=?
2026-03-11T10:29:50.785+05:30 DEBUG 12812 --- [backend] [http-nio-8081-exec-2] org.hibernate.SQL                        : select s1_0.course_id,s1_0.id,s1_0.title from sections s1_0 where s1_0.course_id=?
2026-03-11T10:29:50.787+05:30 DEBUG 12812 --- [backend] [http-nio-8081-exec-2] org.hibernate.SQL                        : select s1_0.course_id,s1_0.id,s1_0.title from sections s1_0 where s1_0.course_id=?
2026-03-11T10:29:50.788+05:30 DEBUG 12812 --- [backend] [http-nio-8081-exec-2] org.hibernate.SQL                        : select s1_0.course_id,s1_0.id,s1_0.title from sections s1_0 where s1_0.course_id=?
2026-03-11T10:29:50.793+05:30 DEBUG 12812 --- [backend] [http-nio-8081-exec-5] org.hibernate.SQL                        : select c1_0.id,c1_0.bg_color,c1_0.border_color,c1_0.color,c1_0.description,c1_0.discount,c1_0.domain,c1_0.duration,c1_0.gradient,c1_0.icon_name,c1_0.level,c1_0.live_link,c1_0.name,c1_0.shadow,c1_0.slug,c1_0.total_fee from courses c1_0
2026-03-11T10:29:50.799+05:30 DEBUG 12812 --- [backend] [http-nio-8081-exec-5] org.hibernate.SQL                        : select s1_0.course_id,s1_0.id,s1_0.title from sections s1_0 where s1_0.course_id=?
2026-03-11T10:29:50.803+05:30 DEBUG 12812 --- [backend] [http-nio-8081-exec-5] org.hibernate.SQL                        : select v1_0.section_id,v1_0.id,v1_0.duration,v1_0.title,v1_0.type,v1_0.url from videos v1_0 where v1_0.section_id=?
2026-03-11T10:29:50.806+05:30 DEBUG 12812 --- [backend] [http-nio-8081-exec-5] org.hibernate.SQL                        : select q1_0.section_id,q1_0.id,q1_0.description,q1_0.title from quizzes q1_0 where q1_0.section_id in (select s1_0.id from sections s1_0 where s1_0.course_id=?)
2026-03-11T10:29:50.808+05:30 DEBUG 12812 --- [backend] [http-nio-8081-exec-5] org.hibernate.SQL                        : select v1_0.section_id,v1_0.id,v1_0.duration,v1_0.title,v1_0.type,v1_0.url from videos v1_0 where v1_0.section_id=?
2026-03-11T10:29:50.810+05:30 DEBUG 12812 --- [backend] [http-nio-8081-exec-5] org.hibernate.SQL                        : select q1_0.quiz_id,q1_0.id,q1_0.correct_option_index,q1_0.question_text from questions q1_0 where q1_0.quiz_id=?
2026-03-11T10:29:50.811+05:30 DEBUG 12812 --- [backend] [http-nio-8081-exec-5] org.hibernate.SQL                        : select o1_0.question_id,o1_0.option_text from question_options o1_0 where o1_0.question_id=?
2026-03-11T10:29:50.814+05:30 DEBUG 12812 --- [backend] [http-nio-8081-exec-5] org.hibernate.SQL                        : select o1_0.question_id,o1_0.option_text from question_options o1_0 where o1_0.question_id=?
2026-03-11T10:29:50.814+05:30 DEBUG 12812 --- [backend] [http-nio-8081-exec-5] org.hibernate.SQL                        : select v1_0.section_id,v1_0.id,v1_0.duration,v1_0.title,v1_0.type,v1_0.url from videos v1_0 where v1_0.section_id=?
2026-03-11T10:29:50.816+05:30 DEBUG 12812 --- [backend] [http-nio-8081-exec-5] org.hibernate.SQL                        : select s1_0.course_id,s1_0.id,s1_0.title from sections s1_0 where s1_0.course_id=?
2026-03-11T10:29:50.817+05:30 DEBUG 12812 --- [backend] [http-nio-8081-exec-5] org.hibernate.SQL                        : select s1_0.course_id,s1_0.id,s1_0.title from sections s1_0 where s1_0.course_id=?
2026-03-11T10:29:50.817+05:30 DEBUG 12812 --- [backend] [http-nio-8081-exec-5] org.hibernate.SQL                        : select s1_0.course_id,s1_0.id,s1_0.title from sections s1_0 where s1_0.course_id=?
2026-03-11T10:29:50.821+05:30 DEBUG 12812 --- [backend] [http-nio-8081-exec-5] org.hibernate.SQL                        : select s1_0.course_id,s1_0.id,s1_0.title from sections s1_0 where s1_0.course_id=?
2026-03-11T10:29:50.821+05:30 DEBUG 12812 --- [backend] [http-nio-8081-exec-5] org.hibernate.SQL                        : select s1_0.course_id,s1_0.id,s1_0.title from sections s1_0 where s1_0.course_id=?
2026-03-11T10:29:50.824+05:30 DEBUG 12812 --- [backend] [http-nio-8081-exec-5] org.hibernate.SQL                        : select s1_0.course_id,s1_0.id,s1_0.title from sections s1_0 where s1_0.course_id=?
2026-03-11T10:29:50.826+05:30 DEBUG 12812 --- [backend] [http-nio-8081-exec-5] org.hibernate.SQL                        : select s1_0.course_id,s1_0.id,s1_0.title from sections s1_0 where s1_0.course_id=?
2026-03-11T10:29:50.826+05:30 DEBUG 12812 --- [backend] [http-nio-8081-exec-5] org.hibernate.SQL                        : select s1_0.course_id,s1_0.id,s1_0.title from sections s1_0 where s1_0.course_id=?
2026-03-11T10:29:50.838+05:30 DEBUG 12812 --- [backend] [http-nio-8081-exec-5] org.hibernate.SQL                        : select c1_0.id,c1_0.bg_color,c1_0.border_color,c1_0.color,c1_0.description,c1_0.discount,c1_0.domain,c1_0.duration,c1_0.gradient,c1_0.icon_name,c1_0.level,c1_0.live_link,c1_0.name,c1_0.shadow,c1_0.slug,c1_0.total_fee from courses c1_0
2026-03-11T10:29:50.843+05:30 DEBUG 12812 --- [backend] [http-nio-8081-exec-5] org.hibernate.SQL                        : select s1_0.course_id,s1_0.id,s1_0.title from sections s1_0 where s1_0.course_id=?
2026-03-11T10:29:50.843+05:30 DEBUG 12812 --- [backend] [http-nio-8081-exec-5] org.hibernate.SQL                        : select v1_0.section_id,v1_0.id,v1_0.duration,v1_0.title,v1_0.type,v1_0.url from videos v1_0 where v1_0.section_id=?
2026-03-11T10:29:50.849+05:30 DEBUG 12812 --- [backend] [http-nio-8081-exec-5] org.hibernate.SQL                        : select q1_0.section_id,q1_0.id,q1_0.description,q1_0.title from quizzes q1_0 where q1_0.section_id in (select s1_0.id from sections s1_0 where s1_0.course_id=?)
2026-03-11T10:29:50.850+05:30 DEBUG 12812 --- [backend] [http-nio-8081-exec-5] org.hibernate.SQL                        : select v1_0.section_id,v1_0.id,v1_0.duration,v1_0.title,v1_0.type,v1_0.url from videos v1_0 where v1_0.section_id=?
2026-03-11T10:29:50.852+05:30 DEBUG 12812 --- [backend] [http-nio-8081-exec-5] org.hibernate.SQL                        : select q1_0.quiz_id,q1_0.id,q1_0.correct_option_index,q1_0.question_text from questions q1_0 where q1_0.quiz_id=?
2026-03-11T10:29:50.854+05:30 DEBUG 12812 --- [backend] [http-nio-8081-exec-5] org.hibernate.SQL                        : select o1_0.question_id,o1_0.option_text from question_options o1_0 where o1_0.question_id=?
2026-03-11T10:29:50.855+05:30 DEBUG 12812 --- [backend] [http-nio-8081-exec-5] org.hibernate.SQL                        : select o1_0.question_id,o1_0.option_text from question_options o1_0 where o1_0.question_id=?
2026-03-11T10:29:50.856+05:30 DEBUG 12812 --- [backend] [http-nio-8081-exec-5] org.hibernate.SQL                        : select v1_0.section_id,v1_0.id,v1_0.duration,v1_0.title,v1_0.type,v1_0.url from videos v1_0 where v1_0.section_id=?
2026-03-11T10:29:50.858+05:30 DEBUG 12812 --- [backend] [http-nio-8081-exec-5] org.hibernate.SQL                        : select s1_0.course_id,s1_0.id,s1_0.title from sections s1_0 where s1_0.course_id=?
2026-03-11T10:29:50.861+05:30 DEBUG 12812 --- [backend] [http-nio-8081-exec-5] org.hibernate.SQL                        : select s1_0.course_id,s1_0.id,s1_0.title from sections s1_0 where s1_0.course_id=?
2026-03-11T10:29:50.861+05:30 DEBUG 12812 --- [backend] [http-nio-8081-exec-5] org.hibernate.SQL                        : select s1_0.course_id,s1_0.id,s1_0.title from sections s1_0 where s1_0.course_id=?
2026-03-11T10:29:50.865+05:30 DEBUG 12812 --- [backend] [http-nio-8081-exec-5] org.hibernate.SQL                        : select s1_0.course_id,s1_0.id,s1_0.title from sections s1_0 where s1_0.course_id=?
2026-03-11T10:29:50.866+05:30 DEBUG 12812 --- [backend] [http-nio-8081-exec-5] org.hibernate.SQL                        : select s1_0.course_id,s1_0.id,s1_0.title from sections s1_0 where s1_0.course_id=?
2026-03-11T10:29:50.867+05:30 DEBUG 12812 --- [backend] [http-nio-8081-exec-5] org.hibernate.SQL                        : select s1_0.course_id,s1_0.id,s1_0.title from sections s1_0 where s1_0.course_id=?
2026-03-11T10:29:50.869+05:30 DEBUG 12812 --- [backend] [http-nio-8081-exec-5] org.hibernate.SQL                        : select s1_0.course_id,s1_0.id,s1_0.title from sections s1_0 where s1_0.course_id=?
2026-03-11T10:29:50.871+05:30 DEBUG 12812 --- [backend] [http-nio-8081-exec-5] org.hibernate.SQL                        : select s1_0.course_id,s1_0.id,s1_0.title from sections s1_0 where s1_0.course_id=?
2026-03-11T10:29:50.880+05:30 DEBUG 12812 --- [backend] [http-nio-8081-exec-4] org.hibernate.SQL                        : select c1_0.id,c1_0.bg_color,c1_0.border_color,c1_0.color,c1_0.description,c1_0.discount,c1_0.domain,c1_0.duration,c1_0.gradient,c1_0.icon_name,c1_0.level,c1_0.live_link,c1_0.name,c1_0.shadow,c1_0.slug,c1_0.total_fee from courses c1_0
2026-03-11T10:29:50.886+05:30 DEBUG 12812 --- [backend] [http-nio-8081-exec-4] org.hibernate.SQL                        : select s1_0.course_id,s1_0.id,s1_0.title from sections s1_0 where s1_0.course_id=?
2026-03-11T10:29:50.889+05:30 DEBUG 12812 --- [backend] [http-nio-8081-exec-4] org.hibernate.SQL                        : select v1_0.section_id,v1_0.id,v1_0.duration,v1_0.title,v1_0.type,v1_0.url from videos v1_0 where v1_0.section_id=?
2026-03-11T10:29:50.891+05:30 DEBUG 12812 --- [backend] [http-nio-8081-exec-4] org.hibernate.SQL                        : select q1_0.section_id,q1_0.id,q1_0.description,q1_0.title from quizzes q1_0 where q1_0.section_id in (select s1_0.id from sections s1_0 where s1_0.course_id=?)
2026-03-11T10:29:50.893+05:30 DEBUG 12812 --- [backend] [http-nio-8081-exec-4] org.hibernate.SQL                        : select v1_0.section_id,v1_0.id,v1_0.duration,v1_0.title,v1_0.type,v1_0.url from videos v1_0 where v1_0.section_id=?
2026-03-11T10:29:50.895+05:30 DEBUG 12812 --- [backend] [http-nio-8081-exec-4] org.hibernate.SQL                        : select q1_0.quiz_id,q1_0.id,q1_0.correct_option_index,q1_0.question_text from questions q1_0 where q1_0.quiz_id=?
2026-03-11T10:29:50.898+05:30 DEBUG 12812 --- [backend] [http-nio-8081-exec-4] org.hibernate.SQL                        : select o1_0.question_id,o1_0.option_text from question_options o1_0 where o1_0.question_id=?
2026-03-11T10:29:50.899+05:30 DEBUG 12812 --- [backend] [http-nio-8081-exec-4] org.hibernate.SQL                        : select o1_0.question_id,o1_0.option_text from question_options o1_0 where o1_0.question_id=?
2026-03-11T10:29:50.899+05:30 DEBUG 12812 --- [backend] [http-nio-8081-exec-4] org.hibernate.SQL                        : select v1_0.section_id,v1_0.id,v1_0.duration,v1_0.title,v1_0.type,v1_0.url from videos v1_0 where v1_0.section_id=?
2026-03-11T10:29:50.903+05:30 DEBUG 12812 --- [backend] [http-nio-8081-exec-4] org.hibernate.SQL                        : select s1_0.course_id,s1_0.id,s1_0.title from sections s1_0 where s1_0.course_id=?
2026-03-11T10:29:50.904+05:30 DEBUG 12812 --- [backend] [http-nio-8081-exec-4] org.hibernate.SQL                        : select s1_0.course_id,s1_0.id,s1_0.title from sections s1_0 where s1_0.course_id=?
2026-03-11T10:29:50.905+05:30 DEBUG 12812 --- [backend] [http-nio-8081-exec-4] org.hibernate.SQL                        : select s1_0.course_id,s1_0.id,s1_0.title from sections s1_0 where s1_0.course_id=?
2026-03-11T10:29:50.906+05:30 DEBUG 12812 --- [backend] [http-nio-8081-exec-4] org.hibernate.SQL                        : select s1_0.course_id,s1_0.id,s1_0.title from sections s1_0 where s1_0.course_id=?
2026-03-11T10:29:50.908+05:30 DEBUG 12812 --- [backend] [http-nio-8081-exec-4] org.hibernate.SQL                        : select s1_0.course_id,s1_0.id,s1_0.title from sections s1_0 where s1_0.course_id=?
2026-03-11T10:29:50.910+05:30 DEBUG 12812 --- [backend] [http-nio-8081-exec-4] org.hibernate.SQL                        : select s1_0.course_id,s1_0.id,s1_0.title from sections s1_0 where s1_0.course_id=?
2026-03-11T10:29:50.912+05:30 DEBUG 12812 --- [backend] [http-nio-8081-exec-4] org.hibernate.SQL                        : select s1_0.course_id,s1_0.id,s1_0.title from sections s1_0 where s1_0.course_id=?
2026-03-11T10:29:50.914+05:30 DEBUG 12812 --- [backend] [http-nio-8081-exec-4] org.hibernate.SQL                        : select s1_0.course_id,s1_0.id,s1_0.title from sections s1_0 where s1_0.course_id=?
2026-03-11T10:29:50.921+05:30 DEBUG 12812 --- [backend] [http-nio-8081-exec-10] org.hibernate.SQL                        : select c1_0.id,c1_0.bg_color,c1_0.border_color,c1_0.color,c1_0.description,c1_0.discount,c1_0.domain,c1_0.duration,c1_0.gradient,c1_0.icon_name,c1_0.level,c1_0.live_link,c1_0.name,c1_0.shadow,c1_0.slug,c1_0.total_fee from courses c1_0
2026-03-11T10:29:50.927+05:30 DEBUG 12812 --- [backend] [http-nio-8081-exec-10] org.hibernate.SQL                        : select s1_0.course_id,s1_0.id,s1_0.title from sections s1_0 where s1_0.course_id=?
2026-03-11T10:29:50.927+05:30 DEBUG 12812 --- [backend] [http-nio-8081-exec-10] org.hibernate.SQL                        : select v1_0.section_id,v1_0.id,v1_0.duration,v1_0.title,v1_0.type,v1_0.url from videos v1_0 where v1_0.section_id=?
2026-03-11T10:29:50.927+05:30 DEBUG 12812 --- [backend] [http-nio-8081-exec-10] org.hibernate.SQL                        : select q1_0.section_id,q1_0.id,q1_0.description,q1_0.title from quizzes q1_0 where q1_0.section_id in (select s1_0.id from sections s1_0 where s1_0.course_id=?)
2026-03-11T10:29:50.933+05:30 DEBUG 12812 --- [backend] [http-nio-8081-exec-10] org.hibernate.SQL                        : select v1_0.section_id,v1_0.id,v1_0.duration,v1_0.title,v1_0.type,v1_0.url from videos v1_0 where v1_0.section_id=?
2026-03-11T10:29:50.936+05:30 DEBUG 12812 --- [backend] [http-nio-8081-exec-10] org.hibernate.SQL                        : select q1_0.quiz_id,q1_0.id,q1_0.correct_option_index,q1_0.question_text from questions q1_0 where q1_0.quiz_id=?
2026-03-11T10:29:50.936+05:30 DEBUG 12812 --- [backend] [http-nio-8081-exec-10] org.hibernate.SQL                        : select o1_0.question_id,o1_0.option_text from question_options o1_0 where o1_0.question_id=?
2026-03-11T10:29:50.939+05:30 DEBUG 12812 --- [backend] [http-nio-8081-exec-10] org.hibernate.SQL                        : select o1_0.question_id,o1_0.option_text from question_options o1_0 where o1_0.question_id=?
2026-03-11T10:29:50.941+05:30 DEBUG 12812 --- [backend] [http-nio-8081-exec-10] org.hibernate.SQL                        : select v1_0.section_id,v1_0.id,v1_0.duration,v1_0.title,v1_0.type,v1_0.url from videos v1_0 where v1_0.section_id=?
2026-03-11T10:29:50.945+05:30 DEBUG 12812 --- [backend] [http-nio-8081-exec-10] org.hibernate.SQL                        : select s1_0.course_id,s1_0.id,s1_0.title from sections s1_0 where s1_0.course_id=?
2026-03-11T10:29:50.947+05:30 DEBUG 12812 --- [backend] [http-nio-8081-exec-10] org.hibernate.SQL                        : select s1_0.course_id,s1_0.id,s1_0.title from sections s1_0 where s1_0.course_id=?
2026-03-11T10:29:50.948+05:30 DEBUG 12812 --- [backend] [http-nio-8081-exec-10] org.hibernate.SQL                        : select s1_0.course_id,s1_0.id,s1_0.title from sections s1_0 where s1_0.course_id=?
2026-03-11T10:29:50.949+05:30 DEBUG 12812 --- [backend] [http-nio-8081-exec-10] org.hibernate.SQL                        : select s1_0.course_id,s1_0.id,s1_0.title from sections s1_0 where s1_0.course_id=?
2026-03-11T10:29:50.951+05:30 DEBUG 12812 --- [backend] [http-nio-8081-exec-10] org.hibernate.SQL                        : select s1_0.course_id,s1_0.id,s1_0.title from sections s1_0 where s1_0.course_id=?
2026-03-11T10:29:50.952+05:30 DEBUG 12812 --- [backend] [http-nio-8081-exec-10] org.hibernate.SQL                        : select s1_0.course_id,s1_0.id,s1_0.title from sections s1_0 where s1_0.course_id=?
2026-03-11T10:29:50.953+05:30 DEBUG 12812 --- [backend] [http-nio-8081-exec-10] org.hibernate.SQL                        : select s1_0.course_id,s1_0.id,s1_0.title from sections s1_0 where s1_0.course_id=?
2026-03-11T10:29:50.955+05:30 DEBUG 12812 --- [backend] [http-nio-8081-exec-10] org.hibernate.SQL                        : select s1_0.course_id,s1_0.id,s1_0.title from sections s1_0 where s1_0.course_id=?
2026-03-11T10:29:50.964+05:30 DEBUG 12812 --- [backend] [http-nio-8081-exec-7] org.hibernate.SQL                        : select c1_0.id,c1_0.bg_color,c1_0.border_color,c1_0.color,c1_0.description,c1_0.discount,c1_0.domain,c1_0.duration,c1_0.gradient,c1_0.icon_name,c1_0.level,c1_0.live_link,c1_0.name,c1_0.shadow,c1_0.slug,c1_0.total_fee from courses c1_0
2026-03-11T10:29:50.969+05:30 DEBUG 12812 --- [backend] [http-nio-8081-exec-7] org.hibernate.SQL                        : select s1_0.course_id,s1_0.id,s1_0.title from sections s1_0 where s1_0.course_id=?
2026-03-11T10:29:50.971+05:30 DEBUG 12812 --- [backend] [http-nio-8081-exec-7] org.hibernate.SQL                        : select v1_0.section_id,v1_0.id,v1_0.duration,v1_0.title,v1_0.type,v1_0.url from videos v1_0 where v1_0.section_id=?
2026-03-11T10:29:50.974+05:30 DEBUG 12812 --- [backend] [http-nio-8081-exec-7] org.hibernate.SQL                        : select q1_0.section_id,q1_0.id,q1_0.description,q1_0.title from quizzes q1_0 where q1_0.section_id in (select s1_0.id from sections s1_0 where s1_0.course_id=?)
2026-03-11T10:29:50.976+05:30 DEBUG 12812 --- [backend] [http-nio-8081-exec-7] org.hibernate.SQL                        : select v1_0.section_id,v1_0.id,v1_0.duration,v1_0.title,v1_0.type,v1_0.url from videos v1_0 where v1_0.section_id=?
2026-03-11T10:29:50.976+05:30 DEBUG 12812 --- [backend] [http-nio-8081-exec-7] org.hibernate.SQL                        : select q1_0.quiz_id,q1_0.id,q1_0.correct_option_index,q1_0.question_text from questions q1_0 where q1_0.quiz_id=?
2026-03-11T10:29:50.976+05:30 DEBUG 12812 --- [backend] [http-nio-8081-exec-7] org.hibernate.SQL                        : select o1_0.question_id,o1_0.option_text from question_options o1_0 where o1_0.question_id=?
2026-03-11T10:29:50.976+05:30 DEBUG 12812 --- [backend] [http-nio-8081-exec-7] org.hibernate.SQL                        : select o1_0.question_id,o1_0.option_text from question_options o1_0 where o1_0.question_id=?
2026-03-11T10:29:50.982+05:30 DEBUG 12812 --- [backend] [http-nio-8081-exec-7] org.hibernate.SQL                        : select v1_0.section_id,v1_0.id,v1_0.duration,v1_0.title,v1_0.type,v1_0.url from videos v1_0 where v1_0.section_id=?
2026-03-11T10:29:50.985+05:30 DEBUG 12812 --- [backend] [http-nio-8081-exec-7] org.hibernate.SQL                        : select s1_0.course_id,s1_0.id,s1_0.title from sections s1_0 where s1_0.course_id=?
2026-03-11T10:29:50.986+05:30 DEBUG 12812 --- [backend] [http-nio-8081-exec-7] org.hibernate.SQL                        : select s1_0.course_id,s1_0.id,s1_0.title from sections s1_0 where s1_0.course_id=?
2026-03-11T10:29:50.986+05:30 DEBUG 12812 --- [backend] [http-nio-8081-exec-7] org.hibernate.SQL                        : select s1_0.course_id,s1_0.id,s1_0.title from sections s1_0 where s1_0.course_id=?
2026-03-11T10:29:50.990+05:30 DEBUG 12812 --- [backend] [http-nio-8081-exec-7] org.hibernate.SQL                        : select s1_0.course_id,s1_0.id,s1_0.title from sections s1_0 where s1_0.course_id=?
2026-03-11T10:29:50.991+05:30 DEBUG 12812 --- [backend] [http-nio-8081-exec-7] org.hibernate.SQL                        : select s1_0.course_id,s1_0.id,s1_0.title from sections s1_0 where s1_0.course_id=?
2026-03-11T10:29:50.993+05:30 DEBUG 12812 --- [backend] [http-nio-8081-exec-7] org.hibernate.SQL                        : select s1_0.course_id,s1_0.id,s1_0.title from sections s1_0 where s1_0.course_id=?
2026-03-11T10:29:50.995+05:30 DEBUG 12812 --- [backend] [http-nio-8081-exec-7] org.hibernate.SQL                        : select s1_0.course_id,s1_0.id,s1_0.title from sections s1_0 where s1_0.course_id=?
2026-03-11T10:29:50.996+05:30 DEBUG 12812 --- [backend] [http-nio-8081-exec-7] org.hibernate.SQL                        : select s1_0.course_id,s1_0.id,s1_0.title from sections s1_0 where s1_0.course_id=?
2026-03-11T10:29:51.006+05:30 DEBUG 12812 --- [backend] [http-nio-8081-exec-6] org.hibernate.SQL                        : select c1_0.id,c1_0.bg_color,c1_0.border_color,c1_0.color,c1_0.description,c1_0.discount,c1_0.domain,c1_0.duration,c1_0.gradient,c1_0.icon_name,c1_0.level,c1_0.live_link,c1_0.name,c1_0.shadow,c1_0.slug,c1_0.total_fee from courses c1_0
2026-03-11T10:29:51.011+05:30 DEBUG 12812 --- [backend] [http-nio-8081-exec-6] org.hibernate.SQL                        : select s1_0.course_id,s1_0.id,s1_0.title from sections s1_0 where s1_0.course_id=?
2026-03-11T10:29:51.012+05:30 DEBUG 12812 --- [backend] [http-nio-8081-exec-6] org.hibernate.SQL                        : select v1_0.section_id,v1_0.id,v1_0.duration,v1_0.title,v1_0.type,v1_0.url from videos v1_0 where v1_0.section_id=?
2026-03-11T10:29:51.016+05:30 DEBUG 12812 --- [backend] [http-nio-8081-exec-6] org.hibernate.SQL                        : select q1_0.section_id,q1_0.id,q1_0.description,q1_0.title from quizzes q1_0 where q1_0.section_id in (select s1_0.id from sections s1_0 where s1_0.course_id=?)
2026-03-11T10:29:51.017+05:30 DEBUG 12812 --- [backend] [http-nio-8081-exec-6] org.hibernate.SQL                        : select v1_0.section_id,v1_0.id,v1_0.duration,v1_0.title,v1_0.type,v1_0.url from videos v1_0 where v1_0.section_id=?
2026-03-11T10:29:51.019+05:30 DEBUG 12812 --- [backend] [http-nio-8081-exec-6] org.hibernate.SQL                        : select q1_0.quiz_id,q1_0.id,q1_0.correct_option_index,q1_0.question_text from questions q1_0 where q1_0.quiz_id=?
2026-03-11T10:29:51.022+05:30 DEBUG 12812 --- [backend] [http-nio-8081-exec-6] org.hibernate.SQL                        : select o1_0.question_id,o1_0.option_text from question_options o1_0 where o1_0.question_id=?
2026-03-11T10:29:51.023+05:30 DEBUG 12812 --- [backend] [http-nio-8081-exec-6] org.hibernate.SQL                        : select o1_0.question_id,o1_0.option_text from question_options o1_0 where o1_0.question_id=?
2026-03-11T10:29:51.024+05:30 DEBUG 12812 --- [backend] [http-nio-8081-exec-6] org.hibernate.SQL                        : select v1_0.section_id,v1_0.id,v1_0.duration,v1_0.title,v1_0.type,v1_0.url from videos v1_0 where v1_0.section_id=?
2026-03-11T10:29:51.026+05:30 DEBUG 12812 --- [backend] [http-nio-8081-exec-6] org.hibernate.SQL                        : select s1_0.course_id,s1_0.id,s1_0.title from sections s1_0 where s1_0.course_id=?
2026-03-11T10:29:51.026+05:30 DEBUG 12812 --- [backend] [http-nio-8081-exec-6] org.hibernate.SQL                        : select s1_0.course_id,s1_0.id,s1_0.title from sections s1_0 where s1_0.course_id=?
2026-03-11T10:29:51.026+05:30 DEBUG 12812 --- [backend] [http-nio-8081-exec-6] org.hibernate.SQL                        : select s1_0.course_id,s1_0.id,s1_0.title from sections s1_0 where s1_0.course_id=?
2026-03-11T10:29:51.026+05:30 DEBUG 12812 --- [backend] [http-nio-8081-exec-6] org.hibernate.SQL                        : select s1_0.course_id,s1_0.id,s1_0.title from sections s1_0 where s1_0.course_id=?
2026-03-11T10:29:51.033+05:30 DEBUG 12812 --- [backend] [http-nio-8081-exec-6] org.hibernate.SQL                        : select s1_0.course_id,s1_0.id,s1_0.title from sections s1_0 where s1_0.course_id=?
2026-03-11T10:29:51.033+05:30 DEBUG 12812 --- [backend] [http-nio-8081-exec-6] org.hibernate.SQL                        : select s1_0.course_id,s1_0.id,s1_0.title from sections s1_0 where s1_0.course_id=?
2026-03-11T10:29:51.035+05:30 DEBUG 12812 --- [backend] [http-nio-8081-exec-6] org.hibernate.SQL                        : select s1_0.course_id,s1_0.id,s1_0.title from sections s1_0 where s1_0.course_id=?
2026-03-11T10:29:51.036+05:30 DEBUG 12812 --- [backend] [http-nio-8081-exec-6] org.hibernate.SQL                        : select s1_0.course_id,s1_0.id,s1_0.title from sections s1_0 where s1_0.course_id=?
2026-03-11T10:29:51.043+05:30 DEBUG 12812 --- [backend] [http-nio-8081-exec-8] org.hibernate.SQL                        : select c1_0.id,c1_0.bg_color,c1_0.border_color,c1_0.color,c1_0.description,c1_0.discount,c1_0.domain,c1_0.duration,c1_0.gradient,c1_0.icon_name,c1_0.level,c1_0.live_link,c1_0.name,c1_0.shadow,c1_0.slug,c1_0.total_fee from courses c1_0
2026-03-11T10:29:51.074+05:30 DEBUG 12812 --- [backend] [http-nio-8081-exec-8] org.hibernate.SQL                        : select s1_0.course_id,s1_0.id,s1_0.title from sections s1_0 where s1_0.course_id=?
2026-03-11T10:29:51.076+05:30 DEBUG 12812 --- [backend] [http-nio-8081-exec-8] org.hibernate.SQL                        : select v1_0.section_id,v1_0.id,v1_0.duration,v1_0.title,v1_0.type,v1_0.url from videos v1_0 where v1_0.section_id=?
2026-03-11T10:29:51.079+05:30 DEBUG 12812 --- [backend] [http-nio-8081-exec-8] org.hibernate.SQL                        : select q1_0.section_id,q1_0.id,q1_0.description,q1_0.title from quizzes q1_0 where q1_0.section_id in (select s1_0.id from sections s1_0 where s1_0.course_id=?)
2026-03-11T10:29:51.081+05:30 DEBUG 12812 --- [backend] [http-nio-8081-exec-8] org.hibernate.SQL                        : select v1_0.section_id,v1_0.id,v1_0.duration,v1_0.title,v1_0.type,v1_0.url from videos v1_0 where v1_0.section_id=?
2026-03-11T10:29:51.081+05:30 DEBUG 12812 --- [backend] [http-nio-8081-exec-8] org.hibernate.SQL                        : select q1_0.quiz_id,q1_0.id,q1_0.correct_option_index,q1_0.question_text from questions q1_0 where q1_0.quiz_id=?
2026-03-11T10:29:51.086+05:30 DEBUG 12812 --- [backend] [http-nio-8081-exec-8] org.hibernate.SQL                        : select o1_0.question_id,o1_0.option_text from question_options o1_0 where o1_0.question_id=?
2026-03-11T10:29:51.087+05:30 DEBUG 12812 --- [backend] [http-nio-8081-exec-8] org.hibernate.SQL                        : select o1_0.question_id,o1_0.option_text from question_options o1_0 where o1_0.question_id=?
2026-03-11T10:29:51.090+05:30 DEBUG 12812 --- [backend] [http-nio-8081-exec-8] org.hibernate.SQL                        : select v1_0.section_id,v1_0.id,v1_0.duration,v1_0.title,v1_0.type,v1_0.url from videos v1_0 where v1_0.section_id=?
2026-03-11T10:29:51.091+05:30 DEBUG 12812 --- [backend] [http-nio-8081-exec-8] org.hibernate.SQL                        : select s1_0.course_id,s1_0.id,s1_0.title from sections s1_0 where s1_0.course_id=?
2026-03-11T10:29:51.093+05:30 DEBUG 12812 --- [backend] [http-nio-8081-exec-8] org.hibernate.SQL                        : select s1_0.course_id,s1_0.id,s1_0.title from sections s1_0 where s1_0.course_id=?
2026-03-11T10:29:51.093+05:30 DEBUG 12812 --- [backend] [http-nio-8081-exec-8] org.hibernate.SQL                        : select s1_0.course_id,s1_0.id,s1_0.title from sections s1_0 where s1_0.course_id=?
2026-03-11T10:29:51.096+05:30 DEBUG 12812 --- [backend] [http-nio-8081-exec-8] org.hibernate.SQL                        : select s1_0.course_id,s1_0.id,s1_0.title from sections s1_0 where s1_0.course_id=?
2026-03-11T10:29:51.097+05:30 DEBUG 12812 --- [backend] [http-nio-8081-exec-8] org.hibernate.SQL                        : select s1_0.course_id,s1_0.id,s1_0.title from sections s1_0 where s1_0.course_id=?
2026-03-11T10:29:51.098+05:30 DEBUG 12812 --- [backend] [http-nio-8081-exec-8] org.hibernate.SQL                        : select s1_0.course_id,s1_0.id,s1_0.title from sections s1_0 where s1_0.course_id=?
2026-03-11T10:29:51.101+05:30 DEBUG 12812 --- [backend] [http-nio-8081-exec-8] org.hibernate.SQL                        : select s1_0.course_id,s1_0.id,s1_0.title from sections s1_0 where s1_0.course_id=?
2026-03-11T10:29:51.103+05:30 DEBUG 12812 --- [backend] [http-nio-8081-exec-8] org.hibernate.SQL                        : select s1_0.course_id,s1_0.id,s1_0.title from sections s1_0 where s1_0.course_id=?
2026-03-11T10:29:51.114+05:30 DEBUG 12812 --- [backend] [http-nio-8081-exec-8] org.hibernate.SQL                        : select c1_0.id,c1_0.bg_color,c1_0.border_color,c1_0.color,c1_0.description,c1_0.discount,c1_0.domain,c1_0.duration,c1_0.gradient,c1_0.icon_name,c1_0.level,c1_0.live_link,c1_0.name,c1_0.shadow,c1_0.slug,c1_0.total_fee from courses c1_0
2026-03-11T10:29:51.236+05:30 DEBUG 12812 --- [backend] [http-nio-8081-exec-8] org.hibernate.SQL                        : select s1_0.course_id,s1_0.id,s1_0.title from sections s1_0 where s1_0.course_id=?
2026-03-11T10:29:51.242+05:30 DEBUG 12812 --- [backend] [http-nio-8081-exec-8] org.hibernate.SQL                        : select v1_0.section_id,v1_0.id,v1_0.duration,v1_0.title,v1_0.type,v1_0.url from videos v1_0 where v1_0.section_id=?
2026-03-11T10:29:51.246+05:30 DEBUG 12812 --- [backend] [http-nio-8081-exec-8] org.hibernate.SQL                        : select q1_0.section_id,q1_0.id,q1_0.description,q1_0.title from quizzes q1_0 where q1_0.section_id in (select s1_0.id from sections s1_0 where s1_0.course_id=?)
2026-03-11T10:29:51.249+05:30 DEBUG 12812 --- [backend] [http-nio-8081-exec-8] org.hibernate.SQL                        : select v1_0.section_id,v1_0.id,v1_0.duration,v1_0.title,v1_0.type,v1_0.url from videos v1_0 where v1_0.section_id=?
2026-03-11T10:29:51.251+05:30 DEBUG 12812 --- [backend] [http-nio-8081-exec-8] org.hibernate.SQL                        : select q1_0.quiz_id,q1_0.id,q1_0.correct_option_index,q1_0.question_text from questions q1_0 where q1_0.quiz_id=?
2026-03-11T10:29:51.255+05:30 DEBUG 12812 --- [backend] [http-nio-8081-exec-8] org.hibernate.SQL                        : select o1_0.question_id,o1_0.option_text from question_options o1_0 where o1_0.question_id=?
2026-03-11T10:29:51.256+05:30 DEBUG 12812 --- [backend] [http-nio-8081-exec-8] org.hibernate.SQL                        : select o1_0.question_id,o1_0.option_text from question_options o1_0 where o1_0.question_id=?
2026-03-11T10:29:51.259+05:30 DEBUG 12812 --- [backend] [http-nio-8081-exec-8] org.hibernate.SQL                        : select v1_0.section_id,v1_0.id,v1_0.duration,v1_0.title,v1_0.type,v1_0.url from videos v1_0 where v1_0.section_id=?
2026-03-11T10:29:51.261+05:30 DEBUG 12812 --- [backend] [http-nio-8081-exec-8] org.hibernate.SQL                        : select s1_0.course_id,s1_0.id,s1_0.title from sections s1_0 where s1_0.course_id=?
2026-03-11T10:29:51.266+05:30 DEBUG 12812 --- [backend] [http-nio-8081-exec-8] org.hibernate.SQL                        : select s1_0.course_id,s1_0.id,s1_0.title from sections s1_0 where s1_0.course_id=?
2026-03-11T10:29:51.268+05:30 DEBUG 12812 --- [backend] [http-nio-8081-exec-8] org.hibernate.SQL                        : select s1_0.course_id,s1_0.id,s1_0.title from sections s1_0 where s1_0.course_id=?
2026-03-11T10:29:51.272+05:30 DEBUG 12812 --- [backend] [http-nio-8081-exec-8] org.hibernate.SQL                        : select s1_0.course_id,s1_0.id,s1_0.title from sections s1_0 where s1_0.course_id=?
2026-03-11T10:29:51.273+05:30 DEBUG 12812 --- [backend] [http-nio-8081-exec-8] org.hibernate.SQL                        : select s1_0.course_id,s1_0.id,s1_0.title from sections s1_0 where s1_0.course_id=?
2026-03-11T10:29:51.277+05:30 DEBUG 12812 --- [backend] [http-nio-8081-exec-8] org.hibernate.SQL                        : select s1_0.course_id,s1_0.id,s1_0.title from sections s1_0 where s1_0.course_id=?
2026-03-11T10:29:51.277+05:30 DEBUG 12812 --- [backend] [http-nio-8081-exec-8] org.hibernate.SQL                        : select s1_0.course_id,s1_0.id,s1_0.title from sections s1_0 where s1_0.course_id=?
2026-03-11T10:29:51.277+05:30 DEBUG 12812 --- [backend] [http-nio-8081-exec-8] org.hibernate.SQL                        : select s1_0.course_id,s1_0.id,s1_0.title from sections s1_0 where s1_0.course_id=?
2026-03-11T10:29:51.298+05:30 DEBUG 12812 --- [backend] [http-nio-8081-exec-9] org.hibernate.SQL                        : select c1_0.id,c1_0.bg_color,c1_0.border_color,c1_0.color,c1_0.description,c1_0.discount,c1_0.domain,c1_0.duration,c1_0.gradient,c1_0.icon_name,c1_0.level,c1_0.live_link,c1_0.name,c1_0.shadow,c1_0.slug,c1_0.total_fee from courses c1_0
2026-03-11T10:29:51.306+05:30 DEBUG 12812 --- [backend] [http-nio-8081-exec-9] org.hibernate.SQL                        : select s1_0.course_id,s1_0.id,s1_0.title from sections s1_0 where s1_0.course_id=?
2026-03-11T10:29:51.306+05:30 DEBUG 12812 --- [backend] [http-nio-8081-exec-9] org.hibernate.SQL                        : select v1_0.section_id,v1_0.id,v1_0.duration,v1_0.title,v1_0.type,v1_0.url from videos v1_0 where v1_0.section_id=?
2026-03-11T10:29:51.313+05:30 DEBUG 12812 --- [backend] [http-nio-8081-exec-9] org.hibernate.SQL                        : select q1_0.section_id,q1_0.id,q1_0.description,q1_0.title from quizzes q1_0 where q1_0.section_id in (select s1_0.id from sections s1_0 where s1_0.course_id=?)
2026-03-11T10:29:51.317+05:30 DEBUG 12812 --- [backend] [http-nio-8081-exec-9] org.hibernate.SQL                        : select v1_0.section_id,v1_0.id,v1_0.duration,v1_0.title,v1_0.type,v1_0.url from videos v1_0 where v1_0.section_id=?
2026-03-11T10:29:51.317+05:30 DEBUG 12812 --- [backend] [http-nio-8081-exec-9] org.hibernate.SQL                        : select q1_0.quiz_id,q1_0.id,q1_0.correct_option_index,q1_0.question_text from questions q1_0 where q1_0.quiz_id=?
2026-03-11T10:29:51.323+05:30 DEBUG 12812 --- [backend] [http-nio-8081-exec-9] org.hibernate.SQL                        : select o1_0.question_id,o1_0.option_text from question_options o1_0 where o1_0.question_id=?
2026-03-11T10:29:51.323+05:30 DEBUG 12812 --- [backend] [http-nio-8081-exec-9] org.hibernate.SQL                        : select o1_0.question_id,o1_0.option_text from question_options o1_0 where o1_0.question_id=?
2026-03-11T10:29:51.327+05:30 DEBUG 12812 --- [backend] [http-nio-8081-exec-9] org.hibernate.SQL                        : select v1_0.section_id,v1_0.id,v1_0.duration,v1_0.title,v1_0.type,v1_0.url from videos v1_0 where v1_0.section_id=?
2026-03-11T10:29:51.327+05:30 DEBUG 12812 --- [backend] [http-nio-8081-exec-9] org.hibernate.SQL                        : select s1_0.course_id,s1_0.id,s1_0.title from sections s1_0 where s1_0.course_id=?
2026-03-11T10:29:51.327+05:30 DEBUG 12812 --- [backend] [http-nio-8081-exec-9] org.hibernate.SQL                        : select s1_0.course_id,s1_0.id,s1_0.title from sections s1_0 where s1_0.course_id=?
2026-03-11T10:29:51.331+05:30 DEBUG 12812 --- [backend] [http-nio-8081-exec-9] org.hibernate.SQL                        : select s1_0.course_id,s1_0.id,s1_0.title from sections s1_0 where s1_0.course_id=?
2026-03-11T10:29:51.333+05:30 DEBUG 12812 --- [backend] [http-nio-8081-exec-9] org.hibernate.SQL                        : select s1_0.course_id,s1_0.id,s1_0.title from sections s1_0 where s1_0.course_id=?
2026-03-11T10:29:51.337+05:30 DEBUG 12812 --- [backend] [http-nio-8081-exec-9] org.hibernate.SQL                        : select s1_0.course_id,s1_0.id,s1_0.title from sections s1_0 where s1_0.course_id=?
2026-03-11T10:29:51.338+05:30 DEBUG 12812 --- [backend] [http-nio-8081-exec-9] org.hibernate.SQL                        : select s1_0.course_id,s1_0.id,s1_0.title from sections s1_0 where s1_0.course_id=?
2026-03-11T10:29:51.340+05:30 DEBUG 12812 --- [backend] [http-nio-8081-exec-9] org.hibernate.SQL                        : select s1_0.course_id,s1_0.id,s1_0.title from sections s1_0 where s1_0.course_id=?
2026-03-11T10:29:51.341+05:30 DEBUG 12812 --- [backend] [http-nio-8081-exec-9] org.hibernate.SQL                        : select s1_0.course_id,s1_0.id,s1_0.title from sections s1_0 where s1_0.course_id=?
2026-03-11T10:29:51.349+05:30 DEBUG 12812 --- [backend] [http-nio-8081-exec-3] org.hibernate.SQL                        : select c1_0.id,c1_0.bg_color,c1_0.border_color,c1_0.color,c1_0.description,c1_0.discount,c1_0.domain,c1_0.duration,c1_0.gradient,c1_0.icon_name,c1_0.level,c1_0.live_link,c1_0.name,c1_0.shadow,c1_0.slug,c1_0.total_fee from courses c1_0
2026-03-11T10:29:51.349+05:30 DEBUG 12812 --- [backend] [http-nio-8081-exec-3] org.hibernate.SQL                        : select s1_0.course_id,s1_0.id,s1_0.title from sections s1_0 where s1_0.course_id=?
2026-03-11T10:29:51.359+05:30 DEBUG 12812 --- [backend] [http-nio-8081-exec-3] org.hibernate.SQL                        : select v1_0.section_id,v1_0.id,v1_0.duration,v1_0.title,v1_0.type,v1_0.url from videos v1_0 where v1_0.section_id=?
2026-03-11T10:29:51.361+05:30 DEBUG 12812 --- [backend] [http-nio-8081-exec-3] org.hibernate.SQL                        : select q1_0.section_id,q1_0.id,q1_0.description,q1_0.title from quizzes q1_0 where q1_0.section_id in (select s1_0.id from sections s1_0 where s1_0.course_id=?)
2026-03-11T10:29:51.365+05:30 DEBUG 12812 --- [backend] [http-nio-8081-exec-3] org.hibernate.SQL                        : select v1_0.section_id,v1_0.id,v1_0.duration,v1_0.title,v1_0.type,v1_0.url from videos v1_0 where v1_0.section_id=?
2026-03-11T10:29:51.366+05:30 DEBUG 12812 --- [backend] [http-nio-8081-exec-3] org.hibernate.SQL                        : select q1_0.quiz_id,q1_0.id,q1_0.correct_option_index,q1_0.question_text from questions q1_0 where q1_0.quiz_id=?
2026-03-11T10:29:51.369+05:30 DEBUG 12812 --- [backend] [http-nio-8081-exec-3] org.hibernate.SQL                        : select o1_0.question_id,o1_0.option_text from question_options o1_0 where o1_0.question_id=?
2026-03-11T10:29:51.371+05:30 DEBUG 12812 --- [backend] [http-nio-8081-exec-3] org.hibernate.SQL                        : select o1_0.question_id,o1_0.option_text from question_options o1_0 where o1_0.question_id=?
2026-03-11T10:29:51.373+05:30 DEBUG 12812 --- [backend] [http-nio-8081-exec-3] org.hibernate.SQL                        : select v1_0.section_id,v1_0.id,v1_0.duration,v1_0.title,v1_0.type,v1_0.url from videos v1_0 where v1_0.section_id=?
2026-03-11T10:29:51.375+05:30 DEBUG 12812 --- [backend] [http-nio-8081-exec-3] org.hibernate.SQL                        : select s1_0.course_id,s1_0.id,s1_0.title from sections s1_0 where s1_0.course_id=?
2026-03-11T10:29:51.377+05:30 DEBUG 12812 --- [backend] [http-nio-8081-exec-3] org.hibernate.SQL                        : select s1_0.course_id,s1_0.id,s1_0.title from sections s1_0 where s1_0.course_id=?
2026-03-11T10:29:51.379+05:30 DEBUG 12812 --- [backend] [http-nio-8081-exec-3] org.hibernate.SQL                        : select s1_0.course_id,s1_0.id,s1_0.title from sections s1_0 where s1_0.course_id=?
2026-03-11T10:29:51.380+05:30 DEBUG 12812 --- [backend] [http-nio-8081-exec-3] org.hibernate.SQL                        : select s1_0.course_id,s1_0.id,s1_0.title from sections s1_0 where s1_0.course_id=?
2026-03-11T10:29:51.382+05:30 DEBUG 12812 --- [backend] [http-nio-8081-exec-3] org.hibernate.SQL                        : select s1_0.course_id,s1_0.id,s1_0.title from sections s1_0 where s1_0.course_id=?
2026-03-11T10:29:51.384+05:30 DEBUG 12812 --- [backend] [http-nio-8081-exec-3] org.hibernate.SQL                        : select s1_0.course_id,s1_0.id,s1_0.title from sections s1_0 where s1_0.course_id=?
2026-03-11T10:29:51.385+05:30 DEBUG 12812 --- [backend] [http-nio-8081-exec-3] org.hibernate.SQL                        : select s1_0.course_id,s1_0.id,s1_0.title from sections s1_0 where s1_0.course_id=?
2026-03-11T10:29:51.386+05:30 DEBUG 12812 --- [backend] [http-nio-8081-exec-3] org.hibernate.SQL                        : select s1_0.course_id,s1_0.id,s1_0.title from sections s1_0 where s1_0.course_id=?
2026-03-11T10:29:51.388+05:30 DEBUG 12812 --- [backend] [http-nio-8081-exec-2] org.hibernate.SQL                        : select c1_0.id,c1_0.bg_color,c1_0.border_color,c1_0.color,c1_0.description,c1_0.discount,c1_0.domain,c1_0.duration,c1_0.gradient,c1_0.icon_name,c1_0.level,c1_0.live_link,c1_0.name,c1_0.shadow,c1_0.slug,c1_0.total_fee from courses c1_0
2026-03-11T10:29:51.400+05:30 DEBUG 12812 --- [backend] [http-nio-8081-exec-2] org.hibernate.SQL                        : select s1_0.course_id,s1_0.id,s1_0.title from sections s1_0 where s1_0.course_id=?
2026-03-11T10:29:51.405+05:30 DEBUG 12812 --- [backend] [http-nio-8081-exec-2] org.hibernate.SQL                        : select v1_0.section_id,v1_0.id,v1_0.duration,v1_0.title,v1_0.type,v1_0.url from videos v1_0 where v1_0.section_id=?
2026-03-11T10:29:51.408+05:30 DEBUG 12812 --- [backend] [http-nio-8081-exec-2] org.hibernate.SQL                        : select q1_0.section_id,q1_0.id,q1_0.description,q1_0.title from quizzes q1_0 where q1_0.section_id in (select s1_0.id from sections s1_0 where s1_0.course_id=?)
2026-03-11T10:29:51.410+05:30 DEBUG 12812 --- [backend] [http-nio-8081-exec-2] org.hibernate.SQL                        : select v1_0.section_id,v1_0.id,v1_0.duration,v1_0.title,v1_0.type,v1_0.url from videos v1_0 where v1_0.section_id=?
2026-03-11T10:29:51.412+05:30 DEBUG 12812 --- [backend] [http-nio-8081-exec-2] org.hibernate.SQL                        : select q1_0.quiz_id,q1_0.id,q1_0.correct_option_index,q1_0.question_text from questions q1_0 where q1_0.quiz_id=?
2026-03-11T10:29:51.416+05:30 DEBUG 12812 --- [backend] [http-nio-8081-exec-2] org.hibernate.SQL                        : select o1_0.question_id,o1_0.option_text from question_options o1_0 where o1_0.question_id=?
2026-03-11T10:29:51.418+05:30 DEBUG 12812 --- [backend] [http-nio-8081-exec-2] org.hibernate.SQL                        : select o1_0.question_id,o1_0.option_text from question_options o1_0 where o1_0.question_id=?
2026-03-11T10:29:51.418+05:30 DEBUG 12812 --- [backend] [http-nio-8081-exec-2] org.hibernate.SQL                        : select v1_0.section_id,v1_0.id,v1_0.duration,v1_0.title,v1_0.type,v1_0.url from videos v1_0 where v1_0.section_id=?
2026-03-11T10:29:51.423+05:30 DEBUG 12812 --- [backend] [http-nio-8081-exec-2] org.hibernate.SQL                        : select s1_0.course_id,s1_0.id,s1_0.title from sections s1_0 where s1_0.course_id=?
2026-03-11T10:29:51.427+05:30 DEBUG 12812 --- [backend] [http-nio-8081-exec-2] org.hibernate.SQL                        : select s1_0.course_id,s1_0.id,s1_0.title from sections s1_0 where s1_0.course_id=?
2026-03-11T10:29:51.427+05:30 DEBUG 12812 --- [backend] [http-nio-8081-exec-2] org.hibernate.SQL                        : select s1_0.course_id,s1_0.id,s1_0.title from sections s1_0 where s1_0.course_id=?
2026-03-11T10:29:51.432+05:30 DEBUG 12812 --- [backend] [http-nio-8081-exec-2] org.hibernate.SQL                        : select s1_0.course_id,s1_0.id,s1_0.title from sections s1_0 where s1_0.course_id=?
2026-03-11T10:29:51.436+05:30 DEBUG 12812 --- [backend] [http-nio-8081-exec-2] org.hibernate.SQL                        : select s1_0.course_id,s1_0.id,s1_0.title from sections s1_0 where s1_0.course_id=?
2026-03-11T10:29:51.436+05:30 DEBUG 12812 --- [backend] [http-nio-8081-exec-2] org.hibernate.SQL                        : select s1_0.course_id,s1_0.id,s1_0.title from sections s1_0 where s1_0.course_id=?
2026-03-11T10:29:51.440+05:30 DEBUG 12812 --- [backend] [http-nio-8081-exec-2] org.hibernate.SQL                        : select s1_0.course_id,s1_0.id,s1_0.title from sections s1_0 where s1_0.course_id=?
2026-03-11T10:29:51.443+05:30 DEBUG 12812 --- [backend] [http-nio-8081-exec-2] org.hibernate.SQL                        : select s1_0.course_id,s1_0.id,s1_0.title from sections s1_0 where s1_0.course_id=?
2026-03-11T10:29:51.458+05:30 DEBUG 12812 --- [backend] [http-nio-8081-exec-1] org.hibernate.SQL                        : select c1_0.id,c1_0.bg_color,c1_0.border_color,c1_0.color,c1_0.description,c1_0.discount,c1_0.domain,c1_0.duration,c1_0.gradient,c1_0.icon_name,c1_0.level,c1_0.live_link,c1_0.name,c1_0.shadow,c1_0.slug,c1_0.total_fee from courses c1_0
2026-03-11T10:29:51.468+05:30 DEBUG 12812 --- [backend] [http-nio-8081-exec-1] org.hibernate.SQL                        : select s1_0.course_id,s1_0.id,s1_0.title from sections s1_0 where s1_0.course_id=?
2026-03-11T10:29:51.468+05:30 DEBUG 12812 --- [backend] [http-nio-8081-exec-1] org.hibernate.SQL                        : select v1_0.section_id,v1_0.id,v1_0.duration,v1_0.title,v1_0.type,v1_0.url from videos v1_0 where v1_0.section_id=?
2026-03-11T10:29:51.475+05:30 DEBUG 12812 --- [backend] [http-nio-8081-exec-1] org.hibernate.SQL                        : select q1_0.section_id,q1_0.id,q1_0.description,q1_0.title from quizzes q1_0 where q1_0.section_id in (select s1_0.id from sections s1_0 where s1_0.course_id=?)
2026-03-11T10:29:51.476+05:30 DEBUG 12812 --- [backend] [http-nio-8081-exec-1] org.hibernate.SQL                        : select v1_0.section_id,v1_0.id,v1_0.duration,v1_0.title,v1_0.type,v1_0.url from videos v1_0 where v1_0.section_id=?
2026-03-11T10:29:51.482+05:30 DEBUG 12812 --- [backend] [http-nio-8081-exec-1] org.hibernate.SQL                        : select q1_0.quiz_id,q1_0.id,q1_0.correct_option_index,q1_0.question_text from questions q1_0 where q1_0.quiz_id=?
2026-03-11T10:29:51.483+05:30 DEBUG 12812 --- [backend] [http-nio-8081-exec-1] org.hibernate.SQL                        : select o1_0.question_id,o1_0.option_text from question_options o1_0 where o1_0.question_id=?
2026-03-11T10:29:51.486+05:30 DEBUG 12812 --- [backend] [http-nio-8081-exec-1] org.hibernate.SQL                        : select o1_0.question_id,o1_0.option_text from question_options o1_0 where o1_0.question_id=?
2026-03-11T10:29:51.488+05:30 DEBUG 12812 --- [backend] [http-nio-8081-exec-1] org.hibernate.SQL                        : select v1_0.section_id,v1_0.id,v1_0.duration,v1_0.title,v1_0.type,v1_0.url from videos v1_0 where v1_0.section_id=?
2026-03-11T10:29:51.489+05:30 DEBUG 12812 --- [backend] [http-nio-8081-exec-1] org.hibernate.SQL                        : select s1_0.course_id,s1_0.id,s1_0.title from sections s1_0 where s1_0.course_id=?
2026-03-11T10:29:51.490+05:30 DEBUG 12812 --- [backend] [http-nio-8081-exec-1] org.hibernate.SQL                        : select s1_0.course_id,s1_0.id,s1_0.title from sections s1_0 where s1_0.course_id=?
2026-03-11T10:29:51.492+05:30 DEBUG 12812 --- [backend] [http-nio-8081-exec-1] org.hibernate.SQL                        : select s1_0.course_id,s1_0.id,s1_0.title from sections s1_0 where s1_0.course_id=?
2026-03-11T10:29:51.492+05:30 DEBUG 12812 --- [backend] [http-nio-8081-exec-1] org.hibernate.SQL                        : select s1_0.course_id,s1_0.id,s1_0.title from sections s1_0 where s1_0.course_id=?
2026-03-11T10:29:51.498+05:30 DEBUG 12812 --- [backend] [http-nio-8081-exec-1] org.hibernate.SQL                        : select s1_0.course_id,s1_0.id,s1_0.title from sections s1_0 where s1_0.course_id=?
2026-03-11T10:29:51.499+05:30 DEBUG 12812 --- [backend] [http-nio-8081-exec-1] org.hibernate.SQL                        : select s1_0.course_id,s1_0.id,s1_0.title from sections s1_0 where s1_0.course_id=?
2026-03-11T10:29:51.501+05:30 DEBUG 12812 --- [backend] [http-nio-8081-exec-1] org.hibernate.SQL                        : select s1_0.course_id,s1_0.id,s1_0.title from sections s1_0 where s1_0.course_id=?
2026-03-11T10:29:51.501+05:30 DEBUG 12812 --- [backend] [http-nio-8081-exec-1] org.hibernate.SQL                        : select s1_0.course_id,s1_0.id,s1_0.title from sections s1_0 where s1_0.course_id=?
2026-03-11T10:29:51.515+05:30 DEBUG 12812 --- [backend] [http-nio-8081-exec-5] org.hibernate.SQL                        : select c1_0.id,c1_0.bg_color,c1_0.border_color,c1_0.color,c1_0.description,c1_0.discount,c1_0.domain,c1_0.duration,c1_0.gradient,c1_0.icon_name,c1_0.level,c1_0.live_link,c1_0.name,c1_0.shadow,c1_0.slug,c1_0.total_fee from courses c1_0
2026-03-11T10:29:51.523+05:30 DEBUG 12812 --- [backend] [http-nio-8081-exec-5] org.hibernate.SQL                        : select s1_0.course_id,s1_0.id,s1_0.title from sections s1_0 where s1_0.course_id=?
2026-03-11T10:29:51.526+05:30 DEBUG 12812 --- [backend] [http-nio-8081-exec-5] org.hibernate.SQL                        : select v1_0.section_id,v1_0.id,v1_0.duration,v1_0.title,v1_0.type,v1_0.url from videos v1_0 where v1_0.section_id=?
2026-03-11T10:29:51.532+05:30 DEBUG 12812 --- [backend] [http-nio-8081-exec-5] org.hibernate.SQL                        : select q1_0.section_id,q1_0.id,q1_0.description,q1_0.title from quizzes q1_0 where q1_0.section_id in (select s1_0.id from sections s1_0 where s1_0.course_id=?)
2026-03-11T10:29:51.532+05:30 DEBUG 12812 --- [backend] [http-nio-8081-exec-5] org.hibernate.SQL                        : select v1_0.section_id,v1_0.id,v1_0.duration,v1_0.title,v1_0.type,v1_0.url from videos v1_0 where v1_0.section_id=?
2026-03-11T10:29:51.536+05:30 DEBUG 12812 --- [backend] [http-nio-8081-exec-5] org.hibernate.SQL                        : select q1_0.quiz_id,q1_0.id,q1_0.correct_option_index,q1_0.question_text from questions q1_0 where q1_0.quiz_id=?
2026-03-11T10:29:51.540+05:30 DEBUG 12812 --- [backend] [http-nio-8081-exec-5] org.hibernate.SQL                        : select o1_0.question_id,o1_0.option_text from question_options o1_0 where o1_0.question_id=?
2026-03-11T10:29:51.541+05:30 DEBUG 12812 --- [backend] [http-nio-8081-exec-5] org.hibernate.SQL                        : select o1_0.question_id,o1_0.option_text from question_options o1_0 where o1_0.question_id=?
2026-03-11T10:29:51.543+05:30 DEBUG 12812 --- [backend] [http-nio-8081-exec-5] org.hibernate.SQL                        : select v1_0.section_id,v1_0.id,v1_0.duration,v1_0.title,v1_0.type,v1_0.url from videos v1_0 where v1_0.section_id=?
2026-03-11T10:29:51.546+05:30 DEBUG 12812 --- [backend] [http-nio-8081-exec-5] org.hibernate.SQL                        : select s1_0.course_id,s1_0.id,s1_0.title from sections s1_0 where s1_0.course_id=?
2026-03-11T10:29:51.548+05:30 DEBUG 12812 --- [backend] [http-nio-8081-exec-5] org.hibernate.SQL                        : select s1_0.course_id,s1_0.id,s1_0.title from sections s1_0 where s1_0.course_id=?
2026-03-11T10:29:51.550+05:30 DEBUG 12812 --- [backend] [http-nio-8081-exec-5] org.hibernate.SQL                        : select s1_0.course_id,s1_0.id,s1_0.title from sections s1_0 where s1_0.course_id=?
2026-03-11T10:29:51.550+05:30 DEBUG 12812 --- [backend] [http-nio-8081-exec-5] org.hibernate.SQL                        : select s1_0.course_id,s1_0.id,s1_0.title from sections s1_0 where s1_0.course_id=?
2026-03-11T10:29:51.550+05:30 DEBUG 12812 --- [backend] [http-nio-8081-exec-5] org.hibernate.SQL                        : select s1_0.course_id,s1_0.id,s1_0.title from sections s1_0 where s1_0.course_id=?
2026-03-11T10:29:51.550+05:30 DEBUG 12812 --- [backend] [http-nio-8081-exec-5] org.hibernate.SQL                        : select s1_0.course_id,s1_0.id,s1_0.title from sections s1_0 where s1_0.course_id=?
2026-03-11T10:29:51.557+05:30 DEBUG 12812 --- [backend] [http-nio-8081-exec-5] org.hibernate.SQL                        : select s1_0.course_id,s1_0.id,s1_0.title from sections s1_0 where s1_0.course_id=?
2026-03-11T10:29:51.558+05:30 DEBUG 12812 --- [backend] [http-nio-8081-exec-5] org.hibernate.SQL                        : select s1_0.course_id,s1_0.id,s1_0.title from sections s1_0 where s1_0.course_id=?
2026-03-11T10:29:51.573+05:30 DEBUG 12812 --- [backend] [http-nio-8081-exec-4] org.hibernate.SQL                        : select c1_0.id,c1_0.bg_color,c1_0.border_color,c1_0.color,c1_0.description,c1_0.discount,c1_0.domain,c1_0.duration,c1_0.gradient,c1_0.icon_name,c1_0.level,c1_0.live_link,c1_0.name,c1_0.shadow,c1_0.slug,c1_0.total_fee from courses c1_0
2026-03-11T10:29:51.576+05:30 DEBUG 12812 --- [backend] [http-nio-8081-exec-4] org.hibernate.SQL                        : select s1_0.course_id,s1_0.id,s1_0.title from sections s1_0 where s1_0.course_id=?
2026-03-11T10:29:51.582+05:30 DEBUG 12812 --- [backend] [http-nio-8081-exec-4] org.hibernate.SQL                        : select v1_0.section_id,v1_0.id,v1_0.duration,v1_0.title,v1_0.type,v1_0.url from videos v1_0 where v1_0.section_id=?
2026-03-11T10:29:51.586+05:30 DEBUG 12812 --- [backend] [http-nio-8081-exec-4] org.hibernate.SQL                        : select q1_0.section_id,q1_0.id,q1_0.description,q1_0.title from quizzes q1_0 where q1_0.section_id in (select s1_0.id from sections s1_0 where s1_0.course_id=?)
2026-03-11T10:29:51.588+05:30 DEBUG 12812 --- [backend] [http-nio-8081-exec-4] org.hibernate.SQL                        : select v1_0.section_id,v1_0.id,v1_0.duration,v1_0.title,v1_0.type,v1_0.url from videos v1_0 where v1_0.section_id=?
2026-03-11T10:29:51.591+05:30 DEBUG 12812 --- [backend] [http-nio-8081-exec-4] org.hibernate.SQL                        : select q1_0.quiz_id,q1_0.id,q1_0.correct_option_index,q1_0.question_text from questions q1_0 where q1_0.quiz_id=?
2026-03-11T10:29:51.592+05:30 DEBUG 12812 --- [backend] [http-nio-8081-exec-4] org.hibernate.SQL                        : select o1_0.question_id,o1_0.option_text from question_options o1_0 where o1_0.question_id=?
2026-03-11T10:29:51.592+05:30 DEBUG 12812 --- [backend] [http-nio-8081-exec-4] org.hibernate.SQL                        : select o1_0.question_id,o1_0.option_text from question_options o1_0 where o1_0.question_id=?
2026-03-11T10:29:51.596+05:30 DEBUG 12812 --- [backend] [http-nio-8081-exec-4] org.hibernate.SQL                        : select v1_0.section_id,v1_0.id,v1_0.duration,v1_0.title,v1_0.type,v1_0.url from videos v1_0 where v1_0.section_id=?
2026-03-11T10:29:51.599+05:30 DEBUG 12812 --- [backend] [http-nio-8081-exec-4] org.hibernate.SQL                        : select s1_0.course_id,s1_0.id,s1_0.title from sections s1_0 where s1_0.course_id=?
2026-03-11T10:29:51.599+05:30 DEBUG 12812 --- [backend] [http-nio-8081-exec-4] org.hibernate.SQL                        : select s1_0.course_id,s1_0.id,s1_0.title from sections s1_0 where s1_0.course_id=?
2026-03-11T10:29:51.603+05:30 DEBUG 12812 --- [backend] [http-nio-8081-exec-4] org.hibernate.SQL                        : select s1_0.course_id,s1_0.id,s1_0.title from sections s1_0 where s1_0.course_id=?
2026-03-11T10:29:51.606+05:30 DEBUG 12812 --- [backend] [http-nio-8081-exec-4] org.hibernate.SQL                        : select s1_0.course_id,s1_0.id,s1_0.title from sections s1_0 where s1_0.course_id=?
2026-03-11T10:29:51.606+05:30 DEBUG 12812 --- [backend] [http-nio-8081-exec-4] org.hibernate.SQL                        : select s1_0.course_id,s1_0.id,s1_0.title from sections s1_0 where s1_0.course_id=?
2026-03-11T10:29:51.608+05:30 DEBUG 12812 --- [backend] [http-nio-8081-exec-4] org.hibernate.SQL                        : select s1_0.course_id,s1_0.id,s1_0.title from sections s1_0 where s1_0.course_id=?
2026-03-11T10:29:51.610+05:30 DEBUG 12812 --- [backend] [http-nio-8081-exec-4] org.hibernate.SQL                        : select s1_0.course_id,s1_0.id,s1_0.title from sections s1_0 where s1_0.course_id=?
2026-03-11T10:29:51.611+05:30 DEBUG 12812 --- [backend] [http-nio-8081-exec-4] org.hibernate.SQL                        : select s1_0.course_id,s1_0.id,s1_0.title from sections s1_0 where s1_0.course_id=?
2026-03-11T10:58:34.249+05:30  WARN 12812 --- [backend] [HikariPool-1 housekeeper] com.zaxxer.hikari.pool.HikariPool        : HikariPool-1 - Thread starvation or clock leap detected (housekeeper delta=25m23s958ms862µs100ns).
2026-03-11T11:31:44.010+05:30  WARN 12812 --- [backend] [HikariPool-1 housekeeper] com.zaxxer.hikari.pool.HikariPool        : HikariPool-1 - Thread starvation or clock leap detected (housekeeper delta=3m9s222ms353µs300ns).
2026-03-11T12:02:25.205+05:30  WARN 12812 --- [backend] [HikariPool-1 housekeeper] com.zaxxer.hikari.pool.HikariPool        : HikariPool-1 - Thread starvation or clock leap detected (housekeeper delta=6m39s12ms617µs700ns).
2026-03-11T12:32:37.778+05:30  WARN 12812 --- [backend] [HikariPool-1 housekeeper] com.zaxxer.hikari.pool.HikariPool        : HikariPool-1 - Thread starvation or clock leap detected (housekeeper delta=21m42s427ms267µs800ns).
2026-03-11T12:40:57.676+05:30  WARN 12812 --- [backend] [HikariPool-1 housekeeper] com.zaxxer.hikari.pool.HikariPool        : HikariPool-1 - Thread starvation or clock leap detected (housekeeper delta=2m19s801ms853µs700ns).
2026-03-11T12:55:53.901+05:30  WARN 12812 --- [backend] [HikariPool-1 housekeeper] com.zaxxer.hikari.pool.HikariPool        : HikariPool-1 - Thread starvation or clock leap detected (housekeeper delta=10m56s182ms538µs100ns).
2026-03-11T13:28:30.940+05:30  WARN 12812 --- [backend] [HikariPool-1 housekeeper] com.zaxxer.hikari.pool.HikariPool        : HikariPool-1 - Thread starvation or clock leap detected (housekeeper delta=32m37s38ms601µs700ns).
2026-03-11T13:49:22.267+05:30  WARN 12812 --- [backend] [HikariPool-1 housekeeper] com.zaxxer.hikari.pool.HikariPool        : HikariPool-1 - Thread starvation or clock leap detected (housekeeper delta=11m21s179ms562µs600ns).
2026-03-11T13:59:44.806+05:30  WARN 12812 --- [backend] [HikariPool-1 housekeeper] com.zaxxer.hikari.pool.HikariPool        : HikariPool-1 - Thread starvation or clock leap detected (housekeeper delta=4m52s430ms953µs800ns).
2026-03-11T15:16:11.679+05:30  WARN 12812 --- [backend] [HikariPool-1 housekeeper] com.zaxxer.hikari.pool.HikariPool        : HikariPool-1 - Thread starvation or clock leap detected (housekeeper delta=1h14m56s847ms583µs500ns).
2026-03-11T15:16:21.571+05:30 DEBUG 12812 --- [backend] [http-nio-8081-exec-5] org.hibernate.SQL                        : select t1_0.id,t1_0.course,t1_0.image,t1_0.message,t1_0.name,t1_0.thumbnail,t1_0.video_url from testimonials t1_0 where t1_0.video_url is null
2026-03-11T15:16:21.571+05:30 DEBUG 12812 --- [backend] [http-nio-8081-exec-3] org.hibernate.SQL                        : select c1_0.id,c1_0.bg_color,c1_0.border_color,c1_0.color,c1_0.description,c1_0.discount,c1_0.domain,c1_0.duration,c1_0.gradient,c1_0.icon_name,c1_0.level,c1_0.live_link,c1_0.name,c1_0.shadow,c1_0.slug,c1_0.total_fee from courses c1_0
2026-03-11T15:16:21.571+05:30 DEBUG 12812 --- [backend] [http-nio-8081-exec-1] org.hibernate.SQL                        : select t1_0.id,t1_0.course,t1_0.image,t1_0.message,t1_0.name,t1_0.thumbnail,t1_0.video_url from testimonials t1_0 where t1_0.video_url is not null
2026-03-11T15:16:21.571+05:30 DEBUG 12812 --- [backend] [http-nio-8081-exec-2] org.hibernate.SQL                        : select h1_0.id,h1_0.date,h1_0.description,h1_0.entry_fee,h1_0.mode,h1_0.prize_pool,h1_0.status,h1_0.time,h1_0.title from hackathons h1_0
2026-03-11T15:16:21.592+05:30 DEBUG 12812 --- [backend] [http-nio-8081-exec-3] org.hibernate.SQL                        : select s1_0.course_id,s1_0.id,s1_0.title from sections s1_0 where s1_0.course_id=?
2026-03-11T15:16:21.592+05:30 DEBUG 12812 --- [backend] [http-nio-8081-exec-2] org.hibernate.SQL                        : select rui1_0.hackathon_id,rui1_0.registered_user_ids from hackathon_registered_user_ids rui1_0 where rui1_0.hackathon_id=?
2026-03-11T15:16:21.597+05:30 DEBUG 12812 --- [backend] [http-nio-8081-exec-3] org.hibernate.SQL                        : select v1_0.section_id,v1_0.id,v1_0.duration,v1_0.title,v1_0.type,v1_0.url from videos v1_0 where v1_0.section_id=?
2026-03-11T15:16:21.597+05:30 DEBUG 12812 --- [backend] [http-nio-8081-exec-2] org.hibernate.SQL                        : select rui1_0.hackathon_id,rui1_0.registered_user_ids from hackathon_registered_user_ids rui1_0 where rui1_0.hackathon_id=?
2026-03-11T15:16:21.599+05:30 DEBUG 12812 --- [backend] [http-nio-8081-exec-2] org.hibernate.SQL                        : select rui1_0.hackathon_id,rui1_0.registered_user_ids from hackathon_registered_user_ids rui1_0 where rui1_0.hackathon_id=?
2026-03-11T15:16:21.602+05:30 DEBUG 12812 --- [backend] [http-nio-8081-exec-2] org.hibernate.SQL                        : select rui1_0.hackathon_id,rui1_0.registered_user_ids from hackathon_registered_user_ids rui1_0 where rui1_0.hackathon_id=?
2026-03-11T15:16:21.603+05:30 DEBUG 12812 --- [backend] [http-nio-8081-exec-3] org.hibernate.SQL                        : select q1_0.section_id,q1_0.id,q1_0.description,q1_0.title from quizzes q1_0 where q1_0.section_id in (select s1_0.id from sections s1_0 where s1_0.course_id=?)
2026-03-11T15:16:21.604+05:30 DEBUG 12812 --- [backend] [http-nio-8081-exec-2] org.hibernate.SQL                        : select rui1_0.hackathon_id,rui1_0.registered_user_ids from hackathon_registered_user_ids rui1_0 where rui1_0.hackathon_id=?
2026-03-11T15:16:21.606+05:30 DEBUG 12812 --- [backend] [http-nio-8081-exec-2] org.hibernate.SQL                        : select rui1_0.hackathon_id,rui1_0.registered_user_ids from hackathon_registered_user_ids rui1_0 where rui1_0.hackathon_id=?
2026-03-11T15:16:21.606+05:30 DEBUG 12812 --- [backend] [http-nio-8081-exec-3] org.hibernate.SQL                        : select v1_0.section_id,v1_0.id,v1_0.duration,v1_0.title,v1_0.type,v1_0.url from videos v1_0 where v1_0.section_id=?
2026-03-11T15:16:21.608+05:30 DEBUG 12812 --- [backend] [http-nio-8081-exec-3] org.hibernate.SQL                        : select q1_0.quiz_id,q1_0.id,q1_0.correct_option_index,q1_0.question_text from questions q1_0 where q1_0.quiz_id=?
2026-03-11T15:16:21.610+05:30 DEBUG 12812 --- [backend] [http-nio-8081-exec-3] org.hibernate.SQL                        : select o1_0.question_id,o1_0.option_text from question_options o1_0 where o1_0.question_id=?
2026-03-11T15:16:21.612+05:30 DEBUG 12812 --- [backend] [http-nio-8081-exec-3] org.hibernate.SQL                        : select o1_0.question_id,o1_0.option_text from question_options o1_0 where o1_0.question_id=?
2026-03-11T15:16:21.612+05:30 DEBUG 12812 --- [backend] [http-nio-8081-exec-4] org.hibernate.SQL                        : select t1_0.id,t1_0.course,t1_0.image,t1_0.message,t1_0.name,t1_0.thumbnail,t1_0.video_url from testimonials t1_0 where t1_0.video_url is not null
2026-03-11T15:16:21.612+05:30 DEBUG 12812 --- [backend] [http-nio-8081-exec-10] org.hibernate.SQL                        : select t1_0.id,t1_0.course,t1_0.image,t1_0.message,t1_0.name,t1_0.thumbnail,t1_0.video_url from testimonials t1_0 where t1_0.video_url is null
2026-03-11T15:16:21.614+05:30 DEBUG 12812 --- [backend] [http-nio-8081-exec-3] org.hibernate.SQL                        : select v1_0.section_id,v1_0.id,v1_0.duration,v1_0.title,v1_0.type,v1_0.url from videos v1_0 where v1_0.section_id=?
2026-03-11T15:16:21.617+05:30 DEBUG 12812 --- [backend] [http-nio-8081-exec-3] org.hibernate.SQL                        : select s1_0.course_id,s1_0.id,s1_0.title from sections s1_0 where s1_0.course_id=?
2026-03-11T15:16:21.618+05:30 DEBUG 12812 --- [backend] [http-nio-8081-exec-3] org.hibernate.SQL                        : select s1_0.course_id,s1_0.id,s1_0.title from sections s1_0 where s1_0.course_id=?
2026-03-11T15:16:21.621+05:30 DEBUG 12812 --- [backend] [http-nio-8081-exec-3] org.hibernate.SQL                        : select s1_0.course_id,s1_0.id,s1_0.title from sections s1_0 where s1_0.course_id=?
2026-03-11T15:16:21.621+05:30 DEBUG 12812 --- [backend] [http-nio-8081-exec-3] org.hibernate.SQL                        : select s1_0.course_id,s1_0.id,s1_0.title from sections s1_0 where s1_0.course_id=?
2026-03-11T15:16:21.623+05:30 DEBUG 12812 --- [backend] [http-nio-8081-exec-3] org.hibernate.SQL                        : select s1_0.course_id,s1_0.id,s1_0.title from sections s1_0 where s1_0.course_id=?
2026-03-11T15:16:21.625+05:30 DEBUG 12812 --- [backend] [http-nio-8081-exec-3] org.hibernate.SQL                        : select s1_0.course_id,s1_0.id,s1_0.title from sections s1_0 where s1_0.course_id=?
2026-03-11T15:16:21.627+05:30 DEBUG 12812 --- [backend] [http-nio-8081-exec-3] org.hibernate.SQL                        : select s1_0.course_id,s1_0.id,s1_0.title from sections s1_0 where s1_0.course_id=?
2026-03-11T15:16:21.628+05:30 DEBUG 12812 --- [backend] [http-nio-8081-exec-6] org.hibernate.SQL                        : select h1_0.id,h1_0.date,h1_0.description,h1_0.entry_fee,h1_0.mode,h1_0.prize_pool,h1_0.status,h1_0.time,h1_0.title from hackathons h1_0
2026-03-11T15:16:21.628+05:30 DEBUG 12812 --- [backend] [http-nio-8081-exec-3] org.hibernate.SQL                        : select s1_0.course_id,s1_0.id,s1_0.title from sections s1_0 where s1_0.course_id=?
2026-03-11T15:16:21.633+05:30 DEBUG 12812 --- [backend] [http-nio-8081-exec-6] org.hibernate.SQL                        : select rui1_0.hackathon_id,rui1_0.registered_user_ids from hackathon_registered_user_ids rui1_0 where rui1_0.hackathon_id=?
2026-03-11T15:16:21.633+05:30 DEBUG 12812 --- [backend] [http-nio-8081-exec-6] org.hibernate.SQL                        : select rui1_0.hackathon_id,rui1_0.registered_user_ids from hackathon_registered_user_ids rui1_0 where rui1_0.hackathon_id=?
2026-03-11T15:16:21.637+05:30 DEBUG 12812 --- [backend] [http-nio-8081-exec-6] org.hibernate.SQL                        : select rui1_0.hackathon_id,rui1_0.registered_user_ids from hackathon_registered_user_ids rui1_0 where rui1_0.hackathon_id=?
2026-03-11T15:16:21.638+05:30 DEBUG 12812 --- [backend] [http-nio-8081-exec-6] org.hibernate.SQL                        : select rui1_0.hackathon_id,rui1_0.registered_user_ids from hackathon_registered_user_ids rui1_0 where rui1_0.hackathon_id=?
2026-03-11T15:16:21.640+05:30 DEBUG 12812 --- [backend] [http-nio-8081-exec-6] org.hibernate.SQL                        : select rui1_0.hackathon_id,rui1_0.registered_user_ids from hackathon_registered_user_ids rui1_0 where rui1_0.hackathon_id=?
2026-03-11T15:16:21.640+05:30 DEBUG 12812 --- [backend] [http-nio-8081-exec-8] org.hibernate.SQL                        : select c1_0.id,c1_0.bg_color,c1_0.border_color,c1_0.color,c1_0.description,c1_0.discount,c1_0.domain,c1_0.duration,c1_0.gradient,c1_0.icon_name,c1_0.level,c1_0.live_link,c1_0.name,c1_0.shadow,c1_0.slug,c1_0.total_fee from courses c1_0
2026-03-11T15:16:21.640+05:30 DEBUG 12812 --- [backend] [http-nio-8081-exec-6] org.hibernate.SQL                        : select rui1_0.hackathon_id,rui1_0.registered_user_ids from hackathon_registered_user_ids rui1_0 where rui1_0.hackathon_id=?
2026-03-11T15:16:21.646+05:30 DEBUG 12812 --- [backend] [http-nio-8081-exec-8] org.hibernate.SQL                        : select s1_0.course_id,s1_0.id,s1_0.title from sections s1_0 where s1_0.course_id=?
2026-03-11T15:16:21.648+05:30 DEBUG 12812 --- [backend] [http-nio-8081-exec-8] org.hibernate.SQL                        : select v1_0.section_id,v1_0.id,v1_0.duration,v1_0.title,v1_0.type,v1_0.url from videos v1_0 where v1_0.section_id=?
2026-03-11T15:16:21.649+05:30 DEBUG 12812 --- [backend] [http-nio-8081-exec-8] org.hibernate.SQL                        : select q1_0.section_id,q1_0.id,q1_0.description,q1_0.title from quizzes q1_0 where q1_0.section_id in (select s1_0.id from sections s1_0 where s1_0.course_id=?)
2026-03-11T15:16:21.651+05:30 DEBUG 12812 --- [backend] [http-nio-8081-exec-8] org.hibernate.SQL                        : select v1_0.section_id,v1_0.id,v1_0.duration,v1_0.title,v1_0.type,v1_0.url from videos v1_0 where v1_0.section_id=?
2026-03-11T15:16:21.654+05:30 DEBUG 12812 --- [backend] [http-nio-8081-exec-8] org.hibernate.SQL                        : select q1_0.quiz_id,q1_0.id,q1_0.correct_option_index,q1_0.question_text from questions q1_0 where q1_0.quiz_id=?
2026-03-11T15:16:21.656+05:30 DEBUG 12812 --- [backend] [http-nio-8081-exec-8] org.hibernate.SQL                        : select o1_0.question_id,o1_0.option_text from question_options o1_0 where o1_0.question_id=?
2026-03-11T15:16:21.658+05:30 DEBUG 12812 --- [backend] [http-nio-8081-exec-8] org.hibernate.SQL                        : select o1_0.question_id,o1_0.option_text from question_options o1_0 where o1_0.question_id=?
2026-03-11T15:16:21.660+05:30 DEBUG 12812 --- [backend] [http-nio-8081-exec-8] org.hibernate.SQL                        : select v1_0.section_id,v1_0.id,v1_0.duration,v1_0.title,v1_0.type,v1_0.url from videos v1_0 where v1_0.section_id=?
2026-03-11T15:16:21.663+05:30 DEBUG 12812 --- [backend] [http-nio-8081-exec-8] org.hibernate.SQL                        : select s1_0.course_id,s1_0.id,s1_0.title from sections s1_0 where s1_0.course_id=?
2026-03-11T15:16:21.664+05:30 DEBUG 12812 --- [backend] [http-nio-8081-exec-8] org.hibernate.SQL                        : select s1_0.course_id,s1_0.id,s1_0.title from sections s1_0 where s1_0.course_id=?
2026-03-11T15:16:21.665+05:30 DEBUG 12812 --- [backend] [http-nio-8081-exec-8] org.hibernate.SQL                        : select s1_0.course_id,s1_0.id,s1_0.title from sections s1_0 where s1_0.course_id=?
2026-03-11T15:16:21.665+05:30 DEBUG 12812 --- [backend] [http-nio-8081-exec-8] org.hibernate.SQL                        : select s1_0.course_id,s1_0.id,s1_0.title from sections s1_0 where s1_0.course_id=?
2026-03-11T15:16:21.667+05:30 DEBUG 12812 --- [backend] [http-nio-8081-exec-8] org.hibernate.SQL                        : select s1_0.course_id,s1_0.id,s1_0.title from sections s1_0 where s1_0.course_id=?
2026-03-11T15:16:21.669+05:30 DEBUG 12812 --- [backend] [http-nio-8081-exec-8] org.hibernate.SQL                        : select s1_0.course_id,s1_0.id,s1_0.title from sections s1_0 where s1_0.course_id=?
2026-03-11T15:16:21.672+05:30 DEBUG 12812 --- [backend] [http-nio-8081-exec-8] org.hibernate.SQL                        : select s1_0.course_id,s1_0.id,s1_0.title from sections s1_0 where s1_0.course_id=?
2026-03-11T15:16:21.673+05:30 DEBUG 12812 --- [backend] [http-nio-8081-exec-8] org.hibernate.SQL                        : select s1_0.course_id,s1_0.id,s1_0.title from sections s1_0 where s1_0.course_id=?
2026-03-11T15:16:21.770+05:30 DEBUG 12812 --- [backend] [http-nio-8081-exec-9] org.hibernate.SQL                        : select c1_0.id,c1_0.bg_color,c1_0.border_color,c1_0.color,c1_0.description,c1_0.discount,c1_0.domain,c1_0.duration,c1_0.gradient,c1_0.icon_name,c1_0.level,c1_0.live_link,c1_0.name,c1_0.shadow,c1_0.slug,c1_0.total_fee from courses c1_0
2026-03-11T15:16:21.777+05:30 DEBUG 12812 --- [backend] [http-nio-8081-exec-9] org.hibernate.SQL                        : select s1_0.course_id,s1_0.id,s1_0.title from sections s1_0 where s1_0.course_id=?
2026-03-11T15:16:21.777+05:30 DEBUG 12812 --- [backend] [http-nio-8081-exec-9] org.hibernate.SQL                        : select v1_0.section_id,v1_0.id,v1_0.duration,v1_0.title,v1_0.type,v1_0.url from videos v1_0 where v1_0.section_id=?
2026-03-11T15:16:21.787+05:30 DEBUG 12812 --- [backend] [http-nio-8081-exec-9] org.hibernate.SQL                        : select q1_0.section_id,q1_0.id,q1_0.description,q1_0.title from quizzes q1_0 where q1_0.section_id in (select s1_0.id from sections s1_0 where s1_0.course_id=?)
2026-03-11T15:16:21.790+05:30 DEBUG 12812 --- [backend] [http-nio-8081-exec-9] org.hibernate.SQL                        : select v1_0.section_id,v1_0.id,v1_0.duration,v1_0.title,v1_0.type,v1_0.url from videos v1_0 where v1_0.section_id=?
2026-03-11T15:16:21.794+05:30 DEBUG 12812 --- [backend] [http-nio-8081-exec-9] org.hibernate.SQL                        : select q1_0.quiz_id,q1_0.id,q1_0.correct_option_index,q1_0.question_text from questions q1_0 where q1_0.quiz_id=?
2026-03-11T15:16:21.797+05:30 DEBUG 12812 --- [backend] [http-nio-8081-exec-9] org.hibernate.SQL                        : select o1_0.question_id,o1_0.option_text from question_options o1_0 where o1_0.question_id=?
2026-03-11T15:16:21.800+05:30 DEBUG 12812 --- [backend] [http-nio-8081-exec-9] org.hibernate.SQL                        : select o1_0.question_id,o1_0.option_text from question_options o1_0 where o1_0.question_id=?
2026-03-11T15:16:21.805+05:30 DEBUG 12812 --- [backend] [http-nio-8081-exec-9] org.hibernate.SQL                        : select v1_0.section_id,v1_0.id,v1_0.duration,v1_0.title,v1_0.type,v1_0.url from videos v1_0 where v1_0.section_id=?
2026-03-11T15:16:21.809+05:30 DEBUG 12812 --- [backend] [http-nio-8081-exec-9] org.hibernate.SQL                        : select s1_0.course_id,s1_0.id,s1_0.title from sections s1_0 where s1_0.course_id=?
2026-03-11T15:16:21.816+05:30 DEBUG 12812 --- [backend] [http-nio-8081-exec-9] org.hibernate.SQL                        : select s1_0.course_id,s1_0.id,s1_0.title from sections s1_0 where s1_0.course_id=?
2026-03-11T15:16:21.816+05:30 DEBUG 12812 --- [backend] [http-nio-8081-exec-9] org.hibernate.SQL                        : select s1_0.course_id,s1_0.id,s1_0.title from sections s1_0 where s1_0.course_id=?
2026-03-11T15:16:21.824+05:30 DEBUG 12812 --- [backend] [http-nio-8081-exec-9] org.hibernate.SQL                        : select s1_0.course_id,s1_0.id,s1_0.title from sections s1_0 where s1_0.course_id=?
2026-03-11T15:16:21.826+05:30 DEBUG 12812 --- [backend] [http-nio-8081-exec-9] org.hibernate.SQL                        : select s1_0.course_id,s1_0.id,s1_0.title from sections s1_0 where s1_0.course_id=?
2026-03-11T15:16:21.826+05:30 DEBUG 12812 --- [backend] [http-nio-8081-exec-9] org.hibernate.SQL                        : select s1_0.course_id,s1_0.id,s1_0.title from sections s1_0 where s1_0.course_id=?
2026-03-11T15:16:21.826+05:30 DEBUG 12812 --- [backend] [http-nio-8081-exec-9] org.hibernate.SQL                        : select s1_0.course_id,s1_0.id,s1_0.title from sections s1_0 where s1_0.course_id=?
2026-03-11T15:16:21.826+05:30 DEBUG 12812 --- [backend] [http-nio-8081-exec-9] org.hibernate.SQL                        : select s1_0.course_id,s1_0.id,s1_0.title from sections s1_0 where s1_0.course_id=?
2026-03-11T15:16:21.852+05:30 DEBUG 12812 --- [backend] [http-nio-8081-exec-9] org.hibernate.SQL                        : select c1_0.id,c1_0.bg_color,c1_0.border_color,c1_0.color,c1_0.description,c1_0.discount,c1_0.domain,c1_0.duration,c1_0.gradient,c1_0.icon_name,c1_0.level,c1_0.live_link,c1_0.name,c1_0.shadow,c1_0.slug,c1_0.total_fee from courses c1_0
2026-03-11T15:16:21.863+05:30 DEBUG 12812 --- [backend] [http-nio-8081-exec-9] org.hibernate.SQL                        : select s1_0.course_id,s1_0.id,s1_0.title from sections s1_0 where s1_0.course_id=?
2026-03-11T15:16:21.867+05:30 DEBUG 12812 --- [backend] [http-nio-8081-exec-9] org.hibernate.SQL                        : select v1_0.section_id,v1_0.id,v1_0.duration,v1_0.title,v1_0.type,v1_0.url from videos v1_0 where v1_0.section_id=?
2026-03-11T15:16:21.875+05:30 DEBUG 12812 --- [backend] [http-nio-8081-exec-9] org.hibernate.SQL                        : select q1_0.section_id,q1_0.id,q1_0.description,q1_0.title from quizzes q1_0 where q1_0.section_id in (select s1_0.id from sections s1_0 where s1_0.course_id=?)
2026-03-11T15:16:21.878+05:30 DEBUG 12812 --- [backend] [http-nio-8081-exec-9] org.hibernate.SQL                        : select v1_0.section_id,v1_0.id,v1_0.duration,v1_0.title,v1_0.type,v1_0.url from videos v1_0 where v1_0.section_id=?
2026-03-11T15:16:21.878+05:30 DEBUG 12812 --- [backend] [http-nio-8081-exec-9] org.hibernate.SQL                        : select q1_0.quiz_id,q1_0.id,q1_0.correct_option_index,q1_0.question_text from questions q1_0 where q1_0.quiz_id=?
2026-03-11T15:16:21.886+05:30 DEBUG 12812 --- [backend] [http-nio-8081-exec-9] org.hibernate.SQL                        : select o1_0.question_id,o1_0.option_text from question_options o1_0 where o1_0.question_id=?
2026-03-11T15:16:21.890+05:30 DEBUG 12812 --- [backend] [http-nio-8081-exec-9] org.hibernate.SQL                        : select o1_0.question_id,o1_0.option_text from question_options o1_0 where o1_0.question_id=?
2026-03-11T15:16:21.892+05:30 DEBUG 12812 --- [backend] [http-nio-8081-exec-9] org.hibernate.SQL                        : select v1_0.section_id,v1_0.id,v1_0.duration,v1_0.title,v1_0.type,v1_0.url from videos v1_0 where v1_0.section_id=?
2026-03-11T15:16:21.892+05:30 DEBUG 12812 --- [backend] [http-nio-8081-exec-9] org.hibernate.SQL                        : select s1_0.course_id,s1_0.id,s1_0.title from sections s1_0 where s1_0.course_id=?
2026-03-11T15:16:21.899+05:30 DEBUG 12812 --- [backend] [http-nio-8081-exec-9] org.hibernate.SQL                        : select s1_0.course_id,s1_0.id,s1_0.title from sections s1_0 where s1_0.course_id=?
2026-03-11T15:16:21.904+05:30 DEBUG 12812 --- [backend] [http-nio-8081-exec-9] org.hibernate.SQL                        : select s1_0.course_id,s1_0.id,s1_0.title from sections s1_0 where s1_0.course_id=?
2026-03-11T15:16:21.910+05:30 DEBUG 12812 --- [backend] [http-nio-8081-exec-9] org.hibernate.SQL                        : select s1_0.course_id,s1_0.id,s1_0.title from sections s1_0 where s1_0.course_id=?
2026-03-11T15:16:21.913+05:30 DEBUG 12812 --- [backend] [http-nio-8081-exec-9] org.hibernate.SQL                        : select s1_0.course_id,s1_0.id,s1_0.title from sections s1_0 where s1_0.course_id=?
2026-03-11T15:16:21.916+05:30 DEBUG 12812 --- [backend] [http-nio-8081-exec-9] org.hibernate.SQL                        : select s1_0.course_id,s1_0.id,s1_0.title from sections s1_0 where s1_0.course_id=?
2026-03-11T15:16:21.920+05:30 DEBUG 12812 --- [backend] [http-nio-8081-exec-9] org.hibernate.SQL                        : select s1_0.course_id,s1_0.id,s1_0.title from sections s1_0 where s1_0.course_id=?
2026-03-11T15:16:21.923+05:30 DEBUG 12812 --- [backend] [http-nio-8081-exec-9] org.hibernate.SQL                        : select s1_0.course_id,s1_0.id,s1_0.title from sections s1_0 where s1_0.course_id=?
2026-03-11T15:16:21.944+05:30 DEBUG 12812 --- [backend] [http-nio-8081-exec-1] org.hibernate.SQL                        : select c1_0.id,c1_0.bg_color,c1_0.border_color,c1_0.color,c1_0.description,c1_0.discount,c1_0.domain,c1_0.duration,c1_0.gradient,c1_0.icon_name,c1_0.level,c1_0.live_link,c1_0.name,c1_0.shadow,c1_0.slug,c1_0.total_fee from courses c1_0
2026-03-11T15:16:21.954+05:30 DEBUG 12812 --- [backend] [http-nio-8081-exec-1] org.hibernate.SQL                        : select s1_0.course_id,s1_0.id,s1_0.title from sections s1_0 where s1_0.course_id=?
2026-03-11T15:16:21.959+05:30 DEBUG 12812 --- [backend] [http-nio-8081-exec-1] org.hibernate.SQL                        : select v1_0.section_id,v1_0.id,v1_0.duration,v1_0.title,v1_0.type,v1_0.url from videos v1_0 where v1_0.section_id=?
2026-03-11T15:16:21.964+05:30 DEBUG 12812 --- [backend] [http-nio-8081-exec-1] org.hibernate.SQL                        : select q1_0.section_id,q1_0.id,q1_0.description,q1_0.title from quizzes q1_0 where q1_0.section_id in (select s1_0.id from sections s1_0 where s1_0.course_id=?)
2026-03-11T15:16:21.966+05:30 DEBUG 12812 --- [backend] [http-nio-8081-exec-1] org.hibernate.SQL                        : select v1_0.section_id,v1_0.id,v1_0.duration,v1_0.title,v1_0.type,v1_0.url from videos v1_0 where v1_0.section_id=?
2026-03-11T15:16:21.971+05:30 DEBUG 12812 --- [backend] [http-nio-8081-exec-1] org.hibernate.SQL                        : select q1_0.quiz_id,q1_0.id,q1_0.correct_option_index,q1_0.question_text from questions q1_0 where q1_0.quiz_id=?
2026-03-11T15:16:21.973+05:30 DEBUG 12812 --- [backend] [http-nio-8081-exec-1] org.hibernate.SQL                        : select o1_0.question_id,o1_0.option_text from question_options o1_0 where o1_0.question_id=?
2026-03-11T15:16:21.974+05:30 DEBUG 12812 --- [backend] [http-nio-8081-exec-1] org.hibernate.SQL                        : select o1_0.question_id,o1_0.option_text from question_options o1_0 where o1_0.question_id=?
2026-03-11T15:16:21.976+05:30 DEBUG 12812 --- [backend] [http-nio-8081-exec-1] org.hibernate.SQL                        : select v1_0.section_id,v1_0.id,v1_0.duration,v1_0.title,v1_0.type,v1_0.url from videos v1_0 where v1_0.section_id=?
2026-03-11T15:16:21.978+05:30 DEBUG 12812 --- [backend] [http-nio-8081-exec-1] org.hibernate.SQL                        : select s1_0.course_id,s1_0.id,s1_0.title from sections s1_0 where s1_0.course_id=?
2026-03-11T15:16:21.981+05:30 DEBUG 12812 --- [backend] [http-nio-8081-exec-1] org.hibernate.SQL                        : select s1_0.course_id,s1_0.id,s1_0.title from sections s1_0 where s1_0.course_id=?
2026-03-11T15:16:21.981+05:30 DEBUG 12812 --- [backend] [http-nio-8081-exec-1] org.hibernate.SQL                        : select s1_0.course_id,s1_0.id,s1_0.title from sections s1_0 where s1_0.course_id=?
2026-03-11T15:16:21.981+05:30 DEBUG 12812 --- [backend] [http-nio-8081-exec-1] org.hibernate.SQL                        : select s1_0.course_id,s1_0.id,s1_0.title from sections s1_0 where s1_0.course_id=?
2026-03-11T15:16:21.988+05:30 DEBUG 12812 --- [backend] [http-nio-8081-exec-1] org.hibernate.SQL                        : select s1_0.course_id,s1_0.id,s1_0.title from sections s1_0 where s1_0.course_id=?
2026-03-11T15:16:21.988+05:30 DEBUG 12812 --- [backend] [http-nio-8081-exec-1] org.hibernate.SQL                        : select s1_0.course_id,s1_0.id,s1_0.title from sections s1_0 where s1_0.course_id=?
2026-03-11T15:16:21.992+05:30 DEBUG 12812 --- [backend] [http-nio-8081-exec-1] org.hibernate.SQL                        : select s1_0.course_id,s1_0.id,s1_0.title from sections s1_0 where s1_0.course_id=?
2026-03-11T15:16:21.992+05:30 DEBUG 12812 --- [backend] [http-nio-8081-exec-1] org.hibernate.SQL                        : select s1_0.course_id,s1_0.id,s1_0.title from sections s1_0 where s1_0.course_id=?
2026-03-11T15:16:22.005+05:30 DEBUG 12812 --- [backend] [http-nio-8081-exec-5] org.hibernate.SQL                        : select c1_0.id,c1_0.bg_color,c1_0.border_color,c1_0.color,c1_0.description,c1_0.discount,c1_0.domain,c1_0.duration,c1_0.gradient,c1_0.icon_name,c1_0.level,c1_0.live_link,c1_0.name,c1_0.shadow,c1_0.slug,c1_0.total_fee from courses c1_0
2026-03-11T15:16:22.011+05:30 DEBUG 12812 --- [backend] [http-nio-8081-exec-5] org.hibernate.SQL                        : select s1_0.course_id,s1_0.id,s1_0.title from sections s1_0 where s1_0.course_id=?
2026-03-11T15:16:22.015+05:30 DEBUG 12812 --- [backend] [http-nio-8081-exec-5] org.hibernate.SQL                        : select v1_0.section_id,v1_0.id,v1_0.duration,v1_0.title,v1_0.type,v1_0.url from videos v1_0 where v1_0.section_id=?
2026-03-11T15:16:22.020+05:30 DEBUG 12812 --- [backend] [http-nio-8081-exec-5] org.hibernate.SQL                        : select q1_0.section_id,q1_0.id,q1_0.description,q1_0.title from quizzes q1_0 where q1_0.section_id in (select s1_0.id from sections s1_0 where s1_0.course_id=?)
2026-03-11T15:16:22.024+05:30 DEBUG 12812 --- [backend] [http-nio-8081-exec-5] org.hibernate.SQL                        : select v1_0.section_id,v1_0.id,v1_0.duration,v1_0.title,v1_0.type,v1_0.url from videos v1_0 where v1_0.section_id=?
2026-03-11T15:16:22.027+05:30 DEBUG 12812 --- [backend] [http-nio-8081-exec-5] org.hibernate.SQL                        : select q1_0.quiz_id,q1_0.id,q1_0.correct_option_index,q1_0.question_text from questions q1_0 where q1_0.quiz_id=?
2026-03-11T15:16:22.029+05:30 DEBUG 12812 --- [backend] [http-nio-8081-exec-5] org.hibernate.SQL                        : select o1_0.question_id,o1_0.option_text from question_options o1_0 where o1_0.question_id=?
2026-03-11T15:16:22.029+05:30 DEBUG 12812 --- [backend] [http-nio-8081-exec-5] org.hibernate.SQL                        : select o1_0.question_id,o1_0.option_text from question_options o1_0 where o1_0.question_id=?
2026-03-11T15:16:22.029+05:30 DEBUG 12812 --- [backend] [http-nio-8081-exec-5] org.hibernate.SQL                        : select v1_0.section_id,v1_0.id,v1_0.duration,v1_0.title,v1_0.type,v1_0.url from videos v1_0 where v1_0.section_id=?
2026-03-11T15:16:22.039+05:30 DEBUG 12812 --- [backend] [http-nio-8081-exec-5] org.hibernate.SQL                        : select s1_0.course_id,s1_0.id,s1_0.title from sections s1_0 where s1_0.course_id=?
2026-03-11T15:16:22.041+05:30 DEBUG 12812 --- [backend] [http-nio-8081-exec-5] org.hibernate.SQL                        : select s1_0.course_id,s1_0.id,s1_0.title from sections s1_0 where s1_0.course_id=?
2026-03-11T15:16:22.043+05:30 DEBUG 12812 --- [backend] [http-nio-8081-exec-5] org.hibernate.SQL                        : select s1_0.course_id,s1_0.id,s1_0.title from sections s1_0 where s1_0.course_id=?
2026-03-11T15:16:22.045+05:30 DEBUG 12812 --- [backend] [http-nio-8081-exec-5] org.hibernate.SQL                        : select s1_0.course_id,s1_0.id,s1_0.title from sections s1_0 where s1_0.course_id=?
2026-03-11T15:16:22.046+05:30 DEBUG 12812 --- [backend] [http-nio-8081-exec-5] org.hibernate.SQL                        : select s1_0.course_id,s1_0.id,s1_0.title from sections s1_0 where s1_0.course_id=?
2026-03-11T15:16:22.049+05:30 DEBUG 12812 --- [backend] [http-nio-8081-exec-5] org.hibernate.SQL                        : select s1_0.course_id,s1_0.id,s1_0.title from sections s1_0 where s1_0.course_id=?
2026-03-11T15:16:22.049+05:30 DEBUG 12812 --- [backend] [http-nio-8081-exec-5] org.hibernate.SQL                        : select s1_0.course_id,s1_0.id,s1_0.title from sections s1_0 where s1_0.course_id=?
2026-03-11T15:16:22.053+05:30 DEBUG 12812 --- [backend] [http-nio-8081-exec-5] org.hibernate.SQL                        : select s1_0.course_id,s1_0.id,s1_0.title from sections s1_0 where s1_0.course_id=?
2026-03-11T15:16:22.063+05:30 DEBUG 12812 --- [backend] [http-nio-8081-exec-2] org.hibernate.SQL                        : select c1_0.id,c1_0.bg_color,c1_0.border_color,c1_0.color,c1_0.description,c1_0.discount,c1_0.domain,c1_0.duration,c1_0.gradient,c1_0.icon_name,c1_0.level,c1_0.live_link,c1_0.name,c1_0.shadow,c1_0.slug,c1_0.total_fee from courses c1_0
2026-03-11T15:16:22.071+05:30 DEBUG 12812 --- [backend] [http-nio-8081-exec-2] org.hibernate.SQL                        : select s1_0.course_id,s1_0.id,s1_0.title from sections s1_0 where s1_0.course_id=?
2026-03-11T15:16:22.074+05:30 DEBUG 12812 --- [backend] [http-nio-8081-exec-2] org.hibernate.SQL                        : select v1_0.section_id,v1_0.id,v1_0.duration,v1_0.title,v1_0.type,v1_0.url from videos v1_0 where v1_0.section_id=?
2026-03-11T15:16:22.078+05:30 DEBUG 12812 --- [backend] [http-nio-8081-exec-2] org.hibernate.SQL                        : select q1_0.section_id,q1_0.id,q1_0.description,q1_0.title from quizzes q1_0 where q1_0.section_id in (select s1_0.id from sections s1_0 where s1_0.course_id=?)
2026-03-11T15:16:22.080+05:30 DEBUG 12812 --- [backend] [http-nio-8081-exec-2] org.hibernate.SQL                        : select v1_0.section_id,v1_0.id,v1_0.duration,v1_0.title,v1_0.type,v1_0.url from videos v1_0 where v1_0.section_id=?
2026-03-11T15:16:22.080+05:30 DEBUG 12812 --- [backend] [http-nio-8081-exec-2] org.hibernate.SQL                        : select q1_0.quiz_id,q1_0.id,q1_0.correct_option_index,q1_0.question_text from questions q1_0 where q1_0.quiz_id=?
2026-03-11T15:16:22.080+05:30 DEBUG 12812 --- [backend] [http-nio-8081-exec-2] org.hibernate.SQL                        : select o1_0.question_id,o1_0.option_text from question_options o1_0 where o1_0.question_id=?
2026-03-11T15:16:22.086+05:30 DEBUG 12812 --- [backend] [http-nio-8081-exec-2] org.hibernate.SQL                        : select o1_0.question_id,o1_0.option_text from question_options o1_0 where o1_0.question_id=?
2026-03-11T15:16:22.088+05:30 DEBUG 12812 --- [backend] [http-nio-8081-exec-2] org.hibernate.SQL                        : select v1_0.section_id,v1_0.id,v1_0.duration,v1_0.title,v1_0.type,v1_0.url from videos v1_0 where v1_0.section_id=?
2026-03-11T15:16:22.090+05:30 DEBUG 12812 --- [backend] [http-nio-8081-exec-2] org.hibernate.SQL                        : select s1_0.course_id,s1_0.id,s1_0.title from sections s1_0 where s1_0.course_id=?
2026-03-11T15:16:22.090+05:30 DEBUG 12812 --- [backend] [http-nio-8081-exec-2] org.hibernate.SQL                        : select s1_0.course_id,s1_0.id,s1_0.title from sections s1_0 where s1_0.course_id=?
2026-03-11T15:16:22.093+05:30 DEBUG 12812 --- [backend] [http-nio-8081-exec-2] org.hibernate.SQL                        : select s1_0.course_id,s1_0.id,s1_0.title from sections s1_0 where s1_0.course_id=?
2026-03-11T15:16:22.096+05:30 DEBUG 12812 --- [backend] [http-nio-8081-exec-2] org.hibernate.SQL                        : select s1_0.course_id,s1_0.id,s1_0.title from sections s1_0 where s1_0.course_id=?
2026-03-11T15:16:22.097+05:30 DEBUG 12812 --- [backend] [http-nio-8081-exec-2] org.hibernate.SQL                        : select s1_0.course_id,s1_0.id,s1_0.title from sections s1_0 where s1_0.course_id=?
2026-03-11T15:16:22.099+05:30 DEBUG 12812 --- [backend] [http-nio-8081-exec-2] org.hibernate.SQL                        : select s1_0.course_id,s1_0.id,s1_0.title from sections s1_0 where s1_0.course_id=?
2026-03-11T15:16:22.103+05:30 DEBUG 12812 --- [backend] [http-nio-8081-exec-2] org.hibernate.SQL                        : select s1_0.course_id,s1_0.id,s1_0.title from sections s1_0 where s1_0.course_id=?
2026-03-11T15:16:22.104+05:30 DEBUG 12812 --- [backend] [http-nio-8081-exec-2] org.hibernate.SQL                        : select s1_0.course_id,s1_0.id,s1_0.title from sections s1_0 where s1_0.course_id=?
2026-03-11T15:16:22.115+05:30 DEBUG 12812 --- [backend] [http-nio-8081-exec-10] org.hibernate.SQL                        : select c1_0.id,c1_0.bg_color,c1_0.border_color,c1_0.color,c1_0.description,c1_0.discount,c1_0.domain,c1_0.duration,c1_0.gradient,c1_0.icon_name,c1_0.level,c1_0.live_link,c1_0.name,c1_0.shadow,c1_0.slug,c1_0.total_fee from courses c1_0
2026-03-11T15:16:22.123+05:30 DEBUG 12812 --- [backend] [http-nio-8081-exec-10] org.hibernate.SQL                        : select s1_0.course_id,s1_0.id,s1_0.title from sections s1_0 where s1_0.course_id=?
2026-03-11T15:16:22.124+05:30 DEBUG 12812 --- [backend] [http-nio-8081-exec-10] org.hibernate.SQL                        : select v1_0.section_id,v1_0.id,v1_0.duration,v1_0.title,v1_0.type,v1_0.url from videos v1_0 where v1_0.section_id=?
2026-03-11T15:16:22.131+05:30 DEBUG 12812 --- [backend] [http-nio-8081-exec-10] org.hibernate.SQL                        : select q1_0.section_id,q1_0.id,q1_0.description,q1_0.title from quizzes q1_0 where q1_0.section_id in (select s1_0.id from sections s1_0 where s1_0.course_id=?)
2026-03-11T15:16:22.135+05:30 DEBUG 12812 --- [backend] [http-nio-8081-exec-10] org.hibernate.SQL                        : select v1_0.section_id,v1_0.id,v1_0.duration,v1_0.title,v1_0.type,v1_0.url from videos v1_0 where v1_0.section_id=?
2026-03-11T15:16:22.137+05:30 DEBUG 12812 --- [backend] [http-nio-8081-exec-10] org.hibernate.SQL                        : select q1_0.quiz_id,q1_0.id,q1_0.correct_option_index,q1_0.question_text from questions q1_0 where q1_0.quiz_id=?
2026-03-11T15:16:22.141+05:30 DEBUG 12812 --- [backend] [http-nio-8081-exec-10] org.hibernate.SQL                        : select o1_0.question_id,o1_0.option_text from question_options o1_0 where o1_0.question_id=?
2026-03-11T15:16:22.143+05:30 DEBUG 12812 --- [backend] [http-nio-8081-exec-10] org.hibernate.SQL                        : select o1_0.question_id,o1_0.option_text from question_options o1_0 where o1_0.question_id=?
2026-03-11T15:16:22.144+05:30 DEBUG 12812 --- [backend] [http-nio-8081-exec-10] org.hibernate.SQL                        : select v1_0.section_id,v1_0.id,v1_0.duration,v1_0.title,v1_0.type,v1_0.url from videos v1_0 where v1_0.section_id=?
2026-03-11T15:16:22.147+05:30 DEBUG 12812 --- [backend] [http-nio-8081-exec-10] org.hibernate.SQL                        : select s1_0.course_id,s1_0.id,s1_0.title from sections s1_0 where s1_0.course_id=?
2026-03-11T15:16:22.149+05:30 DEBUG 12812 --- [backend] [http-nio-8081-exec-10] org.hibernate.SQL                        : select s1_0.course_id,s1_0.id,s1_0.title from sections s1_0 where s1_0.course_id=?
2026-03-11T15:16:22.150+05:30 DEBUG 12812 --- [backend] [http-nio-8081-exec-10] org.hibernate.SQL                        : select s1_0.course_id,s1_0.id,s1_0.title from sections s1_0 where s1_0.course_id=?
2026-03-11T15:16:22.151+05:30 DEBUG 12812 --- [backend] [http-nio-8081-exec-10] org.hibernate.SQL                        : select s1_0.course_id,s1_0.id,s1_0.title from sections s1_0 where s1_0.course_id=?
2026-03-11T15:16:22.154+05:30 DEBUG 12812 --- [backend] [http-nio-8081-exec-10] org.hibernate.SQL                        : select s1_0.course_id,s1_0.id,s1_0.title from sections s1_0 where s1_0.course_id=?
2026-03-11T15:16:22.155+05:30 DEBUG 12812 --- [backend] [http-nio-8081-exec-10] org.hibernate.SQL                        : select s1_0.course_id,s1_0.id,s1_0.title from sections s1_0 where s1_0.course_id=?
2026-03-11T15:16:22.155+05:30 DEBUG 12812 --- [backend] [http-nio-8081-exec-10] org.hibernate.SQL                        : select s1_0.course_id,s1_0.id,s1_0.title from sections s1_0 where s1_0.course_id=?
2026-03-11T15:16:22.155+05:30 DEBUG 12812 --- [backend] [http-nio-8081-exec-10] org.hibernate.SQL                        : select s1_0.course_id,s1_0.id,s1_0.title from sections s1_0 where s1_0.course_id=?
2026-03-11T15:16:22.170+05:30 DEBUG 12812 --- [backend] [http-nio-8081-exec-4] org.hibernate.SQL                        : select c1_0.id,c1_0.bg_color,c1_0.border_color,c1_0.color,c1_0.description,c1_0.discount,c1_0.domain,c1_0.duration,c1_0.gradient,c1_0.icon_name,c1_0.level,c1_0.live_link,c1_0.name,c1_0.shadow,c1_0.slug,c1_0.total_fee from courses c1_0
2026-03-11T15:16:22.176+05:30 DEBUG 12812 --- [backend] [http-nio-8081-exec-4] org.hibernate.SQL                        : select s1_0.course_id,s1_0.id,s1_0.title from sections s1_0 where s1_0.course_id=?
2026-03-11T15:16:22.178+05:30 DEBUG 12812 --- [backend] [http-nio-8081-exec-4] org.hibernate.SQL                        : select v1_0.section_id,v1_0.id,v1_0.duration,v1_0.title,v1_0.type,v1_0.url from videos v1_0 where v1_0.section_id=?
2026-03-11T15:16:22.178+05:30 DEBUG 12812 --- [backend] [http-nio-8081-exec-4] org.hibernate.SQL                        : select q1_0.section_id,q1_0.id,q1_0.description,q1_0.title from quizzes q1_0 where q1_0.section_id in (select s1_0.id from sections s1_0 where s1_0.course_id=?)
2026-03-11T15:16:22.178+05:30 DEBUG 12812 --- [backend] [http-nio-8081-exec-4] org.hibernate.SQL                        : select v1_0.section_id,v1_0.id,v1_0.duration,v1_0.title,v1_0.type,v1_0.url from videos v1_0 where v1_0.section_id=?
2026-03-11T15:16:22.186+05:30 DEBUG 12812 --- [backend] [http-nio-8081-exec-4] org.hibernate.SQL                        : select q1_0.quiz_id,q1_0.id,q1_0.correct_option_index,q1_0.question_text from questions q1_0 where q1_0.quiz_id=?
2026-03-11T15:16:22.189+05:30 DEBUG 12812 --- [backend] [http-nio-8081-exec-4] org.hibernate.SQL                        : select o1_0.question_id,o1_0.option_text from question_options o1_0 where o1_0.question_id=?
2026-03-11T15:16:22.189+05:30 DEBUG 12812 --- [backend] [http-nio-8081-exec-4] org.hibernate.SQL                        : select o1_0.question_id,o1_0.option_text from question_options o1_0 where o1_0.question_id=?
2026-03-11T15:16:22.192+05:30 DEBUG 12812 --- [backend] [http-nio-8081-exec-4] org.hibernate.SQL                        : select v1_0.section_id,v1_0.id,v1_0.duration,v1_0.title,v1_0.type,v1_0.url from videos v1_0 where v1_0.section_id=?
2026-03-11T15:16:22.194+05:30 DEBUG 12812 --- [backend] [http-nio-8081-exec-4] org.hibernate.SQL                        : select s1_0.course_id,s1_0.id,s1_0.title from sections s1_0 where s1_0.course_id=?
2026-03-11T15:16:22.194+05:30 DEBUG 12812 --- [backend] [http-nio-8081-exec-4] org.hibernate.SQL                        : select s1_0.course_id,s1_0.id,s1_0.title from sections s1_0 where s1_0.course_id=?
2026-03-11T15:16:22.197+05:30 DEBUG 12812 --- [backend] [http-nio-8081-exec-4] org.hibernate.SQL                        : select s1_0.course_id,s1_0.id,s1_0.title from sections s1_0 where s1_0.course_id=?
2026-03-11T15:16:22.199+05:30 DEBUG 12812 --- [backend] [http-nio-8081-exec-4] org.hibernate.SQL                        : select s1_0.course_id,s1_0.id,s1_0.title from sections s1_0 where s1_0.course_id=?
2026-03-11T15:16:22.199+05:30 DEBUG 12812 --- [backend] [http-nio-8081-exec-4] org.hibernate.SQL                        : select s1_0.course_id,s1_0.id,s1_0.title from sections s1_0 where s1_0.course_id=?
2026-03-11T15:16:22.204+05:30 DEBUG 12812 --- [backend] [http-nio-8081-exec-4] org.hibernate.SQL                        : select s1_0.course_id,s1_0.id,s1_0.title from sections s1_0 where s1_0.course_id=?
2026-03-11T15:16:22.205+05:30 DEBUG 12812 --- [backend] [http-nio-8081-exec-4] org.hibernate.SQL                        : select s1_0.course_id,s1_0.id,s1_0.title from sections s1_0 where s1_0.course_id=?
2026-03-11T15:16:22.207+05:30 DEBUG 12812 --- [backend] [http-nio-8081-exec-4] org.hibernate.SQL                        : select s1_0.course_id,s1_0.id,s1_0.title from sections s1_0 where s1_0.course_id=?
2026-03-11T15:16:22.220+05:30 DEBUG 12812 --- [backend] [http-nio-8081-exec-3] org.hibernate.SQL                        : select c1_0.id,c1_0.bg_color,c1_0.border_color,c1_0.color,c1_0.description,c1_0.discount,c1_0.domain,c1_0.duration,c1_0.gradient,c1_0.icon_name,c1_0.level,c1_0.live_link,c1_0.name,c1_0.shadow,c1_0.slug,c1_0.total_fee from courses c1_0
2026-03-11T15:16:22.226+05:30 DEBUG 12812 --- [backend] [http-nio-8081-exec-3] org.hibernate.SQL                        : select s1_0.course_id,s1_0.id,s1_0.title from sections s1_0 where s1_0.course_id=?
2026-03-11T15:16:22.227+05:30 DEBUG 12812 --- [backend] [http-nio-8081-exec-3] org.hibernate.SQL                        : select v1_0.section_id,v1_0.id,v1_0.duration,v1_0.title,v1_0.type,v1_0.url from videos v1_0 where v1_0.section_id=?
2026-03-11T15:16:22.232+05:30 DEBUG 12812 --- [backend] [http-nio-8081-exec-3] org.hibernate.SQL                        : select q1_0.section_id,q1_0.id,q1_0.description,q1_0.title from quizzes q1_0 where q1_0.section_id in (select s1_0.id from sections s1_0 where s1_0.course_id=?)
2026-03-11T15:16:22.236+05:30 DEBUG 12812 --- [backend] [http-nio-8081-exec-3] org.hibernate.SQL                        : select v1_0.section_id,v1_0.id,v1_0.duration,v1_0.title,v1_0.type,v1_0.url from videos v1_0 where v1_0.section_id=?
2026-03-11T15:16:22.240+05:30 DEBUG 12812 --- [backend] [http-nio-8081-exec-3] org.hibernate.SQL                        : select q1_0.quiz_id,q1_0.id,q1_0.correct_option_index,q1_0.question_text from questions q1_0 where q1_0.quiz_id=?
2026-03-11T15:16:22.241+05:30 DEBUG 12812 --- [backend] [http-nio-8081-exec-3] org.hibernate.SQL                        : select o1_0.question_id,o1_0.option_text from question_options o1_0 where o1_0.question_id=?
2026-03-11T15:16:22.243+05:30 DEBUG 12812 --- [backend] [http-nio-8081-exec-3] org.hibernate.SQL                        : select o1_0.question_id,o1_0.option_text from question_options o1_0 where o1_0.question_id=?
2026-03-11T15:16:22.243+05:30 DEBUG 12812 --- [backend] [http-nio-8081-exec-3] org.hibernate.SQL                        : select v1_0.section_id,v1_0.id,v1_0.duration,v1_0.title,v1_0.type,v1_0.url from videos v1_0 where v1_0.section_id=?
2026-03-11T15:16:22.247+05:30 DEBUG 12812 --- [backend] [http-nio-8081-exec-3] org.hibernate.SQL                        : select s1_0.course_id,s1_0.id,s1_0.title from sections s1_0 where s1_0.course_id=?
2026-03-11T15:16:22.250+05:30 DEBUG 12812 --- [backend] [http-nio-8081-exec-3] org.hibernate.SQL                        : select s1_0.course_id,s1_0.id,s1_0.title from sections s1_0 where s1_0.course_id=?
2026-03-11T15:16:22.253+05:30 DEBUG 12812 --- [backend] [http-nio-8081-exec-3] org.hibernate.SQL                        : select s1_0.course_id,s1_0.id,s1_0.title from sections s1_0 where s1_0.course_id=?
2026-03-11T15:16:22.254+05:30 DEBUG 12812 --- [backend] [http-nio-8081-exec-3] org.hibernate.SQL                        : select s1_0.course_id,s1_0.id,s1_0.title from sections s1_0 where s1_0.course_id=?
2026-03-11T15:16:22.254+05:30 DEBUG 12812 --- [backend] [http-nio-8081-exec-3] org.hibernate.SQL                        : select s1_0.course_id,s1_0.id,s1_0.title from sections s1_0 where s1_0.course_id=?
2026-03-11T15:16:22.254+05:30 DEBUG 12812 --- [backend] [http-nio-8081-exec-3] org.hibernate.SQL                        : select s1_0.course_id,s1_0.id,s1_0.title from sections s1_0 where s1_0.course_id=?
2026-03-11T15:16:22.259+05:30 DEBUG 12812 --- [backend] [http-nio-8081-exec-3] org.hibernate.SQL                        : select s1_0.course_id,s1_0.id,s1_0.title from sections s1_0 where s1_0.course_id=?
2026-03-11T15:16:22.261+05:30 DEBUG 12812 --- [backend] [http-nio-8081-exec-3] org.hibernate.SQL                        : select s1_0.course_id,s1_0.id,s1_0.title from sections s1_0 where s1_0.course_id=?
2026-03-11T15:16:22.271+05:30 DEBUG 12812 --- [backend] [http-nio-8081-exec-6] org.hibernate.SQL                        : select c1_0.id,c1_0.bg_color,c1_0.border_color,c1_0.color,c1_0.description,c1_0.discount,c1_0.domain,c1_0.duration,c1_0.gradient,c1_0.icon_name,c1_0.level,c1_0.live_link,c1_0.name,c1_0.shadow,c1_0.slug,c1_0.total_fee from courses c1_0
2026-03-11T15:16:22.278+05:30 DEBUG 12812 --- [backend] [http-nio-8081-exec-6] org.hibernate.SQL                        : select s1_0.course_id,s1_0.id,s1_0.title from sections s1_0 where s1_0.course_id=?
2026-03-11T15:16:22.278+05:30 DEBUG 12812 --- [backend] [http-nio-8081-exec-6] org.hibernate.SQL                        : select v1_0.section_id,v1_0.id,v1_0.duration,v1_0.title,v1_0.type,v1_0.url from videos v1_0 where v1_0.section_id=?
2026-03-11T15:16:22.283+05:30 DEBUG 12812 --- [backend] [http-nio-8081-exec-6] org.hibernate.SQL                        : select q1_0.section_id,q1_0.id,q1_0.description,q1_0.title from quizzes q1_0 where q1_0.section_id in (select s1_0.id from sections s1_0 where s1_0.course_id=?)
2026-03-11T15:16:22.286+05:30 DEBUG 12812 --- [backend] [http-nio-8081-exec-6] org.hibernate.SQL                        : select v1_0.section_id,v1_0.id,v1_0.duration,v1_0.title,v1_0.type,v1_0.url from videos v1_0 where v1_0.section_id=?
2026-03-11T15:16:22.289+05:30 DEBUG 12812 --- [backend] [http-nio-8081-exec-6] org.hibernate.SQL                        : select q1_0.quiz_id,q1_0.id,q1_0.correct_option_index,q1_0.question_text from questions q1_0 where q1_0.quiz_id=?
2026-03-11T15:16:22.289+05:30 DEBUG 12812 --- [backend] [http-nio-8081-exec-6] org.hibernate.SQL                        : select o1_0.question_id,o1_0.option_text from question_options o1_0 where o1_0.question_id=?
2026-03-11T15:16:22.293+05:30 DEBUG 12812 --- [backend] [http-nio-8081-exec-6] org.hibernate.SQL                        : select o1_0.question_id,o1_0.option_text from question_options o1_0 where o1_0.question_id=?
2026-03-11T15:16:22.294+05:30 DEBUG 12812 --- [backend] [http-nio-8081-exec-6] org.hibernate.SQL                        : select v1_0.section_id,v1_0.id,v1_0.duration,v1_0.title,v1_0.type,v1_0.url from videos v1_0 where v1_0.section_id=?
2026-03-11T15:16:22.294+05:30 DEBUG 12812 --- [backend] [http-nio-8081-exec-6] org.hibernate.SQL                        : select s1_0.course_id,s1_0.id,s1_0.title from sections s1_0 where s1_0.course_id=?
2026-03-11T15:16:22.299+05:30 DEBUG 12812 --- [backend] [http-nio-8081-exec-6] org.hibernate.SQL                        : select s1_0.course_id,s1_0.id,s1_0.title from sections s1_0 where s1_0.course_id=?
2026-03-11T15:16:22.299+05:30 DEBUG 12812 --- [backend] [http-nio-8081-exec-6] org.hibernate.SQL                        : select s1_0.course_id,s1_0.id,s1_0.title from sections s1_0 where s1_0.course_id=?
2026-03-11T15:16:22.303+05:30 DEBUG 12812 --- [backend] [http-nio-8081-exec-6] org.hibernate.SQL                        : select s1_0.course_id,s1_0.id,s1_0.title from sections s1_0 where s1_0.course_id=?
2026-03-11T15:16:22.304+05:30 DEBUG 12812 --- [backend] [http-nio-8081-exec-6] org.hibernate.SQL                        : select s1_0.course_id,s1_0.id,s1_0.title from sections s1_0 where s1_0.course_id=?
2026-03-11T15:16:22.304+05:30 DEBUG 12812 --- [backend] [http-nio-8081-exec-6] org.hibernate.SQL                        : select s1_0.course_id,s1_0.id,s1_0.title from sections s1_0 where s1_0.course_id=?
2026-03-11T15:16:22.304+05:30 DEBUG 12812 --- [backend] [http-nio-8081-exec-6] org.hibernate.SQL                        : select s1_0.course_id,s1_0.id,s1_0.title from sections s1_0 where s1_0.course_id=?
2026-03-11T15:16:22.304+05:30 DEBUG 12812 --- [backend] [http-nio-8081-exec-6] org.hibernate.SQL                        : select s1_0.course_id,s1_0.id,s1_0.title from sections s1_0 where s1_0.course_id=?
2026-03-11T15:16:22.321+05:30 DEBUG 12812 --- [backend] [http-nio-8081-exec-8] org.hibernate.SQL                        : select c1_0.id,c1_0.bg_color,c1_0.border_color,c1_0.color,c1_0.description,c1_0.discount,c1_0.domain,c1_0.duration,c1_0.gradient,c1_0.icon_name,c1_0.level,c1_0.live_link,c1_0.name,c1_0.shadow,c1_0.slug,c1_0.total_fee from courses c1_0
2026-03-11T15:16:22.326+05:30 DEBUG 12812 --- [backend] [http-nio-8081-exec-8] org.hibernate.SQL                        : select s1_0.course_id,s1_0.id,s1_0.title from sections s1_0 where s1_0.course_id=?
2026-03-11T15:16:22.326+05:30 DEBUG 12812 --- [backend] [http-nio-8081-exec-8] org.hibernate.SQL                        : select v1_0.section_id,v1_0.id,v1_0.duration,v1_0.title,v1_0.type,v1_0.url from videos v1_0 where v1_0.section_id=?
2026-03-11T15:16:22.333+05:30 DEBUG 12812 --- [backend] [http-nio-8081-exec-8] org.hibernate.SQL                        : select q1_0.section_id,q1_0.id,q1_0.description,q1_0.title from quizzes q1_0 where q1_0.section_id in (select s1_0.id from sections s1_0 where s1_0.course_id=?)
2026-03-11T15:16:22.336+05:30 DEBUG 12812 --- [backend] [http-nio-8081-exec-8] org.hibernate.SQL                        : select v1_0.section_id,v1_0.id,v1_0.duration,v1_0.title,v1_0.type,v1_0.url from videos v1_0 where v1_0.section_id=?
2026-03-11T15:16:22.338+05:30 DEBUG 12812 --- [backend] [http-nio-8081-exec-8] org.hibernate.SQL                        : select q1_0.quiz_id,q1_0.id,q1_0.correct_option_index,q1_0.question_text from questions q1_0 where q1_0.quiz_id=?
2026-03-11T15:16:22.341+05:30 DEBUG 12812 --- [backend] [http-nio-8081-exec-8] org.hibernate.SQL                        : select o1_0.question_id,o1_0.option_text from question_options o1_0 where o1_0.question_id=?
2026-03-11T15:16:22.342+05:30 DEBUG 12812 --- [backend] [http-nio-8081-exec-8] org.hibernate.SQL                        : select o1_0.question_id,o1_0.option_text from question_options o1_0 where o1_0.question_id=?
2026-03-11T15:16:22.342+05:30 DEBUG 12812 --- [backend] [http-nio-8081-exec-8] org.hibernate.SQL                        : select v1_0.section_id,v1_0.id,v1_0.duration,v1_0.title,v1_0.type,v1_0.url from videos v1_0 where v1_0.section_id=?
2026-03-11T15:16:22.347+05:30 DEBUG 12812 --- [backend] [http-nio-8081-exec-8] org.hibernate.SQL                        : select s1_0.course_id,s1_0.id,s1_0.title from sections s1_0 where s1_0.course_id=?
2026-03-11T15:16:22.349+05:30 DEBUG 12812 --- [backend] [http-nio-8081-exec-8] org.hibernate.SQL                        : select s1_0.course_id,s1_0.id,s1_0.title from sections s1_0 where s1_0.course_id=?
2026-03-11T15:16:22.349+05:30 DEBUG 12812 --- [backend] [http-nio-8081-exec-8] org.hibernate.SQL                        : select s1_0.course_id,s1_0.id,s1_0.title from sections s1_0 where s1_0.course_id=?
2026-03-11T15:16:22.352+05:30 DEBUG 12812 --- [backend] [http-nio-8081-exec-8] org.hibernate.SQL                        : select s1_0.course_id,s1_0.id,s1_0.title from sections s1_0 where s1_0.course_id=?
2026-03-11T15:16:22.354+05:30 DEBUG 12812 --- [backend] [http-nio-8081-exec-8] org.hibernate.SQL                        : select s1_0.course_id,s1_0.id,s1_0.title from sections s1_0 where s1_0.course_id=?
2026-03-11T15:16:22.354+05:30 DEBUG 12812 --- [backend] [http-nio-8081-exec-8] org.hibernate.SQL                        : select s1_0.course_id,s1_0.id,s1_0.title from sections s1_0 where s1_0.course_id=?
2026-03-11T15:16:22.354+05:30 DEBUG 12812 --- [backend] [http-nio-8081-exec-8] org.hibernate.SQL                        : select s1_0.course_id,s1_0.id,s1_0.title from sections s1_0 where s1_0.course_id=?
2026-03-11T15:16:22.354+05:30 DEBUG 12812 --- [backend] [http-nio-8081-exec-8] org.hibernate.SQL                        : select s1_0.course_id,s1_0.id,s1_0.title from sections s1_0 where s1_0.course_id=?
2026-03-11T15:16:22.373+05:30 DEBUG 12812 --- [backend] [http-nio-8081-exec-7] org.hibernate.SQL                        : select c1_0.id,c1_0.bg_color,c1_0.border_color,c1_0.color,c1_0.description,c1_0.discount,c1_0.domain,c1_0.duration,c1_0.gradient,c1_0.icon_name,c1_0.level,c1_0.live_link,c1_0.name,c1_0.shadow,c1_0.slug,c1_0.total_fee from courses c1_0
2026-03-11T15:16:22.376+05:30 DEBUG 12812 --- [backend] [http-nio-8081-exec-7] org.hibernate.SQL                        : select s1_0.course_id,s1_0.id,s1_0.title from sections s1_0 where s1_0.course_id=?
2026-03-11T15:16:22.384+05:30 DEBUG 12812 --- [backend] [http-nio-8081-exec-7] org.hibernate.SQL                        : select v1_0.section_id,v1_0.id,v1_0.duration,v1_0.title,v1_0.type,v1_0.url from videos v1_0 where v1_0.section_id=?
2026-03-11T15:16:22.387+05:30 DEBUG 12812 --- [backend] [http-nio-8081-exec-7] org.hibernate.SQL                        : select q1_0.section_id,q1_0.id,q1_0.description,q1_0.title from quizzes q1_0 where q1_0.section_id in (select s1_0.id from sections s1_0 where s1_0.course_id=?)
2026-03-11T15:16:22.389+05:30 DEBUG 12812 --- [backend] [http-nio-8081-exec-7] org.hibernate.SQL                        : select v1_0.section_id,v1_0.id,v1_0.duration,v1_0.title,v1_0.type,v1_0.url from videos v1_0 where v1_0.section_id=?
2026-03-11T15:16:22.392+05:30 DEBUG 12812 --- [backend] [http-nio-8081-exec-7] org.hibernate.SQL                        : select q1_0.quiz_id,q1_0.id,q1_0.correct_option_index,q1_0.question_text from questions q1_0 where q1_0.quiz_id=?
2026-03-11T15:16:22.395+05:30 DEBUG 12812 --- [backend] [http-nio-8081-exec-7] org.hibernate.SQL                        : select o1_0.question_id,o1_0.option_text from question_options o1_0 where o1_0.question_id=?
2026-03-11T15:16:22.397+05:30 DEBUG 12812 --- [backend] [http-nio-8081-exec-7] org.hibernate.SQL                        : select o1_0.question_id,o1_0.option_text from question_options o1_0 where o1_0.question_id=?
2026-03-11T15:16:22.400+05:30 DEBUG 12812 --- [backend] [http-nio-8081-exec-7] org.hibernate.SQL                        : select v1_0.section_id,v1_0.id,v1_0.duration,v1_0.title,v1_0.type,v1_0.url from videos v1_0 where v1_0.section_id=?
2026-03-11T15:16:22.400+05:30 DEBUG 12812 --- [backend] [http-nio-8081-exec-7] org.hibernate.SQL                        : select s1_0.course_id,s1_0.id,s1_0.title from sections s1_0 where s1_0.course_id=?
2026-03-11T15:16:22.403+05:30 DEBUG 12812 --- [backend] [http-nio-8081-exec-7] org.hibernate.SQL                        : select s1_0.course_id,s1_0.id,s1_0.title from sections s1_0 where s1_0.course_id=?
2026-03-11T15:16:22.405+05:30 DEBUG 12812 --- [backend] [http-nio-8081-exec-7] org.hibernate.SQL                        : select s1_0.course_id,s1_0.id,s1_0.title from sections s1_0 where s1_0.course_id=?
2026-03-11T15:16:22.405+05:30 DEBUG 12812 --- [backend] [http-nio-8081-exec-7] org.hibernate.SQL                        : select s1_0.course_id,s1_0.id,s1_0.title from sections s1_0 where s1_0.course_id=?
2026-03-11T15:16:22.405+05:30 DEBUG 12812 --- [backend] [http-nio-8081-exec-7] org.hibernate.SQL                        : select s1_0.course_id,s1_0.id,s1_0.title from sections s1_0 where s1_0.course_id=?
2026-03-11T15:16:22.414+05:30 DEBUG 12812 --- [backend] [http-nio-8081-exec-7] org.hibernate.SQL                        : select s1_0.course_id,s1_0.id,s1_0.title from sections s1_0 where s1_0.course_id=?
2026-03-11T15:16:22.416+05:30 DEBUG 12812 --- [backend] [http-nio-8081-exec-7] org.hibernate.SQL                        : select s1_0.course_id,s1_0.id,s1_0.title from sections s1_0 where s1_0.course_id=?
2026-03-11T15:16:22.418+05:30 DEBUG 12812 --- [backend] [http-nio-8081-exec-7] org.hibernate.SQL                        : select s1_0.course_id,s1_0.id,s1_0.title from sections s1_0 where s1_0.course_id=?
2026-03-11T15:16:22.430+05:30 DEBUG 12812 --- [backend] [http-nio-8081-exec-9] org.hibernate.SQL                        : select c1_0.id,c1_0.bg_color,c1_0.border_color,c1_0.color,c1_0.description,c1_0.discount,c1_0.domain,c1_0.duration,c1_0.gradient,c1_0.icon_name,c1_0.level,c1_0.live_link,c1_0.name,c1_0.shadow,c1_0.slug,c1_0.total_fee from courses c1_0
2026-03-11T15:16:22.437+05:30 DEBUG 12812 --- [backend] [http-nio-8081-exec-9] org.hibernate.SQL                        : select s1_0.course_id,s1_0.id,s1_0.title from sections s1_0 where s1_0.course_id=?
2026-03-11T15:16:22.439+05:30 DEBUG 12812 --- [backend] [http-nio-8081-exec-9] org.hibernate.SQL                        : select v1_0.section_id,v1_0.id,v1_0.duration,v1_0.title,v1_0.type,v1_0.url from videos v1_0 where v1_0.section_id=?
2026-03-11T15:16:22.442+05:30 DEBUG 12812 --- [backend] [http-nio-8081-exec-9] org.hibernate.SQL                        : select q1_0.section_id,q1_0.id,q1_0.description,q1_0.title from quizzes q1_0 where q1_0.section_id in (select s1_0.id from sections s1_0 where s1_0.course_id=?)
2026-03-11T15:16:22.449+05:30 DEBUG 12812 --- [backend] [http-nio-8081-exec-9] org.hibernate.SQL                        : select v1_0.section_id,v1_0.id,v1_0.duration,v1_0.title,v1_0.type,v1_0.url from videos v1_0 where v1_0.section_id=?
2026-03-11T15:16:22.449+05:30 DEBUG 12812 --- [backend] [http-nio-8081-exec-9] org.hibernate.SQL                        : select q1_0.quiz_id,q1_0.id,q1_0.correct_option_index,q1_0.question_text from questions q1_0 where q1_0.quiz_id=?
2026-03-11T15:16:22.454+05:30 DEBUG 12812 --- [backend] [http-nio-8081-exec-9] org.hibernate.SQL                        : select o1_0.question_id,o1_0.option_text from question_options o1_0 where o1_0.question_id=?
2026-03-11T15:16:22.454+05:30 DEBUG 12812 --- [backend] [http-nio-8081-exec-9] org.hibernate.SQL                        : select o1_0.question_id,o1_0.option_text from question_options o1_0 where o1_0.question_id=?
2026-03-11T15:16:22.454+05:30 DEBUG 12812 --- [backend] [http-nio-8081-exec-9] org.hibernate.SQL                        : select v1_0.section_id,v1_0.id,v1_0.duration,v1_0.title,v1_0.type,v1_0.url from videos v1_0 where v1_0.section_id=?
2026-03-11T15:16:22.461+05:30 DEBUG 12812 --- [backend] [http-nio-8081-exec-9] org.hibernate.SQL                        : select s1_0.course_id,s1_0.id,s1_0.title from sections s1_0 where s1_0.course_id=?
2026-03-11T15:16:22.465+05:30 DEBUG 12812 --- [backend] [http-nio-8081-exec-9] org.hibernate.SQL                        : select s1_0.course_id,s1_0.id,s1_0.title from sections s1_0 where s1_0.course_id=?
2026-03-11T15:16:22.465+05:30 DEBUG 12812 --- [backend] [http-nio-8081-exec-9] org.hibernate.SQL                        : select s1_0.course_id,s1_0.id,s1_0.title from sections s1_0 where s1_0.course_id=?
2026-03-11T15:16:22.465+05:30 DEBUG 12812 --- [backend] [http-nio-8081-exec-9] org.hibernate.SQL                        : select s1_0.course_id,s1_0.id,s1_0.title from sections s1_0 where s1_0.course_id=?
2026-03-11T15:16:22.471+05:30 DEBUG 12812 --- [backend] [http-nio-8081-exec-9] org.hibernate.SQL                        : select s1_0.course_id,s1_0.id,s1_0.title from sections s1_0 where s1_0.course_id=?
2026-03-11T15:16:22.474+05:30 DEBUG 12812 --- [backend] [http-nio-8081-exec-9] org.hibernate.SQL                        : select s1_0.course_id,s1_0.id,s1_0.title from sections s1_0 where s1_0.course_id=?
2026-03-11T15:16:22.477+05:30 DEBUG 12812 --- [backend] [http-nio-8081-exec-9] org.hibernate.SQL                        : select s1_0.course_id,s1_0.id,s1_0.title from sections s1_0 where s1_0.course_id=?
2026-03-11T15:16:22.478+05:30 DEBUG 12812 --- [backend] [http-nio-8081-exec-9] org.hibernate.SQL                        : select s1_0.course_id,s1_0.id,s1_0.title from sections s1_0 where s1_0.course_id=?
2026-03-11T15:16:22.500+05:30 DEBUG 12812 --- [backend] [http-nio-8081-exec-1] org.hibernate.SQL                        : select c1_0.id,c1_0.bg_color,c1_0.border_color,c1_0.color,c1_0.description,c1_0.discount,c1_0.domain,c1_0.duration,c1_0.gradient,c1_0.icon_name,c1_0.level,c1_0.live_link,c1_0.name,c1_0.shadow,c1_0.slug,c1_0.total_fee from courses c1_0
2026-03-11T15:16:22.511+05:30 DEBUG 12812 --- [backend] [http-nio-8081-exec-1] org.hibernate.SQL                        : select s1_0.course_id,s1_0.id,s1_0.title from sections s1_0 where s1_0.course_id=?
2026-03-11T15:16:22.515+05:30 DEBUG 12812 --- [backend] [http-nio-8081-exec-1] org.hibernate.SQL                        : select v1_0.section_id,v1_0.id,v1_0.duration,v1_0.title,v1_0.type,v1_0.url from videos v1_0 where v1_0.section_id=?
2026-03-11T15:16:22.518+05:30 DEBUG 12812 --- [backend] [http-nio-8081-exec-1] org.hibernate.SQL                        : select q1_0.section_id,q1_0.id,q1_0.description,q1_0.title from quizzes q1_0 where q1_0.section_id in (select s1_0.id from sections s1_0 where s1_0.course_id=?)
2026-03-11T15:16:22.523+05:30 DEBUG 12812 --- [backend] [http-nio-8081-exec-1] org.hibernate.SQL                        : select v1_0.section_id,v1_0.id,v1_0.duration,v1_0.title,v1_0.type,v1_0.url from videos v1_0 where v1_0.section_id=?
2026-03-11T15:16:22.525+05:30 DEBUG 12812 --- [backend] [http-nio-8081-exec-1] org.hibernate.SQL                        : select q1_0.quiz_id,q1_0.id,q1_0.correct_option_index,q1_0.question_text from questions q1_0 where q1_0.quiz_id=?
2026-03-11T15:16:22.527+05:30 DEBUG 12812 --- [backend] [http-nio-8081-exec-1] org.hibernate.SQL                        : select o1_0.question_id,o1_0.option_text from question_options o1_0 where o1_0.question_id=?
2026-03-11T15:16:22.527+05:30 DEBUG 12812 --- [backend] [http-nio-8081-exec-1] org.hibernate.SQL                        : select o1_0.question_id,o1_0.option_text from question_options o1_0 where o1_0.question_id=?
2026-03-11T15:16:22.527+05:30 DEBUG 12812 --- [backend] [http-nio-8081-exec-1] org.hibernate.SQL                        : select v1_0.section_id,v1_0.id,v1_0.duration,v1_0.title,v1_0.type,v1_0.url from videos v1_0 where v1_0.section_id=?
2026-03-11T15:16:22.527+05:30 DEBUG 12812 --- [backend] [http-nio-8081-exec-1] org.hibernate.SQL                        : select s1_0.course_id,s1_0.id,s1_0.title from sections s1_0 where s1_0.course_id=?
2026-03-11T15:16:22.527+05:30 DEBUG 12812 --- [backend] [http-nio-8081-exec-1] org.hibernate.SQL                        : select s1_0.course_id,s1_0.id,s1_0.title from sections s1_0 where s1_0.course_id=?
2026-03-11T15:16:22.540+05:30 DEBUG 12812 --- [backend] [http-nio-8081-exec-1] org.hibernate.SQL                        : select s1_0.course_id,s1_0.id,s1_0.title from sections s1_0 where s1_0.course_id=?
2026-03-11T15:16:22.540+05:30 DEBUG 12812 --- [backend] [http-nio-8081-exec-1] org.hibernate.SQL                        : select s1_0.course_id,s1_0.id,s1_0.title from sections s1_0 where s1_0.course_id=?
2026-03-11T15:16:22.542+05:30 DEBUG 12812 --- [backend] [http-nio-8081-exec-1] org.hibernate.SQL                        : select s1_0.course_id,s1_0.id,s1_0.title from sections s1_0 where s1_0.course_id=?
2026-03-11T15:16:22.542+05:30 DEBUG 12812 --- [backend] [http-nio-8081-exec-1] org.hibernate.SQL                        : select s1_0.course_id,s1_0.id,s1_0.title from sections s1_0 where s1_0.course_id=?
2026-03-11T15:16:22.549+05:30 DEBUG 12812 --- [backend] [http-nio-8081-exec-1] org.hibernate.SQL                        : select s1_0.course_id,s1_0.id,s1_0.title from sections s1_0 where s1_0.course_id=?
2026-03-11T15:16:22.549+05:30 DEBUG 12812 --- [backend] [http-nio-8081-exec-1] org.hibernate.SQL                        : select s1_0.course_id,s1_0.id,s1_0.title from sections s1_0 where s1_0.course_id=?
2026-03-11T15:16:22.567+05:30 DEBUG 12812 --- [backend] [http-nio-8081-exec-5] org.hibernate.SQL                        : select c1_0.id,c1_0.bg_color,c1_0.border_color,c1_0.color,c1_0.description,c1_0.discount,c1_0.domain,c1_0.duration,c1_0.gradient,c1_0.icon_name,c1_0.level,c1_0.live_link,c1_0.name,c1_0.shadow,c1_0.slug,c1_0.total_fee from courses c1_0
2026-03-11T15:16:22.573+05:30 DEBUG 12812 --- [backend] [http-nio-8081-exec-5] org.hibernate.SQL                        : select s1_0.course_id,s1_0.id,s1_0.title from sections s1_0 where s1_0.course_id=?
2026-03-11T15:16:22.576+05:30 DEBUG 12812 --- [backend] [http-nio-8081-exec-5] org.hibernate.SQL                        : select v1_0.section_id,v1_0.id,v1_0.duration,v1_0.title,v1_0.type,v1_0.url from videos v1_0 where v1_0.section_id=?
2026-03-11T15:16:22.577+05:30 DEBUG 12812 --- [backend] [http-nio-8081-exec-5] org.hibernate.SQL                        : select q1_0.section_id,q1_0.id,q1_0.description,q1_0.title from quizzes q1_0 where q1_0.section_id in (select s1_0.id from sections s1_0 where s1_0.course_id=?)
2026-03-11T15:16:22.577+05:30 DEBUG 12812 --- [backend] [http-nio-8081-exec-5] org.hibernate.SQL                        : select v1_0.section_id,v1_0.id,v1_0.duration,v1_0.title,v1_0.type,v1_0.url from videos v1_0 where v1_0.section_id=?
2026-03-11T15:16:22.586+05:30 DEBUG 12812 --- [backend] [http-nio-8081-exec-5] org.hibernate.SQL                        : select q1_0.quiz_id,q1_0.id,q1_0.correct_option_index,q1_0.question_text from questions q1_0 where q1_0.quiz_id=?
2026-03-11T15:16:22.593+05:30 DEBUG 12812 --- [backend] [http-nio-8081-exec-5] org.hibernate.SQL                        : select o1_0.question_id,o1_0.option_text from question_options o1_0 where o1_0.question_id=?
2026-03-11T15:16:22.600+05:30 DEBUG 12812 --- [backend] [http-nio-8081-exec-5] org.hibernate.SQL                        : select o1_0.question_id,o1_0.option_text from question_options o1_0 where o1_0.question_id=?
2026-03-11T15:16:22.604+05:30 DEBUG 12812 --- [backend] [http-nio-8081-exec-5] org.hibernate.SQL                        : select v1_0.section_id,v1_0.id,v1_0.duration,v1_0.title,v1_0.type,v1_0.url from videos v1_0 where v1_0.section_id=?
2026-03-11T15:16:22.605+05:30 DEBUG 12812 --- [backend] [http-nio-8081-exec-5] org.hibernate.SQL                        : select s1_0.course_id,s1_0.id,s1_0.title from sections s1_0 where s1_0.course_id=?
2026-03-11T15:16:22.605+05:30 DEBUG 12812 --- [backend] [http-nio-8081-exec-5] org.hibernate.SQL                        : select s1_0.course_id,s1_0.id,s1_0.title from sections s1_0 where s1_0.course_id=?
2026-03-11T15:16:22.610+05:30 DEBUG 12812 --- [backend] [http-nio-8081-exec-5] org.hibernate.SQL                        : select s1_0.course_id,s1_0.id,s1_0.title from sections s1_0 where s1_0.course_id=?
2026-03-11T15:16:22.612+05:30 DEBUG 12812 --- [backend] [http-nio-8081-exec-5] org.hibernate.SQL                        : select s1_0.course_id,s1_0.id,s1_0.title from sections s1_0 where s1_0.course_id=?
2026-03-11T15:16:22.613+05:30 DEBUG 12812 --- [backend] [http-nio-8081-exec-5] org.hibernate.SQL                        : select s1_0.course_id,s1_0.id,s1_0.title from sections s1_0 where s1_0.course_id=?
2026-03-11T15:16:22.615+05:30 DEBUG 12812 --- [backend] [http-nio-8081-exec-5] org.hibernate.SQL                        : select s1_0.course_id,s1_0.id,s1_0.title from sections s1_0 where s1_0.course_id=?
2026-03-11T15:16:22.618+05:30 DEBUG 12812 --- [backend] [http-nio-8081-exec-5] org.hibernate.SQL                        : select s1_0.course_id,s1_0.id,s1_0.title from sections s1_0 where s1_0.course_id=?
2026-03-11T15:16:22.620+05:30 DEBUG 12812 --- [backend] [http-nio-8081-exec-5] org.hibernate.SQL                        : select s1_0.course_id,s1_0.id,s1_0.title from sections s1_0 where s1_0.course_id=?
2026-03-11T15:16:22.632+05:30 DEBUG 12812 --- [backend] [http-nio-8081-exec-2] org.hibernate.SQL                        : select c1_0.id,c1_0.bg_color,c1_0.border_color,c1_0.color,c1_0.description,c1_0.discount,c1_0.domain,c1_0.duration,c1_0.gradient,c1_0.icon_name,c1_0.level,c1_0.live_link,c1_0.name,c1_0.shadow,c1_0.slug,c1_0.total_fee from courses c1_0
2026-03-11T15:16:22.638+05:30 DEBUG 12812 --- [backend] [http-nio-8081-exec-2] org.hibernate.SQL                        : select s1_0.course_id,s1_0.id,s1_0.title from sections s1_0 where s1_0.course_id=?
2026-03-11T15:16:22.643+05:30 DEBUG 12812 --- [backend] [http-nio-8081-exec-2] org.hibernate.SQL                        : select v1_0.section_id,v1_0.id,v1_0.duration,v1_0.title,v1_0.type,v1_0.url from videos v1_0 where v1_0.section_id=?
2026-03-11T15:16:22.649+05:30 DEBUG 12812 --- [backend] [http-nio-8081-exec-2] org.hibernate.SQL                        : select q1_0.section_id,q1_0.id,q1_0.description,q1_0.title from quizzes q1_0 where q1_0.section_id in (select s1_0.id from sections s1_0 where s1_0.course_id=?)
2026-03-11T15:16:22.653+05:30 DEBUG 12812 --- [backend] [http-nio-8081-exec-2] org.hibernate.SQL                        : select v1_0.section_id,v1_0.id,v1_0.duration,v1_0.title,v1_0.type,v1_0.url from videos v1_0 where v1_0.section_id=?
2026-03-11T15:16:22.656+05:30 DEBUG 12812 --- [backend] [http-nio-8081-exec-2] org.hibernate.SQL                        : select q1_0.quiz_id,q1_0.id,q1_0.correct_option_index,q1_0.question_text from questions q1_0 where q1_0.quiz_id=?
2026-03-11T15:16:22.656+05:30 DEBUG 12812 --- [backend] [http-nio-8081-exec-2] org.hibernate.SQL                        : select o1_0.question_id,o1_0.option_text from question_options o1_0 where o1_0.question_id=?
2026-03-11T15:16:22.661+05:30 DEBUG 12812 --- [backend] [http-nio-8081-exec-2] org.hibernate.SQL                        : select o1_0.question_id,o1_0.option_text from question_options o1_0 where o1_0.question_id=?
2026-03-11T15:16:22.664+05:30 DEBUG 12812 --- [backend] [http-nio-8081-exec-2] org.hibernate.SQL                        : select v1_0.section_id,v1_0.id,v1_0.duration,v1_0.title,v1_0.type,v1_0.url from videos v1_0 where v1_0.section_id=?
2026-03-11T15:16:22.666+05:30 DEBUG 12812 --- [backend] [http-nio-8081-exec-2] org.hibernate.SQL                        : select s1_0.course_id,s1_0.id,s1_0.title from sections s1_0 where s1_0.course_id=?
2026-03-11T15:16:22.666+05:30 DEBUG 12812 --- [backend] [http-nio-8081-exec-2] org.hibernate.SQL                        : select s1_0.course_id,s1_0.id,s1_0.title from sections s1_0 where s1_0.course_id=?
2026-03-11T15:16:22.670+05:30 DEBUG 12812 --- [backend] [http-nio-8081-exec-2] org.hibernate.SQL                        : select s1_0.course_id,s1_0.id,s1_0.title from sections s1_0 where s1_0.course_id=?
2026-03-11T15:16:22.673+05:30 DEBUG 12812 --- [backend] [http-nio-8081-exec-2] org.hibernate.SQL                        : select s1_0.course_id,s1_0.id,s1_0.title from sections s1_0 where s1_0.course_id=?
2026-03-11T15:16:22.675+05:30 DEBUG 12812 --- [backend] [http-nio-8081-exec-2] org.hibernate.SQL                        : select s1_0.course_id,s1_0.id,s1_0.title from sections s1_0 where s1_0.course_id=?
2026-03-11T15:16:22.676+05:30 DEBUG 12812 --- [backend] [http-nio-8081-exec-2] org.hibernate.SQL                        : select s1_0.course_id,s1_0.id,s1_0.title from sections s1_0 where s1_0.course_id=?
2026-03-11T15:16:22.676+05:30 DEBUG 12812 --- [backend] [http-nio-8081-exec-2] org.hibernate.SQL                        : select s1_0.course_id,s1_0.id,s1_0.title from sections s1_0 where s1_0.course_id=?
2026-03-11T15:16:22.681+05:30 DEBUG 12812 --- [backend] [http-nio-8081-exec-2] org.hibernate.SQL                        : select s1_0.course_id,s1_0.id,s1_0.title from sections s1_0 where s1_0.course_id=?
2026-03-11T15:16:22.692+05:30 DEBUG 12812 --- [backend] [http-nio-8081-exec-10] org.hibernate.SQL                        : select c1_0.id,c1_0.bg_color,c1_0.border_color,c1_0.color,c1_0.description,c1_0.discount,c1_0.domain,c1_0.duration,c1_0.gradient,c1_0.icon_name,c1_0.level,c1_0.live_link,c1_0.name,c1_0.shadow,c1_0.slug,c1_0.total_fee from courses c1_0
2026-03-11T15:16:22.699+05:30 DEBUG 12812 --- [backend] [http-nio-8081-exec-10] org.hibernate.SQL                        : select s1_0.course_id,s1_0.id,s1_0.title from sections s1_0 where s1_0.course_id=?
2026-03-11T15:16:22.699+05:30 DEBUG 12812 --- [backend] [http-nio-8081-exec-10] org.hibernate.SQL                        : select v1_0.section_id,v1_0.id,v1_0.duration,v1_0.title,v1_0.type,v1_0.url from videos v1_0 where v1_0.section_id=?
2026-03-11T15:16:22.705+05:30 DEBUG 12812 --- [backend] [http-nio-8081-exec-10] org.hibernate.SQL                        : select q1_0.section_id,q1_0.id,q1_0.description,q1_0.title from quizzes q1_0 where q1_0.section_id in (select s1_0.id from sections s1_0 where s1_0.course_id=?)
2026-03-11T15:16:22.713+05:30 DEBUG 12812 --- [backend] [http-nio-8081-exec-10] org.hibernate.SQL                        : select v1_0.section_id,v1_0.id,v1_0.duration,v1_0.title,v1_0.type,v1_0.url from videos v1_0 where v1_0.section_id=?
2026-03-11T15:16:22.714+05:30 DEBUG 12812 --- [backend] [http-nio-8081-exec-10] org.hibernate.SQL                        : select q1_0.quiz_id,q1_0.id,q1_0.correct_option_index,q1_0.question_text from questions q1_0 where q1_0.quiz_id=?
2026-03-11T15:16:22.719+05:30 DEBUG 12812 --- [backend] [http-nio-8081-exec-10] org.hibernate.SQL                        : select o1_0.question_id,o1_0.option_text from question_options o1_0 where o1_0.question_id=?
2026-03-11T15:16:22.722+05:30 DEBUG 12812 --- [backend] [http-nio-8081-exec-10] org.hibernate.SQL                        : select o1_0.question_id,o1_0.option_text from question_options o1_0 where o1_0.question_id=?
2026-03-11T15:16:22.724+05:30 DEBUG 12812 --- [backend] [http-nio-8081-exec-10] org.hibernate.SQL                        : select v1_0.section_id,v1_0.id,v1_0.duration,v1_0.title,v1_0.type,v1_0.url from videos v1_0 where v1_0.section_id=?
2026-03-11T15:16:22.729+05:30 DEBUG 12812 --- [backend] [http-nio-8081-exec-10] org.hibernate.SQL                        : select s1_0.course_id,s1_0.id,s1_0.title from sections s1_0 where s1_0.course_id=?
2026-03-11T15:16:22.729+05:30 DEBUG 12812 --- [backend] [http-nio-8081-exec-10] org.hibernate.SQL                        : select s1_0.course_id,s1_0.id,s1_0.title from sections s1_0 where s1_0.course_id=?
2026-03-11T15:16:22.729+05:30 DEBUG 12812 --- [backend] [http-nio-8081-exec-10] org.hibernate.SQL                        : select s1_0.course_id,s1_0.id,s1_0.title from sections s1_0 where s1_0.course_id=?
2026-03-11T15:16:22.738+05:30 DEBUG 12812 --- [backend] [http-nio-8081-exec-10] org.hibernate.SQL                        : select s1_0.course_id,s1_0.id,s1_0.title from sections s1_0 where s1_0.course_id=?
2026-03-11T15:16:22.742+05:30 DEBUG 12812 --- [backend] [http-nio-8081-exec-10] org.hibernate.SQL                        : select s1_0.course_id,s1_0.id,s1_0.title from sections s1_0 where s1_0.course_id=?
2026-03-11T15:16:22.745+05:30 DEBUG 12812 --- [backend] [http-nio-8081-exec-10] org.hibernate.SQL                        : select s1_0.course_id,s1_0.id,s1_0.title from sections s1_0 where s1_0.course_id=?
2026-03-11T15:16:22.748+05:30 DEBUG 12812 --- [backend] [http-nio-8081-exec-10] org.hibernate.SQL                        : select s1_0.course_id,s1_0.id,s1_0.title from sections s1_0 where s1_0.course_id=?
2026-03-11T15:16:22.750+05:30 DEBUG 12812 --- [backend] [http-nio-8081-exec-10] org.hibernate.SQL                        : select s1_0.course_id,s1_0.id,s1_0.title from sections s1_0 where s1_0.course_id=?
2026-03-11T15:16:22.767+05:30 DEBUG 12812 --- [backend] [http-nio-8081-exec-4] org.hibernate.SQL                        : select c1_0.id,c1_0.bg_color,c1_0.border_color,c1_0.color,c1_0.description,c1_0.discount,c1_0.domain,c1_0.duration,c1_0.gradient,c1_0.icon_name,c1_0.level,c1_0.live_link,c1_0.name,c1_0.shadow,c1_0.slug,c1_0.total_fee from courses c1_0
2026-03-11T15:16:22.778+05:30 DEBUG 12812 --- [backend] [http-nio-8081-exec-4] org.hibernate.SQL                        : select s1_0.course_id,s1_0.id,s1_0.title from sections s1_0 where s1_0.course_id=?
2026-03-11T15:16:22.787+05:30 DEBUG 12812 --- [backend] [http-nio-8081-exec-4] org.hibernate.SQL                        : select v1_0.section_id,v1_0.id,v1_0.duration,v1_0.title,v1_0.type,v1_0.url from videos v1_0 where v1_0.section_id=?
2026-03-11T15:16:22.798+05:30 DEBUG 12812 --- [backend] [http-nio-8081-exec-4] org.hibernate.SQL                        : select q1_0.section_id,q1_0.id,q1_0.description,q1_0.title from quizzes q1_0 where q1_0.section_id in (select s1_0.id from sections s1_0 where s1_0.course_id=?)
2026-03-11T15:16:22.805+05:30 DEBUG 12812 --- [backend] [http-nio-8081-exec-4] org.hibernate.SQL                        : select v1_0.section_id,v1_0.id,v1_0.duration,v1_0.title,v1_0.type,v1_0.url from videos v1_0 where v1_0.section_id=?
2026-03-11T15:16:22.805+05:30 DEBUG 12812 --- [backend] [http-nio-8081-exec-4] org.hibernate.SQL                        : select q1_0.quiz_id,q1_0.id,q1_0.correct_option_index,q1_0.question_text from questions q1_0 where q1_0.quiz_id=?
2026-03-11T15:16:22.818+05:30 DEBUG 12812 --- [backend] [http-nio-8081-exec-4] org.hibernate.SQL                        : select o1_0.question_id,o1_0.option_text from question_options o1_0 where o1_0.question_id=?
2026-03-11T15:16:22.823+05:30 DEBUG 12812 --- [backend] [http-nio-8081-exec-4] org.hibernate.SQL                        : select o1_0.question_id,o1_0.option_text from question_options o1_0 where o1_0.question_id=?
2026-03-11T15:16:22.827+05:30 DEBUG 12812 --- [backend] [http-nio-8081-exec-4] org.hibernate.SQL                        : select v1_0.section_id,v1_0.id,v1_0.duration,v1_0.title,v1_0.type,v1_0.url from videos v1_0 where v1_0.section_id=?
2026-03-11T15:16:22.829+05:30 DEBUG 12812 --- [backend] [http-nio-8081-exec-4] org.hibernate.SQL                        : select s1_0.course_id,s1_0.id,s1_0.title from sections s1_0 where s1_0.course_id=?
2026-03-11T15:16:22.834+05:30 DEBUG 12812 --- [backend] [http-nio-8081-exec-4] org.hibernate.SQL                        : select s1_0.course_id,s1_0.id,s1_0.title from sections s1_0 where s1_0.course_id=?
2026-03-11T15:16:22.836+05:30 DEBUG 12812 --- [backend] [http-nio-8081-exec-4] org.hibernate.SQL                        : select s1_0.course_id,s1_0.id,s1_0.title from sections s1_0 where s1_0.course_id=?
2026-03-11T15:16:22.842+05:30 DEBUG 12812 --- [backend] [http-nio-8081-exec-4] org.hibernate.SQL                        : select s1_0.course_id,s1_0.id,s1_0.title from sections s1_0 where s1_0.course_id=?
2026-03-11T15:16:22.844+05:30 DEBUG 12812 --- [backend] [http-nio-8081-exec-4] org.hibernate.SQL                        : select s1_0.course_id,s1_0.id,s1_0.title from sections s1_0 where s1_0.course_id=?
2026-03-11T15:16:22.847+05:30 DEBUG 12812 --- [backend] [http-nio-8081-exec-4] org.hibernate.SQL                        : select s1_0.course_id,s1_0.id,s1_0.title from sections s1_0 where s1_0.course_id=?
2026-03-11T15:16:22.850+05:30 DEBUG 12812 --- [backend] [http-nio-8081-exec-4] org.hibernate.SQL                        : select s1_0.course_id,s1_0.id,s1_0.title from sections s1_0 where s1_0.course_id=?
2026-03-11T15:16:22.851+05:30 DEBUG 12812 --- [backend] [http-nio-8081-exec-4] org.hibernate.SQL                        : select s1_0.course_id,s1_0.id,s1_0.title from sections s1_0 where s1_0.course_id=?
2026-03-11T15:16:22.865+05:30 DEBUG 12812 --- [backend] [http-nio-8081-exec-3] org.hibernate.SQL                        : select c1_0.id,c1_0.bg_color,c1_0.border_color,c1_0.color,c1_0.description,c1_0.discount,c1_0.domain,c1_0.duration,c1_0.gradient,c1_0.icon_name,c1_0.level,c1_0.live_link,c1_0.name,c1_0.shadow,c1_0.slug,c1_0.total_fee from courses c1_0
2026-03-11T15:16:22.881+05:30 DEBUG 12812 --- [backend] [http-nio-8081-exec-3] org.hibernate.SQL                        : select s1_0.course_id,s1_0.id,s1_0.title from sections s1_0 where s1_0.course_id=?
2026-03-11T15:16:22.887+05:30 DEBUG 12812 --- [backend] [http-nio-8081-exec-3] org.hibernate.SQL                        : select v1_0.section_id,v1_0.id,v1_0.duration,v1_0.title,v1_0.type,v1_0.url from videos v1_0 where v1_0.section_id=?
2026-03-11T15:16:22.893+05:30 DEBUG 12812 --- [backend] [http-nio-8081-exec-3] org.hibernate.SQL                        : select q1_0.section_id,q1_0.id,q1_0.description,q1_0.title from quizzes q1_0 where q1_0.section_id in (select s1_0.id from sections s1_0 where s1_0.course_id=?)
2026-03-11T15:16:22.893+05:30 DEBUG 12812 --- [backend] [http-nio-8081-exec-3] org.hibernate.SQL                        : select v1_0.section_id,v1_0.id,v1_0.duration,v1_0.title,v1_0.type,v1_0.url from videos v1_0 where v1_0.section_id=?
2026-03-11T15:16:22.897+05:30 DEBUG 12812 --- [backend] [http-nio-8081-exec-3] org.hibernate.SQL                        : select q1_0.quiz_id,q1_0.id,q1_0.correct_option_index,q1_0.question_text from questions q1_0 where q1_0.quiz_id=?
2026-03-11T15:16:22.901+05:30 DEBUG 12812 --- [backend] [http-nio-8081-exec-3] org.hibernate.SQL                        : select o1_0.question_id,o1_0.option_text from question_options o1_0 where o1_0.question_id=?
2026-03-11T15:16:22.904+05:30 DEBUG 12812 --- [backend] [http-nio-8081-exec-3] org.hibernate.SQL                        : select o1_0.question_id,o1_0.option_text from question_options o1_0 where o1_0.question_id=?
2026-03-11T15:16:22.904+05:30 DEBUG 12812 --- [backend] [http-nio-8081-exec-3] org.hibernate.SQL                        : select v1_0.section_id,v1_0.id,v1_0.duration,v1_0.title,v1_0.type,v1_0.url from videos v1_0 where v1_0.section_id=?
2026-03-11T15:16:22.911+05:30 DEBUG 12812 --- [backend] [http-nio-8081-exec-3] org.hibernate.SQL                        : select s1_0.course_id,s1_0.id,s1_0.title from sections s1_0 where s1_0.course_id=?
2026-03-11T15:16:22.915+05:30 DEBUG 12812 --- [backend] [http-nio-8081-exec-3] org.hibernate.SQL                        : select s1_0.course_id,s1_0.id,s1_0.title from sections s1_0 where s1_0.course_id=?
2026-03-11T15:16:22.916+05:30 DEBUG 12812 --- [backend] [http-nio-8081-exec-3] org.hibernate.SQL                        : select s1_0.course_id,s1_0.id,s1_0.title from sections s1_0 where s1_0.course_id=?
2026-03-11T15:16:22.916+05:30 DEBUG 12812 --- [backend] [http-nio-8081-exec-3] org.hibernate.SQL                        : select s1_0.course_id,s1_0.id,s1_0.title from sections s1_0 where s1_0.course_id=?
2026-03-11T15:16:22.923+05:30 DEBUG 12812 --- [backend] [http-nio-8081-exec-3] org.hibernate.SQL                        : select s1_0.course_id,s1_0.id,s1_0.title from sections s1_0 where s1_0.course_id=?
2026-03-11T15:16:22.930+05:30 DEBUG 12812 --- [backend] [http-nio-8081-exec-3] org.hibernate.SQL                        : select s1_0.course_id,s1_0.id,s1_0.title from sections s1_0 where s1_0.course_id=?
2026-03-11T15:16:22.931+05:30 DEBUG 12812 --- [backend] [http-nio-8081-exec-3] org.hibernate.SQL                        : select s1_0.course_id,s1_0.id,s1_0.title from sections s1_0 where s1_0.course_id=?
2026-03-11T15:16:22.936+05:30 DEBUG 12812 --- [backend] [http-nio-8081-exec-3] org.hibernate.SQL                        : select s1_0.course_id,s1_0.id,s1_0.title from sections s1_0 where s1_0.course_id=?
2026-03-11T15:16:28.335+05:30 DEBUG 12812 --- [backend] [http-nio-8081-exec-9] org.hibernate.SQL                        : select t1_0.id,t1_0.course,t1_0.image,t1_0.message,t1_0.name,t1_0.thumbnail,t1_0.video_url from testimonials t1_0 where t1_0.video_url is null
2026-03-11T15:16:28.335+05:30 DEBUG 12812 --- [backend] [http-nio-8081-exec-7] org.hibernate.SQL                        : select t1_0.id,t1_0.course,t1_0.image,t1_0.message,t1_0.name,t1_0.thumbnail,t1_0.video_url from testimonials t1_0 where t1_0.video_url is not null
2026-03-11T15:16:28.335+05:30 DEBUG 12812 --- [backend] [http-nio-8081-exec-8] org.hibernate.SQL                        : select h1_0.id,h1_0.date,h1_0.description,h1_0.entry_fee,h1_0.mode,h1_0.prize_pool,h1_0.status,h1_0.time,h1_0.title from hackathons h1_0
2026-03-11T15:16:28.335+05:30 DEBUG 12812 --- [backend] [http-nio-8081-exec-6] org.hibernate.SQL                        : select c1_0.id,c1_0.bg_color,c1_0.border_color,c1_0.color,c1_0.description,c1_0.discount,c1_0.domain,c1_0.duration,c1_0.gradient,c1_0.icon_name,c1_0.level,c1_0.live_link,c1_0.name,c1_0.shadow,c1_0.slug,c1_0.total_fee from courses c1_0
2026-03-11T15:16:28.339+05:30 DEBUG 12812 --- [backend] [http-nio-8081-exec-6] org.hibernate.SQL                        : select s1_0.course_id,s1_0.id,s1_0.title from sections s1_0 where s1_0.course_id=?
2026-03-11T15:16:28.339+05:30 DEBUG 12812 --- [backend] [http-nio-8081-exec-8] org.hibernate.SQL                        : select rui1_0.hackathon_id,rui1_0.registered_user_ids from hackathon_registered_user_ids rui1_0 where rui1_0.hackathon_id=?
2026-03-11T15:16:28.340+05:30 DEBUG 12812 --- [backend] [http-nio-8081-exec-8] org.hibernate.SQL                        : select rui1_0.hackathon_id,rui1_0.registered_user_ids from hackathon_registered_user_ids rui1_0 where rui1_0.hackathon_id=?
2026-03-11T15:16:28.340+05:30 DEBUG 12812 --- [backend] [http-nio-8081-exec-6] org.hibernate.SQL                        : select v1_0.section_id,v1_0.id,v1_0.duration,v1_0.title,v1_0.type,v1_0.url from videos v1_0 where v1_0.section_id=?
2026-03-11T15:16:28.343+05:30 DEBUG 12812 --- [backend] [http-nio-8081-exec-8] org.hibernate.SQL                        : select rui1_0.hackathon_id,rui1_0.registered_user_ids from hackathon_registered_user_ids rui1_0 where rui1_0.hackathon_id=?
2026-03-11T15:16:28.343+05:30 DEBUG 12812 --- [backend] [http-nio-8081-exec-6] org.hibernate.SQL                        : select q1_0.section_id,q1_0.id,q1_0.description,q1_0.title from quizzes q1_0 where q1_0.section_id in (select s1_0.id from sections s1_0 where s1_0.course_id=?)
2026-03-11T15:16:28.344+05:30 DEBUG 12812 --- [backend] [http-nio-8081-exec-8] org.hibernate.SQL                        : select rui1_0.hackathon_id,rui1_0.registered_user_ids from hackathon_registered_user_ids rui1_0 where rui1_0.hackathon_id=?
2026-03-11T15:16:28.344+05:30 DEBUG 12812 --- [backend] [http-nio-8081-exec-6] org.hibernate.SQL                        : select v1_0.section_id,v1_0.id,v1_0.duration,v1_0.title,v1_0.type,v1_0.url from videos v1_0 where v1_0.section_id=?
2026-03-11T15:16:28.346+05:30 DEBUG 12812 --- [backend] [http-nio-8081-exec-8] org.hibernate.SQL                        : select rui1_0.hackathon_id,rui1_0.registered_user_ids from hackathon_registered_user_ids rui1_0 where rui1_0.hackathon_id=?
2026-03-11T15:16:28.346+05:30 DEBUG 12812 --- [backend] [http-nio-8081-exec-6] org.hibernate.SQL                        : select q1_0.quiz_id,q1_0.id,q1_0.correct_option_index,q1_0.question_text from questions q1_0 where q1_0.quiz_id=?
2026-03-11T15:16:28.346+05:30 DEBUG 12812 --- [backend] [http-nio-8081-exec-8] org.hibernate.SQL                        : select rui1_0.hackathon_id,rui1_0.registered_user_ids from hackathon_registered_user_ids rui1_0 where rui1_0.hackathon_id=?
2026-03-11T15:16:28.346+05:30 DEBUG 12812 --- [backend] [http-nio-8081-exec-5] org.hibernate.SQL                        : select t1_0.id,t1_0.course,t1_0.image,t1_0.message,t1_0.name,t1_0.thumbnail,t1_0.video_url from testimonials t1_0 where t1_0.video_url is null
2026-03-11T15:16:28.346+05:30 DEBUG 12812 --- [backend] [http-nio-8081-exec-6] org.hibernate.SQL                        : select o1_0.question_id,o1_0.option_text from question_options o1_0 where o1_0.question_id=?
2026-03-11T15:16:28.348+05:30 DEBUG 12812 --- [backend] [http-nio-8081-exec-1] org.hibernate.SQL                        : select t1_0.id,t1_0.course,t1_0.image,t1_0.message,t1_0.name,t1_0.thumbnail,t1_0.video_url from testimonials t1_0 where t1_0.video_url is not null
2026-03-11T15:16:28.348+05:30 DEBUG 12812 --- [backend] [http-nio-8081-exec-6] org.hibernate.SQL                        : select o1_0.question_id,o1_0.option_text from question_options o1_0 where o1_0.question_id=?
2026-03-11T15:16:28.354+05:30 DEBUG 12812 --- [backend] [http-nio-8081-exec-6] org.hibernate.SQL                        : select v1_0.section_id,v1_0.id,v1_0.duration,v1_0.title,v1_0.type,v1_0.url from videos v1_0 where v1_0.section_id=?
2026-03-11T15:16:28.359+05:30 DEBUG 12812 --- [backend] [http-nio-8081-exec-6] org.hibernate.SQL                        : select s1_0.course_id,s1_0.id,s1_0.title from sections s1_0 where s1_0.course_id=?
2026-03-11T15:16:28.360+05:30 DEBUG 12812 --- [backend] [http-nio-8081-exec-6] org.hibernate.SQL                        : select s1_0.course_id,s1_0.id,s1_0.title from sections s1_0 where s1_0.course_id=?
2026-03-11T15:16:28.362+05:30 DEBUG 12812 --- [backend] [http-nio-8081-exec-6] org.hibernate.SQL                        : select s1_0.course_id,s1_0.id,s1_0.title from sections s1_0 where s1_0.course_id=?
2026-03-11T15:16:28.362+05:30 DEBUG 12812 --- [backend] [http-nio-8081-exec-6] org.hibernate.SQL                        : select s1_0.course_id,s1_0.id,s1_0.title from sections s1_0 where s1_0.course_id=?
2026-03-11T15:16:28.364+05:30 DEBUG 12812 --- [backend] [http-nio-8081-exec-6] org.hibernate.SQL                        : select s1_0.course_id,s1_0.id,s1_0.title from sections s1_0 where s1_0.course_id=?
2026-03-11T15:16:28.364+05:30 DEBUG 12812 --- [backend] [http-nio-8081-exec-5] org.hibernate.SQL                        : select h1_0.id,h1_0.date,h1_0.description,h1_0.entry_fee,h1_0.mode,h1_0.prize_pool,h1_0.status,h1_0.time,h1_0.title from hackathons h1_0
2026-03-11T15:16:28.365+05:30 DEBUG 12812 --- [backend] [http-nio-8081-exec-6] org.hibernate.SQL                        : select s1_0.course_id,s1_0.id,s1_0.title from sections s1_0 where s1_0.course_id=?
2026-03-11T15:16:28.367+05:30 DEBUG 12812 --- [backend] [http-nio-8081-exec-6] org.hibernate.SQL                        : select s1_0.course_id,s1_0.id,s1_0.title from sections s1_0 where s1_0.course_id=?
2026-03-11T15:16:28.368+05:30 DEBUG 12812 --- [backend] [http-nio-8081-exec-5] org.hibernate.SQL                        : select rui1_0.hackathon_id,rui1_0.registered_user_ids from hackathon_registered_user_ids rui1_0 where rui1_0.hackathon_id=?
2026-03-11T15:16:28.369+05:30 DEBUG 12812 --- [backend] [http-nio-8081-exec-6] org.hibernate.SQL                        : select s1_0.course_id,s1_0.id,s1_0.title from sections s1_0 where s1_0.course_id=?
2026-03-11T15:16:28.369+05:30 DEBUG 12812 --- [backend] [http-nio-8081-exec-5] org.hibernate.SQL                        : select rui1_0.hackathon_id,rui1_0.registered_user_ids from hackathon_registered_user_ids rui1_0 where rui1_0.hackathon_id=?
2026-03-11T15:16:28.371+05:30 DEBUG 12812 --- [backend] [http-nio-8081-exec-5] org.hibernate.SQL                        : select rui1_0.hackathon_id,rui1_0.registered_user_ids from hackathon_registered_user_ids rui1_0 where rui1_0.hackathon_id=?
2026-03-11T15:16:28.373+05:30 DEBUG 12812 --- [backend] [http-nio-8081-exec-5] org.hibernate.SQL                        : select rui1_0.hackathon_id,rui1_0.registered_user_ids from hackathon_registered_user_ids rui1_0 where rui1_0.hackathon_id=?
2026-03-11T15:16:28.375+05:30 DEBUG 12812 --- [backend] [http-nio-8081-exec-5] org.hibernate.SQL                        : select rui1_0.hackathon_id,rui1_0.registered_user_ids from hackathon_registered_user_ids rui1_0 where rui1_0.hackathon_id=?
2026-03-11T15:16:28.376+05:30 DEBUG 12812 --- [backend] [http-nio-8081-exec-5] org.hibernate.SQL                        : select rui1_0.hackathon_id,rui1_0.registered_user_ids from hackathon_registered_user_ids rui1_0 where rui1_0.hackathon_id=?
2026-03-11T15:16:28.376+05:30 DEBUG 12812 --- [backend] [http-nio-8081-exec-2] org.hibernate.SQL                        : select c1_0.id,c1_0.bg_color,c1_0.border_color,c1_0.color,c1_0.description,c1_0.discount,c1_0.domain,c1_0.duration,c1_0.gradient,c1_0.icon_name,c1_0.level,c1_0.live_link,c1_0.name,c1_0.shadow,c1_0.slug,c1_0.total_fee from courses c1_0
2026-03-11T15:16:28.381+05:30 DEBUG 12812 --- [backend] [http-nio-8081-exec-2] org.hibernate.SQL                        : select s1_0.course_id,s1_0.id,s1_0.title from sections s1_0 where s1_0.course_id=?
2026-03-11T15:16:28.385+05:30 DEBUG 12812 --- [backend] [http-nio-8081-exec-2] org.hibernate.SQL                        : select v1_0.section_id,v1_0.id,v1_0.duration,v1_0.title,v1_0.type,v1_0.url from videos v1_0 where v1_0.section_id=?
2026-03-11T15:16:28.388+05:30 DEBUG 12812 --- [backend] [http-nio-8081-exec-2] org.hibernate.SQL                        : select q1_0.section_id,q1_0.id,q1_0.description,q1_0.title from quizzes q1_0 where q1_0.section_id in (select s1_0.id from sections s1_0 where s1_0.course_id=?)
2026-03-11T15:16:28.390+05:30 DEBUG 12812 --- [backend] [http-nio-8081-exec-2] org.hibernate.SQL                        : select v1_0.section_id,v1_0.id,v1_0.duration,v1_0.title,v1_0.type,v1_0.url from videos v1_0 where v1_0.section_id=?
2026-03-11T15:16:28.392+05:30 DEBUG 12812 --- [backend] [http-nio-8081-exec-2] org.hibernate.SQL                        : select q1_0.quiz_id,q1_0.id,q1_0.correct_option_index,q1_0.question_text from questions q1_0 where q1_0.quiz_id=?
2026-03-11T15:16:28.394+05:30 DEBUG 12812 --- [backend] [http-nio-8081-exec-2] org.hibernate.SQL                        : select o1_0.question_id,o1_0.option_text from question_options o1_0 where o1_0.question_id=?
2026-03-11T15:16:28.394+05:30 DEBUG 12812 --- [backend] [http-nio-8081-exec-2] org.hibernate.SQL                        : select o1_0.question_id,o1_0.option_text from question_options o1_0 where o1_0.question_id=?
2026-03-11T15:16:28.397+05:30 DEBUG 12812 --- [backend] [http-nio-8081-exec-2] org.hibernate.SQL                        : select v1_0.section_id,v1_0.id,v1_0.duration,v1_0.title,v1_0.type,v1_0.url from videos v1_0 where v1_0.section_id=?
2026-03-11T15:16:28.399+05:30 DEBUG 12812 --- [backend] [http-nio-8081-exec-2] org.hibernate.SQL                        : select s1_0.course_id,s1_0.id,s1_0.title from sections s1_0 where s1_0.course_id=?
2026-03-11T15:16:28.399+05:30 DEBUG 12812 --- [backend] [http-nio-8081-exec-2] org.hibernate.SQL                        : select s1_0.course_id,s1_0.id,s1_0.title from sections s1_0 where s1_0.course_id=?
2026-03-11T15:16:28.403+05:30 DEBUG 12812 --- [backend] [http-nio-8081-exec-2] org.hibernate.SQL                        : select s1_0.course_id,s1_0.id,s1_0.title from sections s1_0 where s1_0.course_id=?
2026-03-11T15:16:28.405+05:30 DEBUG 12812 --- [backend] [http-nio-8081-exec-2] org.hibernate.SQL                        : select s1_0.course_id,s1_0.id,s1_0.title from sections s1_0 where s1_0.course_id=?
2026-03-11T15:16:28.405+05:30 DEBUG 12812 --- [backend] [http-nio-8081-exec-2] org.hibernate.SQL                        : select s1_0.course_id,s1_0.id,s1_0.title from sections s1_0 where s1_0.course_id=?
2026-03-11T15:16:28.407+05:30 DEBUG 12812 --- [backend] [http-nio-8081-exec-2] org.hibernate.SQL                        : select s1_0.course_id,s1_0.id,s1_0.title from sections s1_0 where s1_0.course_id=?
2026-03-11T15:16:28.407+05:30 DEBUG 12812 --- [backend] [http-nio-8081-exec-2] org.hibernate.SQL                        : select s1_0.course_id,s1_0.id,s1_0.title from sections s1_0 where s1_0.course_id=?
2026-03-11T15:16:28.411+05:30 DEBUG 12812 --- [backend] [http-nio-8081-exec-2] org.hibernate.SQL                        : select s1_0.course_id,s1_0.id,s1_0.title from sections s1_0 where s1_0.course_id=?
2026-03-11T15:16:28.491+05:30 DEBUG 12812 --- [backend] [http-nio-8081-exec-10] org.hibernate.SQL                        : select c1_0.id,c1_0.bg_color,c1_0.border_color,c1_0.color,c1_0.description,c1_0.discount,c1_0.domain,c1_0.duration,c1_0.gradient,c1_0.icon_name,c1_0.level,c1_0.live_link,c1_0.name,c1_0.shadow,c1_0.slug,c1_0.total_fee from courses c1_0
2026-03-11T15:16:28.495+05:30 DEBUG 12812 --- [backend] [http-nio-8081-exec-10] org.hibernate.SQL                        : select s1_0.course_id,s1_0.id,s1_0.title from sections s1_0 where s1_0.course_id=?
2026-03-11T15:16:28.497+05:30 DEBUG 12812 --- [backend] [http-nio-8081-exec-10] org.hibernate.SQL                        : select v1_0.section_id,v1_0.id,v1_0.duration,v1_0.title,v1_0.type,v1_0.url from videos v1_0 where v1_0.section_id=?
2026-03-11T15:16:28.499+05:30 DEBUG 12812 --- [backend] [http-nio-8081-exec-10] org.hibernate.SQL                        : select q1_0.section_id,q1_0.id,q1_0.description,q1_0.title from quizzes q1_0 where q1_0.section_id in (select s1_0.id from sections s1_0 where s1_0.course_id=?)
2026-03-11T15:16:28.501+05:30 DEBUG 12812 --- [backend] [http-nio-8081-exec-10] org.hibernate.SQL                        : select v1_0.section_id,v1_0.id,v1_0.duration,v1_0.title,v1_0.type,v1_0.url from videos v1_0 where v1_0.section_id=?
2026-03-11T15:16:28.503+05:30 DEBUG 12812 --- [backend] [http-nio-8081-exec-10] org.hibernate.SQL                        : select q1_0.quiz_id,q1_0.id,q1_0.correct_option_index,q1_0.question_text from questions q1_0 where q1_0.quiz_id=?
2026-03-11T15:16:28.506+05:30 DEBUG 12812 --- [backend] [http-nio-8081-exec-10] org.hibernate.SQL                        : select o1_0.question_id,o1_0.option_text from question_options o1_0 where o1_0.question_id=?
2026-03-11T15:16:28.506+05:30 DEBUG 12812 --- [backend] [http-nio-8081-exec-10] org.hibernate.SQL                        : select o1_0.question_id,o1_0.option_text from question_options o1_0 where o1_0.question_id=?
2026-03-11T15:16:28.510+05:30 DEBUG 12812 --- [backend] [http-nio-8081-exec-10] org.hibernate.SQL                        : select v1_0.section_id,v1_0.id,v1_0.duration,v1_0.title,v1_0.type,v1_0.url from videos v1_0 where v1_0.section_id=?
2026-03-11T15:16:28.511+05:30 DEBUG 12812 --- [backend] [http-nio-8081-exec-10] org.hibernate.SQL                        : select s1_0.course_id,s1_0.id,s1_0.title from sections s1_0 where s1_0.course_id=?
2026-03-11T15:16:28.511+05:30 DEBUG 12812 --- [backend] [http-nio-8081-exec-10] org.hibernate.SQL                        : select s1_0.course_id,s1_0.id,s1_0.title from sections s1_0 where s1_0.course_id=?
2026-03-11T15:16:28.515+05:30 DEBUG 12812 --- [backend] [http-nio-8081-exec-10] org.hibernate.SQL                        : select s1_0.course_id,s1_0.id,s1_0.title from sections s1_0 where s1_0.course_id=?
2026-03-11T15:16:28.515+05:30 DEBUG 12812 --- [backend] [http-nio-8081-exec-10] org.hibernate.SQL                        : select s1_0.course_id,s1_0.id,s1_0.title from sections s1_0 where s1_0.course_id=?
2026-03-11T15:16:28.517+05:30 DEBUG 12812 --- [backend] [http-nio-8081-exec-10] org.hibernate.SQL                        : select s1_0.course_id,s1_0.id,s1_0.title from sections s1_0 where s1_0.course_id=?
2026-03-11T15:16:28.517+05:30 DEBUG 12812 --- [backend] [http-nio-8081-exec-10] org.hibernate.SQL                        : select s1_0.course_id,s1_0.id,s1_0.title from sections s1_0 where s1_0.course_id=?
2026-03-11T15:16:28.519+05:30 DEBUG 12812 --- [backend] [http-nio-8081-exec-10] org.hibernate.SQL                        : select s1_0.course_id,s1_0.id,s1_0.title from sections s1_0 where s1_0.course_id=?
2026-03-11T15:16:28.521+05:30 DEBUG 12812 --- [backend] [http-nio-8081-exec-10] org.hibernate.SQL                        : select s1_0.course_id,s1_0.id,s1_0.title from sections s1_0 where s1_0.course_id=?
2026-03-11T15:16:28.527+05:30 DEBUG 12812 --- [backend] [http-nio-8081-exec-4] org.hibernate.SQL                        : select c1_0.id,c1_0.bg_color,c1_0.border_color,c1_0.color,c1_0.description,c1_0.discount,c1_0.domain,c1_0.duration,c1_0.gradient,c1_0.icon_name,c1_0.level,c1_0.live_link,c1_0.name,c1_0.shadow,c1_0.slug,c1_0.total_fee from courses c1_0
2026-03-11T15:16:28.531+05:30 DEBUG 12812 --- [backend] [http-nio-8081-exec-4] org.hibernate.SQL                        : select s1_0.course_id,s1_0.id,s1_0.title from sections s1_0 where s1_0.course_id=?
2026-03-11T15:16:28.531+05:30 DEBUG 12812 --- [backend] [http-nio-8081-exec-4] org.hibernate.SQL                        : select v1_0.section_id,v1_0.id,v1_0.duration,v1_0.title,v1_0.type,v1_0.url from videos v1_0 where v1_0.section_id=?
2026-03-11T15:16:28.539+05:30 DEBUG 12812 --- [backend] [http-nio-8081-exec-4] org.hibernate.SQL                        : select q1_0.section_id,q1_0.id,q1_0.description,q1_0.title from quizzes q1_0 where q1_0.section_id in (select s1_0.id from sections s1_0 where s1_0.course_id=?)
2026-03-11T15:16:28.539+05:30 DEBUG 12812 --- [backend] [http-nio-8081-exec-4] org.hibernate.SQL                        : select v1_0.section_id,v1_0.id,v1_0.duration,v1_0.title,v1_0.type,v1_0.url from videos v1_0 where v1_0.section_id=?
2026-03-11T15:16:28.542+05:30 DEBUG 12812 --- [backend] [http-nio-8081-exec-4] org.hibernate.SQL                        : select q1_0.quiz_id,q1_0.id,q1_0.correct_option_index,q1_0.question_text from questions q1_0 where q1_0.quiz_id=?
2026-03-11T15:16:28.542+05:30 DEBUG 12812 --- [backend] [http-nio-8081-exec-4] org.hibernate.SQL                        : select o1_0.question_id,o1_0.option_text from question_options o1_0 where o1_0.question_id=?
2026-03-11T15:16:28.542+05:30 DEBUG 12812 --- [backend] [http-nio-8081-exec-4] org.hibernate.SQL                        : select o1_0.question_id,o1_0.option_text from question_options o1_0 where o1_0.question_id=?
2026-03-11T15:16:28.542+05:30 DEBUG 12812 --- [backend] [http-nio-8081-exec-4] org.hibernate.SQL                        : select v1_0.section_id,v1_0.id,v1_0.duration,v1_0.title,v1_0.type,v1_0.url from videos v1_0 where v1_0.section_id=?
2026-03-11T15:16:28.547+05:30 DEBUG 12812 --- [backend] [http-nio-8081-exec-4] org.hibernate.SQL                        : select s1_0.course_id,s1_0.id,s1_0.title from sections s1_0 where s1_0.course_id=?
2026-03-11T15:16:28.549+05:30 DEBUG 12812 --- [backend] [http-nio-8081-exec-4] org.hibernate.SQL                        : select s1_0.course_id,s1_0.id,s1_0.title from sections s1_0 where s1_0.course_id=?
2026-03-11T15:16:28.549+05:30 DEBUG 12812 --- [backend] [http-nio-8081-exec-4] org.hibernate.SQL                        : select s1_0.course_id,s1_0.id,s1_0.title from sections s1_0 where s1_0.course_id=?
2026-03-11T15:16:28.549+05:30 DEBUG 12812 --- [backend] [http-nio-8081-exec-4] org.hibernate.SQL                        : select s1_0.course_id,s1_0.id,s1_0.title from sections s1_0 where s1_0.course_id=?
2026-03-11T15:16:28.549+05:30 DEBUG 12812 --- [backend] [http-nio-8081-exec-4] org.hibernate.SQL                        : select s1_0.course_id,s1_0.id,s1_0.title from sections s1_0 where s1_0.course_id=?
2026-03-11T15:16:28.554+05:30 DEBUG 12812 --- [backend] [http-nio-8081-exec-4] org.hibernate.SQL                        : select s1_0.course_id,s1_0.id,s1_0.title from sections s1_0 where s1_0.course_id=?
2026-03-11T15:16:28.555+05:30 DEBUG 12812 --- [backend] [http-nio-8081-exec-4] org.hibernate.SQL                        : select s1_0.course_id,s1_0.id,s1_0.title from sections s1_0 where s1_0.course_id=?
2026-03-11T15:16:28.558+05:30 DEBUG 12812 --- [backend] [http-nio-8081-exec-4] org.hibernate.SQL                        : select s1_0.course_id,s1_0.id,s1_0.title from sections s1_0 where s1_0.course_id=?
2026-03-11T15:16:28.565+05:30 DEBUG 12812 --- [backend] [http-nio-8081-exec-3] org.hibernate.SQL                        : select c1_0.id,c1_0.bg_color,c1_0.border_color,c1_0.color,c1_0.description,c1_0.discount,c1_0.domain,c1_0.duration,c1_0.gradient,c1_0.icon_name,c1_0.level,c1_0.live_link,c1_0.name,c1_0.shadow,c1_0.slug,c1_0.total_fee from courses c1_0
2026-03-11T15:16:28.574+05:30 DEBUG 12812 --- [backend] [http-nio-8081-exec-3] org.hibernate.SQL                        : select s1_0.course_id,s1_0.id,s1_0.title from sections s1_0 where s1_0.course_id=?
2026-03-11T15:16:28.576+05:30 DEBUG 12812 --- [backend] [http-nio-8081-exec-3] org.hibernate.SQL                        : select v1_0.section_id,v1_0.id,v1_0.duration,v1_0.title,v1_0.type,v1_0.url from videos v1_0 where v1_0.section_id=?
2026-03-11T15:16:28.576+05:30 DEBUG 12812 --- [backend] [http-nio-8081-exec-3] org.hibernate.SQL                        : select q1_0.section_id,q1_0.id,q1_0.description,q1_0.title from quizzes q1_0 where q1_0.section_id in (select s1_0.id from sections s1_0 where s1_0.course_id=?)
2026-03-11T15:16:28.576+05:30 DEBUG 12812 --- [backend] [http-nio-8081-exec-3] org.hibernate.SQL                        : select v1_0.section_id,v1_0.id,v1_0.duration,v1_0.title,v1_0.type,v1_0.url from videos v1_0 where v1_0.section_id=?
2026-03-11T15:16:28.582+05:30 DEBUG 12812 --- [backend] [http-nio-8081-exec-3] org.hibernate.SQL                        : select q1_0.quiz_id,q1_0.id,q1_0.correct_option_index,q1_0.question_text from questions q1_0 where q1_0.quiz_id=?
2026-03-11T15:16:28.582+05:30 DEBUG 12812 --- [backend] [http-nio-8081-exec-3] org.hibernate.SQL                        : select o1_0.question_id,o1_0.option_text from question_options o1_0 where o1_0.question_id=?
2026-03-11T15:16:28.584+05:30 DEBUG 12812 --- [backend] [http-nio-8081-exec-3] org.hibernate.SQL                        : select o1_0.question_id,o1_0.option_text from question_options o1_0 where o1_0.question_id=?
2026-03-11T15:16:28.586+05:30 DEBUG 12812 --- [backend] [http-nio-8081-exec-3] org.hibernate.SQL                        : select v1_0.section_id,v1_0.id,v1_0.duration,v1_0.title,v1_0.type,v1_0.url from videos v1_0 where v1_0.section_id=?
2026-03-11T15:16:28.590+05:30 DEBUG 12812 --- [backend] [http-nio-8081-exec-3] org.hibernate.SQL                        : select s1_0.course_id,s1_0.id,s1_0.title from sections s1_0 where s1_0.course_id=?
2026-03-11T15:16:28.591+05:30 DEBUG 12812 --- [backend] [http-nio-8081-exec-3] org.hibernate.SQL                        : select s1_0.course_id,s1_0.id,s1_0.title from sections s1_0 where s1_0.course_id=?
2026-03-11T15:16:28.592+05:30 DEBUG 12812 --- [backend] [http-nio-8081-exec-3] org.hibernate.SQL                        : select s1_0.course_id,s1_0.id,s1_0.title from sections s1_0 where s1_0.course_id=?
2026-03-11T15:16:28.592+05:30 DEBUG 12812 --- [backend] [http-nio-8081-exec-3] org.hibernate.SQL                        : select s1_0.course_id,s1_0.id,s1_0.title from sections s1_0 where s1_0.course_id=?
2026-03-11T15:16:28.592+05:30 DEBUG 12812 --- [backend] [http-nio-8081-exec-3] org.hibernate.SQL                        : select s1_0.course_id,s1_0.id,s1_0.title from sections s1_0 where s1_0.course_id=?
2026-03-11T15:16:28.597+05:30 DEBUG 12812 --- [backend] [http-nio-8081-exec-3] org.hibernate.SQL                        : select s1_0.course_id,s1_0.id,s1_0.title from sections s1_0 where s1_0.course_id=?
2026-03-11T15:16:28.599+05:30 DEBUG 12812 --- [backend] [http-nio-8081-exec-3] org.hibernate.SQL                        : select s1_0.course_id,s1_0.id,s1_0.title from sections s1_0 where s1_0.course_id=?
2026-03-11T15:16:28.599+05:30 DEBUG 12812 --- [backend] [http-nio-8081-exec-3] org.hibernate.SQL                        : select s1_0.course_id,s1_0.id,s1_0.title from sections s1_0 where s1_0.course_id=?
2026-03-11T15:16:28.612+05:30 DEBUG 12812 --- [backend] [http-nio-8081-exec-9] org.hibernate.SQL                        : select c1_0.id,c1_0.bg_color,c1_0.border_color,c1_0.color,c1_0.description,c1_0.discount,c1_0.domain,c1_0.duration,c1_0.gradient,c1_0.icon_name,c1_0.level,c1_0.live_link,c1_0.name,c1_0.shadow,c1_0.slug,c1_0.total_fee from courses c1_0
2026-03-11T15:16:28.615+05:30 DEBUG 12812 --- [backend] [http-nio-8081-exec-9] org.hibernate.SQL                        : select s1_0.course_id,s1_0.id,s1_0.title from sections s1_0 where s1_0.course_id=?
2026-03-11T15:16:28.617+05:30 DEBUG 12812 --- [backend] [http-nio-8081-exec-9] org.hibernate.SQL                        : select v1_0.section_id,v1_0.id,v1_0.duration,v1_0.title,v1_0.type,v1_0.url from videos v1_0 where v1_0.section_id=?
2026-03-11T15:16:28.622+05:30 DEBUG 12812 --- [backend] [http-nio-8081-exec-9] org.hibernate.SQL                        : select q1_0.section_id,q1_0.id,q1_0.description,q1_0.title from quizzes q1_0 where q1_0.section_id in (select s1_0.id from sections s1_0 where s1_0.course_id=?)
2026-03-11T15:16:28.624+05:30 DEBUG 12812 --- [backend] [http-nio-8081-exec-9] org.hibernate.SQL                        : select v1_0.section_id,v1_0.id,v1_0.duration,v1_0.title,v1_0.type,v1_0.url from videos v1_0 where v1_0.section_id=?
2026-03-11T15:16:28.627+05:30 DEBUG 12812 --- [backend] [http-nio-8081-exec-9] org.hibernate.SQL                        : select q1_0.quiz_id,q1_0.id,q1_0.correct_option_index,q1_0.question_text from questions q1_0 where q1_0.quiz_id=?
2026-03-11T15:16:28.627+05:30 DEBUG 12812 --- [backend] [http-nio-8081-exec-9] org.hibernate.SQL                        : select o1_0.question_id,o1_0.option_text from question_options o1_0 where o1_0.question_id=?
2026-03-11T15:16:28.627+05:30 DEBUG 12812 --- [backend] [http-nio-8081-exec-9] org.hibernate.SQL                        : select o1_0.question_id,o1_0.option_text from question_options o1_0 where o1_0.question_id=?
2026-03-11T15:16:28.631+05:30 DEBUG 12812 --- [backend] [http-nio-8081-exec-9] org.hibernate.SQL                        : select v1_0.section_id,v1_0.id,v1_0.duration,v1_0.title,v1_0.type,v1_0.url from videos v1_0 where v1_0.section_id=?
2026-03-11T15:16:28.631+05:30 DEBUG 12812 --- [backend] [http-nio-8081-exec-9] org.hibernate.SQL                        : select s1_0.course_id,s1_0.id,s1_0.title from sections s1_0 where s1_0.course_id=?
2026-03-11T15:16:28.634+05:30 DEBUG 12812 --- [backend] [http-nio-8081-exec-9] org.hibernate.SQL                        : select s1_0.course_id,s1_0.id,s1_0.title from sections s1_0 where s1_0.course_id=?
2026-03-11T15:16:28.634+05:30 DEBUG 12812 --- [backend] [http-nio-8081-exec-9] org.hibernate.SQL                        : select s1_0.course_id,s1_0.id,s1_0.title from sections s1_0 where s1_0.course_id=?
2026-03-11T15:16:28.636+05:30 DEBUG 12812 --- [backend] [http-nio-8081-exec-9] org.hibernate.SQL                        : select s1_0.course_id,s1_0.id,s1_0.title from sections s1_0 where s1_0.course_id=?
2026-03-11T15:16:28.640+05:30 DEBUG 12812 --- [backend] [http-nio-8081-exec-9] org.hibernate.SQL                        : select s1_0.course_id,s1_0.id,s1_0.title from sections s1_0 where s1_0.course_id=?
2026-03-11T15:16:28.642+05:30 DEBUG 12812 --- [backend] [http-nio-8081-exec-9] org.hibernate.SQL                        : select s1_0.course_id,s1_0.id,s1_0.title from sections s1_0 where s1_0.course_id=?
2026-03-11T15:16:28.643+05:30 DEBUG 12812 --- [backend] [http-nio-8081-exec-9] org.hibernate.SQL                        : select s1_0.course_id,s1_0.id,s1_0.title from sections s1_0 where s1_0.course_id=?
2026-03-11T15:16:28.643+05:30 DEBUG 12812 --- [backend] [http-nio-8081-exec-9] org.hibernate.SQL                        : select s1_0.course_id,s1_0.id,s1_0.title from sections s1_0 where s1_0.course_id=?
2026-03-11T15:16:28.653+05:30 DEBUG 12812 --- [backend] [http-nio-8081-exec-9] org.hibernate.SQL                        : select c1_0.id,c1_0.bg_color,c1_0.border_color,c1_0.color,c1_0.description,c1_0.discount,c1_0.domain,c1_0.duration,c1_0.gradient,c1_0.icon_name,c1_0.level,c1_0.live_link,c1_0.name,c1_0.shadow,c1_0.slug,c1_0.total_fee from courses c1_0
2026-03-11T15:16:28.658+05:30 DEBUG 12812 --- [backend] [http-nio-8081-exec-9] org.hibernate.SQL                        : select s1_0.course_id,s1_0.id,s1_0.title from sections s1_0 where s1_0.course_id=?
2026-03-11T15:16:28.662+05:30 DEBUG 12812 --- [backend] [http-nio-8081-exec-9] org.hibernate.SQL                        : select v1_0.section_id,v1_0.id,v1_0.duration,v1_0.title,v1_0.type,v1_0.url from videos v1_0 where v1_0.section_id=?
2026-03-11T15:16:28.665+05:30 DEBUG 12812 --- [backend] [http-nio-8081-exec-9] org.hibernate.SQL                        : select q1_0.section_id,q1_0.id,q1_0.description,q1_0.title from quizzes q1_0 where q1_0.section_id in (select s1_0.id from sections s1_0 where s1_0.course_id=?)
2026-03-11T15:16:28.666+05:30 DEBUG 12812 --- [backend] [http-nio-8081-exec-9] org.hibernate.SQL                        : select v1_0.section_id,v1_0.id,v1_0.duration,v1_0.title,v1_0.type,v1_0.url from videos v1_0 where v1_0.section_id=?
2026-03-11T15:16:28.666+05:30 DEBUG 12812 --- [backend] [http-nio-8081-exec-9] org.hibernate.SQL                        : select q1_0.quiz_id,q1_0.id,q1_0.correct_option_index,q1_0.question_text from questions q1_0 where q1_0.quiz_id=?
2026-03-11T15:16:28.671+05:30 DEBUG 12812 --- [backend] [http-nio-8081-exec-9] org.hibernate.SQL                        : select o1_0.question_id,o1_0.option_text from question_options o1_0 where o1_0.question_id=?
2026-03-11T15:16:28.672+05:30 DEBUG 12812 --- [backend] [http-nio-8081-exec-9] org.hibernate.SQL                        : select o1_0.question_id,o1_0.option_text from question_options o1_0 where o1_0.question_id=?
2026-03-11T15:16:28.673+05:30 DEBUG 12812 --- [backend] [http-nio-8081-exec-9] org.hibernate.SQL                        : select v1_0.section_id,v1_0.id,v1_0.duration,v1_0.title,v1_0.type,v1_0.url from videos v1_0 where v1_0.section_id=?
2026-03-11T15:16:28.676+05:30 DEBUG 12812 --- [backend] [http-nio-8081-exec-9] org.hibernate.SQL                        : select s1_0.course_id,s1_0.id,s1_0.title from sections s1_0 where s1_0.course_id=?
2026-03-11T15:16:28.676+05:30 DEBUG 12812 --- [backend] [http-nio-8081-exec-9] org.hibernate.SQL                        : select s1_0.course_id,s1_0.id,s1_0.title from sections s1_0 where s1_0.course_id=?
2026-03-11T15:16:28.680+05:30 DEBUG 12812 --- [backend] [http-nio-8081-exec-9] org.hibernate.SQL                        : select s1_0.course_id,s1_0.id,s1_0.title from sections s1_0 where s1_0.course_id=?
2026-03-11T15:16:28.682+05:30 DEBUG 12812 --- [backend] [http-nio-8081-exec-9] org.hibernate.SQL                        : select s1_0.course_id,s1_0.id,s1_0.title from sections s1_0 where s1_0.course_id=?
2026-03-11T15:16:28.682+05:30 DEBUG 12812 --- [backend] [http-nio-8081-exec-9] org.hibernate.SQL                        : select s1_0.course_id,s1_0.id,s1_0.title from sections s1_0 where s1_0.course_id=?
2026-03-11T15:16:28.682+05:30 DEBUG 12812 --- [backend] [http-nio-8081-exec-9] org.hibernate.SQL                        : select s1_0.course_id,s1_0.id,s1_0.title from sections s1_0 where s1_0.course_id=?
2026-03-11T15:16:28.686+05:30 DEBUG 12812 --- [backend] [http-nio-8081-exec-9] org.hibernate.SQL                        : select s1_0.course_id,s1_0.id,s1_0.title from sections s1_0 where s1_0.course_id=?
2026-03-11T15:16:28.688+05:30 DEBUG 12812 --- [backend] [http-nio-8081-exec-9] org.hibernate.SQL                        : select s1_0.course_id,s1_0.id,s1_0.title from sections s1_0 where s1_0.course_id=?
2026-03-11T15:16:28.699+05:30 DEBUG 12812 --- [backend] [http-nio-8081-exec-8] org.hibernate.SQL                        : select c1_0.id,c1_0.bg_color,c1_0.border_color,c1_0.color,c1_0.description,c1_0.discount,c1_0.domain,c1_0.duration,c1_0.gradient,c1_0.icon_name,c1_0.level,c1_0.live_link,c1_0.name,c1_0.shadow,c1_0.slug,c1_0.total_fee from courses c1_0
2026-03-11T15:16:28.707+05:30 DEBUG 12812 --- [backend] [http-nio-8081-exec-8] org.hibernate.SQL                        : select s1_0.course_id,s1_0.id,s1_0.title from sections s1_0 where s1_0.course_id=?
2026-03-11T15:16:28.708+05:30 DEBUG 12812 --- [backend] [http-nio-8081-exec-8] org.hibernate.SQL                        : select v1_0.section_id,v1_0.id,v1_0.duration,v1_0.title,v1_0.type,v1_0.url from videos v1_0 where v1_0.section_id=?
2026-03-11T15:16:28.712+05:30 DEBUG 12812 --- [backend] [http-nio-8081-exec-8] org.hibernate.SQL                        : select q1_0.section_id,q1_0.id,q1_0.description,q1_0.title from quizzes q1_0 where q1_0.section_id in (select s1_0.id from sections s1_0 where s1_0.course_id=?)
2026-03-11T15:16:28.715+05:30 DEBUG 12812 --- [backend] [http-nio-8081-exec-8] org.hibernate.SQL                        : select v1_0.section_id,v1_0.id,v1_0.duration,v1_0.title,v1_0.type,v1_0.url from videos v1_0 where v1_0.section_id=?
2026-03-11T15:16:28.716+05:30 DEBUG 12812 --- [backend] [http-nio-8081-exec-8] org.hibernate.SQL                        : select q1_0.quiz_id,q1_0.id,q1_0.correct_option_index,q1_0.question_text from questions q1_0 where q1_0.quiz_id=?
2026-03-11T15:16:28.720+05:30 DEBUG 12812 --- [backend] [http-nio-8081-exec-8] org.hibernate.SQL                        : select o1_0.question_id,o1_0.option_text from question_options o1_0 where o1_0.question_id=?
2026-03-11T15:16:28.721+05:30 DEBUG 12812 --- [backend] [http-nio-8081-exec-8] org.hibernate.SQL                        : select o1_0.question_id,o1_0.option_text from question_options o1_0 where o1_0.question_id=?
2026-03-11T15:16:28.724+05:30 DEBUG 12812 --- [backend] [http-nio-8081-exec-8] org.hibernate.SQL                        : select v1_0.section_id,v1_0.id,v1_0.duration,v1_0.title,v1_0.type,v1_0.url from videos v1_0 where v1_0.section_id=?
2026-03-11T15:16:28.726+05:30 DEBUG 12812 --- [backend] [http-nio-8081-exec-8] org.hibernate.SQL                        : select s1_0.course_id,s1_0.id,s1_0.title from sections s1_0 where s1_0.course_id=?
2026-03-11T15:16:28.726+05:30 DEBUG 12812 --- [backend] [http-nio-8081-exec-8] org.hibernate.SQL                        : select s1_0.course_id,s1_0.id,s1_0.title from sections s1_0 where s1_0.course_id=?
2026-03-11T15:16:28.726+05:30 DEBUG 12812 --- [backend] [http-nio-8081-exec-8] org.hibernate.SQL                        : select s1_0.course_id,s1_0.id,s1_0.title from sections s1_0 where s1_0.course_id=?
2026-03-11T15:16:28.730+05:30 DEBUG 12812 --- [backend] [http-nio-8081-exec-8] org.hibernate.SQL                        : select s1_0.course_id,s1_0.id,s1_0.title from sections s1_0 where s1_0.course_id=?
2026-03-11T15:16:28.732+05:30 DEBUG 12812 --- [backend] [http-nio-8081-exec-8] org.hibernate.SQL                        : select s1_0.course_id,s1_0.id,s1_0.title from sections s1_0 where s1_0.course_id=?
2026-03-11T15:16:28.733+05:30 DEBUG 12812 --- [backend] [http-nio-8081-exec-8] org.hibernate.SQL                        : select s1_0.course_id,s1_0.id,s1_0.title from sections s1_0 where s1_0.course_id=?
2026-03-11T15:16:28.739+05:30 DEBUG 12812 --- [backend] [http-nio-8081-exec-8] org.hibernate.SQL                        : select s1_0.course_id,s1_0.id,s1_0.title from sections s1_0 where s1_0.course_id=?
2026-03-11T15:16:28.740+05:30 DEBUG 12812 --- [backend] [http-nio-8081-exec-8] org.hibernate.SQL                        : select s1_0.course_id,s1_0.id,s1_0.title from sections s1_0 where s1_0.course_id=?
2026-03-11T15:16:28.749+05:30 DEBUG 12812 --- [backend] [http-nio-8081-exec-1] org.hibernate.SQL                        : select c1_0.id,c1_0.bg_color,c1_0.border_color,c1_0.color,c1_0.description,c1_0.discount,c1_0.domain,c1_0.duration,c1_0.gradient,c1_0.icon_name,c1_0.level,c1_0.live_link,c1_0.name,c1_0.shadow,c1_0.slug,c1_0.total_fee from courses c1_0
2026-03-11T15:16:28.757+05:30 DEBUG 12812 --- [backend] [http-nio-8081-exec-1] org.hibernate.SQL                        : select s1_0.course_id,s1_0.id,s1_0.title from sections s1_0 where s1_0.course_id=?
2026-03-11T15:16:28.761+05:30 DEBUG 12812 --- [backend] [http-nio-8081-exec-1] org.hibernate.SQL                        : select v1_0.section_id,v1_0.id,v1_0.duration,v1_0.title,v1_0.type,v1_0.url from videos v1_0 where v1_0.section_id=?
2026-03-11T15:16:28.764+05:30 DEBUG 12812 --- [backend] [http-nio-8081-exec-1] org.hibernate.SQL                        : select q1_0.section_id,q1_0.id,q1_0.description,q1_0.title from quizzes q1_0 where q1_0.section_id in (select s1_0.id from sections s1_0 where s1_0.course_id=?)
2026-03-11T15:16:28.765+05:30 DEBUG 12812 --- [backend] [http-nio-8081-exec-1] org.hibernate.SQL                        : select v1_0.section_id,v1_0.id,v1_0.duration,v1_0.title,v1_0.type,v1_0.url from videos v1_0 where v1_0.section_id=?
2026-03-11T15:16:28.767+05:30 DEBUG 12812 --- [backend] [http-nio-8081-exec-1] org.hibernate.SQL                        : select q1_0.quiz_id,q1_0.id,q1_0.correct_option_index,q1_0.question_text from questions q1_0 where q1_0.quiz_id=?
2026-03-11T15:16:28.767+05:30 DEBUG 12812 --- [backend] [http-nio-8081-exec-1] org.hibernate.SQL                        : select o1_0.question_id,o1_0.option_text from question_options o1_0 where o1_0.question_id=?
2026-03-11T15:16:28.767+05:30 DEBUG 12812 --- [backend] [http-nio-8081-exec-1] org.hibernate.SQL                        : select o1_0.question_id,o1_0.option_text from question_options o1_0 where o1_0.question_id=?
2026-03-11T15:16:28.773+05:30 DEBUG 12812 --- [backend] [http-nio-8081-exec-1] org.hibernate.SQL                        : select v1_0.section_id,v1_0.id,v1_0.duration,v1_0.title,v1_0.type,v1_0.url from videos v1_0 where v1_0.section_id=?
2026-03-11T15:16:28.775+05:30 DEBUG 12812 --- [backend] [http-nio-8081-exec-1] org.hibernate.SQL                        : select s1_0.course_id,s1_0.id,s1_0.title from sections s1_0 where s1_0.course_id=?
2026-03-11T15:16:28.777+05:30 DEBUG 12812 --- [backend] [http-nio-8081-exec-1] org.hibernate.SQL                        : select s1_0.course_id,s1_0.id,s1_0.title from sections s1_0 where s1_0.course_id=?
2026-03-11T15:16:28.779+05:30 DEBUG 12812 --- [backend] [http-nio-8081-exec-1] org.hibernate.SQL                        : select s1_0.course_id,s1_0.id,s1_0.title from sections s1_0 where s1_0.course_id=?
2026-03-11T15:16:28.780+05:30 DEBUG 12812 --- [backend] [http-nio-8081-exec-1] org.hibernate.SQL                        : select s1_0.course_id,s1_0.id,s1_0.title from sections s1_0 where s1_0.course_id=?
2026-03-11T15:16:28.781+05:30 DEBUG 12812 --- [backend] [http-nio-8081-exec-1] org.hibernate.SQL                        : select s1_0.course_id,s1_0.id,s1_0.title from sections s1_0 where s1_0.course_id=?
2026-03-11T15:16:28.785+05:30 DEBUG 12812 --- [backend] [http-nio-8081-exec-1] org.hibernate.SQL                        : select s1_0.course_id,s1_0.id,s1_0.title from sections s1_0 where s1_0.course_id=?
2026-03-11T15:16:28.787+05:30 DEBUG 12812 --- [backend] [http-nio-8081-exec-1] org.hibernate.SQL                        : select s1_0.course_id,s1_0.id,s1_0.title from sections s1_0 where s1_0.course_id=?
2026-03-11T15:16:28.789+05:30 DEBUG 12812 --- [backend] [http-nio-8081-exec-1] org.hibernate.SQL                        : select s1_0.course_id,s1_0.id,s1_0.title from sections s1_0 where s1_0.course_id=?
2026-03-11T15:16:28.799+05:30 DEBUG 12812 --- [backend] [http-nio-8081-exec-6] org.hibernate.SQL                        : select c1_0.id,c1_0.bg_color,c1_0.border_color,c1_0.color,c1_0.description,c1_0.discount,c1_0.domain,c1_0.duration,c1_0.gradient,c1_0.icon_name,c1_0.level,c1_0.live_link,c1_0.name,c1_0.shadow,c1_0.slug,c1_0.total_fee from courses c1_0
2026-03-11T15:16:28.808+05:30 DEBUG 12812 --- [backend] [http-nio-8081-exec-6] org.hibernate.SQL                        : select s1_0.course_id,s1_0.id,s1_0.title from sections s1_0 where s1_0.course_id=?
2026-03-11T15:16:28.812+05:30 DEBUG 12812 --- [backend] [http-nio-8081-exec-6] org.hibernate.SQL                        : select v1_0.section_id,v1_0.id,v1_0.duration,v1_0.title,v1_0.type,v1_0.url from videos v1_0 where v1_0.section_id=?
2026-03-11T15:16:28.850+05:30 DEBUG 12812 --- [backend] [http-nio-8081-exec-6] org.hibernate.SQL                        : select q1_0.section_id,q1_0.id,q1_0.description,q1_0.title from quizzes q1_0 where q1_0.section_id in (select s1_0.id from sections s1_0 where s1_0.course_id=?)
2026-03-11T15:16:28.853+05:30 DEBUG 12812 --- [backend] [http-nio-8081-exec-6] org.hibernate.SQL                        : select v1_0.section_id,v1_0.id,v1_0.duration,v1_0.title,v1_0.type,v1_0.url from videos v1_0 where v1_0.section_id=?
2026-03-11T15:16:28.855+05:30 DEBUG 12812 --- [backend] [http-nio-8081-exec-6] org.hibernate.SQL                        : select q1_0.quiz_id,q1_0.id,q1_0.correct_option_index,q1_0.question_text from questions q1_0 where q1_0.quiz_id=?
2026-03-11T15:16:28.857+05:30 DEBUG 12812 --- [backend] [http-nio-8081-exec-6] org.hibernate.SQL                        : select o1_0.question_id,o1_0.option_text from question_options o1_0 where o1_0.question_id=?
2026-03-11T15:16:28.858+05:30 DEBUG 12812 --- [backend] [http-nio-8081-exec-6] org.hibernate.SQL                        : select o1_0.question_id,o1_0.option_text from question_options o1_0 where o1_0.question_id=?
2026-03-11T15:16:28.861+05:30 DEBUG 12812 --- [backend] [http-nio-8081-exec-6] org.hibernate.SQL                        : select v1_0.section_id,v1_0.id,v1_0.duration,v1_0.title,v1_0.type,v1_0.url from videos v1_0 where v1_0.section_id=?
2026-03-11T15:16:28.864+05:30 DEBUG 12812 --- [backend] [http-nio-8081-exec-6] org.hibernate.SQL                        : select s1_0.course_id,s1_0.id,s1_0.title from sections s1_0 where s1_0.course_id=?
2026-03-11T15:16:28.865+05:30 DEBUG 12812 --- [backend] [http-nio-8081-exec-6] org.hibernate.SQL                        : select s1_0.course_id,s1_0.id,s1_0.title from sections s1_0 where s1_0.course_id=?
2026-03-11T15:16:28.868+05:30 DEBUG 12812 --- [backend] [http-nio-8081-exec-6] org.hibernate.SQL                        : select s1_0.course_id,s1_0.id,s1_0.title from sections s1_0 where s1_0.course_id=?
2026-03-11T15:16:28.869+05:30 DEBUG 12812 --- [backend] [http-nio-8081-exec-6] org.hibernate.SQL                        : select s1_0.course_id,s1_0.id,s1_0.title from sections s1_0 where s1_0.course_id=?
2026-03-11T15:16:28.872+05:30 DEBUG 12812 --- [backend] [http-nio-8081-exec-6] org.hibernate.SQL                        : select s1_0.course_id,s1_0.id,s1_0.title from sections s1_0 where s1_0.course_id=?
2026-03-11T15:16:28.874+05:30 DEBUG 12812 --- [backend] [http-nio-8081-exec-6] org.hibernate.SQL                        : select s1_0.course_id,s1_0.id,s1_0.title from sections s1_0 where s1_0.course_id=?
2026-03-11T15:16:28.876+05:30 DEBUG 12812 --- [backend] [http-nio-8081-exec-6] org.hibernate.SQL                        : select s1_0.course_id,s1_0.id,s1_0.title from sections s1_0 where s1_0.course_id=?
2026-03-11T15:16:28.879+05:30 DEBUG 12812 --- [backend] [http-nio-8081-exec-6] org.hibernate.SQL                        : select s1_0.course_id,s1_0.id,s1_0.title from sections s1_0 where s1_0.course_id=?
2026-03-11T15:16:28.892+05:30 DEBUG 12812 --- [backend] [http-nio-8081-exec-5] org.hibernate.SQL                        : select c1_0.id,c1_0.bg_color,c1_0.border_color,c1_0.color,c1_0.description,c1_0.discount,c1_0.domain,c1_0.duration,c1_0.gradient,c1_0.icon_name,c1_0.level,c1_0.live_link,c1_0.name,c1_0.shadow,c1_0.slug,c1_0.total_fee from courses c1_0
2026-03-11T15:16:28.899+05:30 DEBUG 12812 --- [backend] [http-nio-8081-exec-5] org.hibernate.SQL                        : select s1_0.course_id,s1_0.id,s1_0.title from sections s1_0 where s1_0.course_id=?
2026-03-11T15:16:28.902+05:30 DEBUG 12812 --- [backend] [http-nio-8081-exec-5] org.hibernate.SQL                        : select v1_0.section_id,v1_0.id,v1_0.duration,v1_0.title,v1_0.type,v1_0.url from videos v1_0 where v1_0.section_id=?
2026-03-11T15:16:28.910+05:30 DEBUG 12812 --- [backend] [http-nio-8081-exec-5] org.hibernate.SQL                        : select q1_0.section_id,q1_0.id,q1_0.description,q1_0.title from quizzes q1_0 where q1_0.section_id in (select s1_0.id from sections s1_0 where s1_0.course_id=?)
2026-03-11T15:16:28.911+05:30 DEBUG 12812 --- [backend] [http-nio-8081-exec-5] org.hibernate.SQL                        : select v1_0.section_id,v1_0.id,v1_0.duration,v1_0.title,v1_0.type,v1_0.url from videos v1_0 where v1_0.section_id=?
2026-03-11T15:16:28.911+05:30 DEBUG 12812 --- [backend] [http-nio-8081-exec-5] org.hibernate.SQL                        : select q1_0.quiz_id,q1_0.id,q1_0.correct_option_index,q1_0.question_text from questions q1_0 where q1_0.quiz_id=?
2026-03-11T15:16:28.919+05:30 DEBUG 12812 --- [backend] [http-nio-8081-exec-5] org.hibernate.SQL                        : select o1_0.question_id,o1_0.option_text from question_options o1_0 where o1_0.question_id=?
2026-03-11T15:16:28.922+05:30 DEBUG 12812 --- [backend] [http-nio-8081-exec-5] org.hibernate.SQL                        : select o1_0.question_id,o1_0.option_text from question_options o1_0 where o1_0.question_id=?
2026-03-11T15:16:28.925+05:30 DEBUG 12812 --- [backend] [http-nio-8081-exec-5] org.hibernate.SQL                        : select v1_0.section_id,v1_0.id,v1_0.duration,v1_0.title,v1_0.type,v1_0.url from videos v1_0 where v1_0.section_id=?
2026-03-11T15:16:28.925+05:30 DEBUG 12812 --- [backend] [http-nio-8081-exec-5] org.hibernate.SQL                        : select s1_0.course_id,s1_0.id,s1_0.title from sections s1_0 where s1_0.course_id=?
2026-03-11T15:16:28.927+05:30 DEBUG 12812 --- [backend] [http-nio-8081-exec-5] org.hibernate.SQL                        : select s1_0.course_id,s1_0.id,s1_0.title from sections s1_0 where s1_0.course_id=?
2026-03-11T15:16:28.929+05:30 DEBUG 12812 --- [backend] [http-nio-8081-exec-5] org.hibernate.SQL                        : select s1_0.course_id,s1_0.id,s1_0.title from sections s1_0 where s1_0.course_id=?
2026-03-11T15:16:28.930+05:30 DEBUG 12812 --- [backend] [http-nio-8081-exec-5] org.hibernate.SQL                        : select s1_0.course_id,s1_0.id,s1_0.title from sections s1_0 where s1_0.course_id=?
2026-03-11T15:16:28.932+05:30 DEBUG 12812 --- [backend] [http-nio-8081-exec-5] org.hibernate.SQL                        : select s1_0.course_id,s1_0.id,s1_0.title from sections s1_0 where s1_0.course_id=?
2026-03-11T15:16:28.932+05:30 DEBUG 12812 --- [backend] [http-nio-8081-exec-5] org.hibernate.SQL                        : select s1_0.course_id,s1_0.id,s1_0.title from sections s1_0 where s1_0.course_id=?
2026-03-11T15:16:28.936+05:30 DEBUG 12812 --- [backend] [http-nio-8081-exec-5] org.hibernate.SQL                        : select s1_0.course_id,s1_0.id,s1_0.title from sections s1_0 where s1_0.course_id=?
2026-03-11T15:16:28.938+05:30 DEBUG 12812 --- [backend] [http-nio-8081-exec-5] org.hibernate.SQL                        : select s1_0.course_id,s1_0.id,s1_0.title from sections s1_0 where s1_0.course_id=?
2026-03-11T15:16:28.955+05:30 DEBUG 12812 --- [backend] [http-nio-8081-exec-2] org.hibernate.SQL                        : select c1_0.id,c1_0.bg_color,c1_0.border_color,c1_0.color,c1_0.description,c1_0.discount,c1_0.domain,c1_0.duration,c1_0.gradient,c1_0.icon_name,c1_0.level,c1_0.live_link,c1_0.name,c1_0.shadow,c1_0.slug,c1_0.total_fee from courses c1_0
2026-03-11T15:16:28.961+05:30 DEBUG 12812 --- [backend] [http-nio-8081-exec-2] org.hibernate.SQL                        : select s1_0.course_id,s1_0.id,s1_0.title from sections s1_0 where s1_0.course_id=?
2026-03-11T15:16:28.964+05:30 DEBUG 12812 --- [backend] [http-nio-8081-exec-2] org.hibernate.SQL                        : select v1_0.section_id,v1_0.id,v1_0.duration,v1_0.title,v1_0.type,v1_0.url from videos v1_0 where v1_0.section_id=?
2026-03-11T15:16:28.966+05:30 DEBUG 12812 --- [backend] [http-nio-8081-exec-2] org.hibernate.SQL                        : select q1_0.section_id,q1_0.id,q1_0.description,q1_0.title from quizzes q1_0 where q1_0.section_id in (select s1_0.id from sections s1_0 where s1_0.course_id=?)
2026-03-11T15:16:28.975+05:30 DEBUG 12812 --- [backend] [http-nio-8081-exec-2] org.hibernate.SQL                        : select v1_0.section_id,v1_0.id,v1_0.duration,v1_0.title,v1_0.type,v1_0.url from videos v1_0 where v1_0.section_id=?
2026-03-11T15:16:28.978+05:30 DEBUG 12812 --- [backend] [http-nio-8081-exec-2] org.hibernate.SQL                        : select q1_0.quiz_id,q1_0.id,q1_0.correct_option_index,q1_0.question_text from questions q1_0 where q1_0.quiz_id=?
2026-03-11T15:16:28.978+05:30 DEBUG 12812 --- [backend] [http-nio-8081-exec-2] org.hibernate.SQL                        : select o1_0.question_id,o1_0.option_text from question_options o1_0 where o1_0.question_id=?
2026-03-11T15:16:28.978+05:30 DEBUG 12812 --- [backend] [http-nio-8081-exec-2] org.hibernate.SQL                        : select o1_0.question_id,o1_0.option_text from question_options o1_0 where o1_0.question_id=?
2026-03-11T15:16:28.985+05:30 DEBUG 12812 --- [backend] [http-nio-8081-exec-2] org.hibernate.SQL                        : select v1_0.section_id,v1_0.id,v1_0.duration,v1_0.title,v1_0.type,v1_0.url from videos v1_0 where v1_0.section_id=?
2026-03-11T15:16:28.991+05:30 DEBUG 12812 --- [backend] [http-nio-8081-exec-2] org.hibernate.SQL                        : select s1_0.course_id,s1_0.id,s1_0.title from sections s1_0 where s1_0.course_id=?
2026-03-11T15:16:28.997+05:30 DEBUG 12812 --- [backend] [http-nio-8081-exec-2] org.hibernate.SQL                        : select s1_0.course_id,s1_0.id,s1_0.title from sections s1_0 where s1_0.course_id=?
2026-03-11T15:16:28.997+05:30 DEBUG 12812 --- [backend] [http-nio-8081-exec-2] org.hibernate.SQL                        : select s1_0.course_id,s1_0.id,s1_0.title from sections s1_0 where s1_0.course_id=?
2026-03-11T15:16:29.001+05:30 DEBUG 12812 --- [backend] [http-nio-8081-exec-2] org.hibernate.SQL                        : select s1_0.course_id,s1_0.id,s1_0.title from sections s1_0 where s1_0.course_id=?
2026-03-11T15:16:29.003+05:30 DEBUG 12812 --- [backend] [http-nio-8081-exec-2] org.hibernate.SQL                        : select s1_0.course_id,s1_0.id,s1_0.title from sections s1_0 where s1_0.course_id=?
2026-03-11T15:16:29.006+05:30 DEBUG 12812 --- [backend] [http-nio-8081-exec-2] org.hibernate.SQL                        : select s1_0.course_id,s1_0.id,s1_0.title from sections s1_0 where s1_0.course_id=?
2026-03-11T15:16:29.007+05:30 DEBUG 12812 --- [backend] [http-nio-8081-exec-2] org.hibernate.SQL                        : select s1_0.course_id,s1_0.id,s1_0.title from sections s1_0 where s1_0.course_id=?
2026-03-11T15:16:29.014+05:30 DEBUG 12812 --- [backend] [http-nio-8081-exec-2] org.hibernate.SQL                        : select s1_0.course_id,s1_0.id,s1_0.title from sections s1_0 where s1_0.course_id=?
2026-03-11T15:16:29.026+05:30 DEBUG 12812 --- [backend] [http-nio-8081-exec-10] org.hibernate.SQL                        : select c1_0.id,c1_0.bg_color,c1_0.border_color,c1_0.color,c1_0.description,c1_0.discount,c1_0.domain,c1_0.duration,c1_0.gradient,c1_0.icon_name,c1_0.level,c1_0.live_link,c1_0.name,c1_0.shadow,c1_0.slug,c1_0.total_fee from courses c1_0
2026-03-11T15:16:29.039+05:30 DEBUG 12812 --- [backend] [http-nio-8081-exec-10] org.hibernate.SQL                        : select s1_0.course_id,s1_0.id,s1_0.title from sections s1_0 where s1_0.course_id=?
2026-03-11T15:16:29.042+05:30 DEBUG 12812 --- [backend] [http-nio-8081-exec-10] org.hibernate.SQL                        : select v1_0.section_id,v1_0.id,v1_0.duration,v1_0.title,v1_0.type,v1_0.url from videos v1_0 where v1_0.section_id=?
2026-03-11T15:16:29.049+05:30 DEBUG 12812 --- [backend] [http-nio-8081-exec-10] org.hibernate.SQL                        : select q1_0.section_id,q1_0.id,q1_0.description,q1_0.title from quizzes q1_0 where q1_0.section_id in (select s1_0.id from sections s1_0 where s1_0.course_id=?)
2026-03-11T15:16:29.052+05:30 DEBUG 12812 --- [backend] [http-nio-8081-exec-10] org.hibernate.SQL                        : select v1_0.section_id,v1_0.id,v1_0.duration,v1_0.title,v1_0.type,v1_0.url from videos v1_0 where v1_0.section_id=?
2026-03-11T15:16:29.053+05:30 DEBUG 12812 --- [backend] [http-nio-8081-exec-10] org.hibernate.SQL                        : select q1_0.quiz_id,q1_0.id,q1_0.correct_option_index,q1_0.question_text from questions q1_0 where q1_0.quiz_id=?
2026-03-11T15:16:29.055+05:30 DEBUG 12812 --- [backend] [http-nio-8081-exec-10] org.hibernate.SQL                        : select o1_0.question_id,o1_0.option_text from question_options o1_0 where o1_0.question_id=?
2026-03-11T15:16:29.055+05:30 DEBUG 12812 --- [backend] [http-nio-8081-exec-10] org.hibernate.SQL                        : select o1_0.question_id,o1_0.option_text from question_options o1_0 where o1_0.question_id=?
2026-03-11T15:16:29.055+05:30 DEBUG 12812 --- [backend] [http-nio-8081-exec-10] org.hibernate.SQL                        : select v1_0.section_id,v1_0.id,v1_0.duration,v1_0.title,v1_0.type,v1_0.url from videos v1_0 where v1_0.section_id=?
2026-03-11T15:16:29.063+05:30 DEBUG 12812 --- [backend] [http-nio-8081-exec-10] org.hibernate.SQL                        : select s1_0.course_id,s1_0.id,s1_0.title from sections s1_0 where s1_0.course_id=?
2026-03-11T15:16:29.064+05:30 DEBUG 12812 --- [backend] [http-nio-8081-exec-10] org.hibernate.SQL                        : select s1_0.course_id,s1_0.id,s1_0.title from sections s1_0 where s1_0.course_id=?
2026-03-11T15:16:29.067+05:30 DEBUG 12812 --- [backend] [http-nio-8081-exec-10] org.hibernate.SQL                        : select s1_0.course_id,s1_0.id,s1_0.title from sections s1_0 where s1_0.course_id=?
2026-03-11T15:16:29.071+05:30 DEBUG 12812 --- [backend] [http-nio-8081-exec-10] org.hibernate.SQL                        : select s1_0.course_id,s1_0.id,s1_0.title from sections s1_0 where s1_0.course_id=?
2026-03-11T15:16:29.076+05:30 DEBUG 12812 --- [backend] [http-nio-8081-exec-10] org.hibernate.SQL                        : select s1_0.course_id,s1_0.id,s1_0.title from sections s1_0 where s1_0.course_id=?
2026-03-11T15:16:29.078+05:30 DEBUG 12812 --- [backend] [http-nio-8081-exec-10] org.hibernate.SQL                        : select s1_0.course_id,s1_0.id,s1_0.title from sections s1_0 where s1_0.course_id=?
2026-03-11T15:16:29.080+05:30 DEBUG 12812 --- [backend] [http-nio-8081-exec-10] org.hibernate.SQL                        : select s1_0.course_id,s1_0.id,s1_0.title from sections s1_0 where s1_0.course_id=?
2026-03-11T15:16:29.080+05:30 DEBUG 12812 --- [backend] [http-nio-8081-exec-10] org.hibernate.SQL                        : select s1_0.course_id,s1_0.id,s1_0.title from sections s1_0 where s1_0.course_id=?
2026-03-11T15:16:29.093+05:30 DEBUG 12812 --- [backend] [http-nio-8081-exec-4] org.hibernate.SQL                        : select c1_0.id,c1_0.bg_color,c1_0.border_color,c1_0.color,c1_0.description,c1_0.discount,c1_0.domain,c1_0.duration,c1_0.gradient,c1_0.icon_name,c1_0.level,c1_0.live_link,c1_0.name,c1_0.shadow,c1_0.slug,c1_0.total_fee from courses c1_0
2026-03-11T15:16:29.104+05:30 DEBUG 12812 --- [backend] [http-nio-8081-exec-4] org.hibernate.SQL                        : select s1_0.course_id,s1_0.id,s1_0.title from sections s1_0 where s1_0.course_id=?
2026-03-11T15:16:29.104+05:30 DEBUG 12812 --- [backend] [http-nio-8081-exec-4] org.hibernate.SQL                        : select v1_0.section_id,v1_0.id,v1_0.duration,v1_0.title,v1_0.type,v1_0.url from videos v1_0 where v1_0.section_id=?
2026-03-11T15:16:29.104+05:30 DEBUG 12812 --- [backend] [http-nio-8081-exec-4] org.hibernate.SQL                        : select q1_0.section_id,q1_0.id,q1_0.description,q1_0.title from quizzes q1_0 where q1_0.section_id in (select s1_0.id from sections s1_0 where s1_0.course_id=?)
2026-03-11T15:16:29.113+05:30 DEBUG 12812 --- [backend] [http-nio-8081-exec-4] org.hibernate.SQL                        : select v1_0.section_id,v1_0.id,v1_0.duration,v1_0.title,v1_0.type,v1_0.url from videos v1_0 where v1_0.section_id=?
2026-03-11T15:16:29.113+05:30 DEBUG 12812 --- [backend] [http-nio-8081-exec-4] org.hibernate.SQL                        : select q1_0.quiz_id,q1_0.id,q1_0.correct_option_index,q1_0.question_text from questions q1_0 where q1_0.quiz_id=?
2026-03-11T15:16:29.118+05:30 DEBUG 12812 --- [backend] [http-nio-8081-exec-4] org.hibernate.SQL                        : select o1_0.question_id,o1_0.option_text from question_options o1_0 where o1_0.question_id=?
2026-03-11T15:16:29.120+05:30 DEBUG 12812 --- [backend] [http-nio-8081-exec-4] org.hibernate.SQL                        : select o1_0.question_id,o1_0.option_text from question_options o1_0 where o1_0.question_id=?
2026-03-11T15:16:29.122+05:30 DEBUG 12812 --- [backend] [http-nio-8081-exec-4] org.hibernate.SQL                        : select v1_0.section_id,v1_0.id,v1_0.duration,v1_0.title,v1_0.type,v1_0.url from videos v1_0 where v1_0.section_id=?
2026-03-11T15:16:29.122+05:30 DEBUG 12812 --- [backend] [http-nio-8081-exec-4] org.hibernate.SQL                        : select s1_0.course_id,s1_0.id,s1_0.title from sections s1_0 where s1_0.course_id=?
2026-03-11T15:16:29.128+05:30 DEBUG 12812 --- [backend] [http-nio-8081-exec-4] org.hibernate.SQL                        : select s1_0.course_id,s1_0.id,s1_0.title from sections s1_0 where s1_0.course_id=?
2026-03-11T15:16:29.128+05:30 DEBUG 12812 --- [backend] [http-nio-8081-exec-4] org.hibernate.SQL                        : select s1_0.course_id,s1_0.id,s1_0.title from sections s1_0 where s1_0.course_id=?
2026-03-11T15:16:29.128+05:30 DEBUG 12812 --- [backend] [http-nio-8081-exec-4] org.hibernate.SQL                        : select s1_0.course_id,s1_0.id,s1_0.title from sections s1_0 where s1_0.course_id=?
2026-03-11T15:16:29.137+05:30 DEBUG 12812 --- [backend] [http-nio-8081-exec-4] org.hibernate.SQL                        : select s1_0.course_id,s1_0.id,s1_0.title from sections s1_0 where s1_0.course_id=?
2026-03-11T15:16:29.139+05:30 DEBUG 12812 --- [backend] [http-nio-8081-exec-4] org.hibernate.SQL                        : select s1_0.course_id,s1_0.id,s1_0.title from sections s1_0 where s1_0.course_id=?
2026-03-11T15:16:29.142+05:30 DEBUG 12812 --- [backend] [http-nio-8081-exec-4] org.hibernate.SQL                        : select s1_0.course_id,s1_0.id,s1_0.title from sections s1_0 where s1_0.course_id=?
2026-03-11T15:16:29.144+05:30 DEBUG 12812 --- [backend] [http-nio-8081-exec-4] org.hibernate.SQL                        : select s1_0.course_id,s1_0.id,s1_0.title from sections s1_0 where s1_0.course_id=?
2026-03-11T15:16:29.164+05:30 DEBUG 12812 --- [backend] [http-nio-8081-exec-4] org.hibernate.SQL                        : select c1_0.id,c1_0.bg_color,c1_0.border_color,c1_0.color,c1_0.description,c1_0.discount,c1_0.domain,c1_0.duration,c1_0.gradient,c1_0.icon_name,c1_0.level,c1_0.live_link,c1_0.name,c1_0.shadow,c1_0.slug,c1_0.total_fee from courses c1_0
2026-03-11T15:16:29.172+05:30 DEBUG 12812 --- [backend] [http-nio-8081-exec-4] org.hibernate.SQL                        : select s1_0.course_id,s1_0.id,s1_0.title from sections s1_0 where s1_0.course_id=?
2026-03-11T15:16:29.174+05:30 DEBUG 12812 --- [backend] [http-nio-8081-exec-4] org.hibernate.SQL                        : select v1_0.section_id,v1_0.id,v1_0.duration,v1_0.title,v1_0.type,v1_0.url from videos v1_0 where v1_0.section_id=?
2026-03-11T15:16:29.178+05:30 DEBUG 12812 --- [backend] [http-nio-8081-exec-4] org.hibernate.SQL                        : select q1_0.section_id,q1_0.id,q1_0.description,q1_0.title from quizzes q1_0 where q1_0.section_id in (select s1_0.id from sections s1_0 where s1_0.course_id=?)
2026-03-11T15:16:29.178+05:30 DEBUG 12812 --- [backend] [http-nio-8081-exec-4] org.hibernate.SQL                        : select v1_0.section_id,v1_0.id,v1_0.duration,v1_0.title,v1_0.type,v1_0.url from videos v1_0 where v1_0.section_id=?
2026-03-11T15:16:29.185+05:30 DEBUG 12812 --- [backend] [http-nio-8081-exec-4] org.hibernate.SQL                        : select q1_0.quiz_id,q1_0.id,q1_0.correct_option_index,q1_0.question_text from questions q1_0 where q1_0.quiz_id=?
2026-03-11T15:16:29.189+05:30 DEBUG 12812 --- [backend] [http-nio-8081-exec-4] org.hibernate.SQL                        : select o1_0.question_id,o1_0.option_text from question_options o1_0 where o1_0.question_id=?
2026-03-11T15:16:29.191+05:30 DEBUG 12812 --- [backend] [http-nio-8081-exec-4] org.hibernate.SQL                        : select o1_0.question_id,o1_0.option_text from question_options o1_0 where o1_0.question_id=?
2026-03-11T15:16:29.194+05:30 DEBUG 12812 --- [backend] [http-nio-8081-exec-4] org.hibernate.SQL                        : select v1_0.section_id,v1_0.id,v1_0.duration,v1_0.title,v1_0.type,v1_0.url from videos v1_0 where v1_0.section_id=?
2026-03-11T15:16:29.198+05:30 DEBUG 12812 --- [backend] [http-nio-8081-exec-4] org.hibernate.SQL                        : select s1_0.course_id,s1_0.id,s1_0.title from sections s1_0 where s1_0.course_id=?
2026-03-11T15:16:29.199+05:30 DEBUG 12812 --- [backend] [http-nio-8081-exec-4] org.hibernate.SQL                        : select s1_0.course_id,s1_0.id,s1_0.title from sections s1_0 where s1_0.course_id=?
2026-03-11T15:16:29.199+05:30 DEBUG 12812 --- [backend] [http-nio-8081-exec-4] org.hibernate.SQL                        : select s1_0.course_id,s1_0.id,s1_0.title from sections s1_0 where s1_0.course_id=?
2026-03-11T15:16:29.203+05:30 DEBUG 12812 --- [backend] [http-nio-8081-exec-4] org.hibernate.SQL                        : select s1_0.course_id,s1_0.id,s1_0.title from sections s1_0 where s1_0.course_id=?
2026-03-11T15:16:29.205+05:30 DEBUG 12812 --- [backend] [http-nio-8081-exec-4] org.hibernate.SQL                        : select s1_0.course_id,s1_0.id,s1_0.title from sections s1_0 where s1_0.course_id=?
2026-03-11T15:16:29.205+05:30 DEBUG 12812 --- [backend] [http-nio-8081-exec-4] org.hibernate.SQL                        : select s1_0.course_id,s1_0.id,s1_0.title from sections s1_0 where s1_0.course_id=?
2026-03-11T15:16:29.208+05:30 DEBUG 12812 --- [backend] [http-nio-8081-exec-4] org.hibernate.SQL                        : select s1_0.course_id,s1_0.id,s1_0.title from sections s1_0 where s1_0.course_id=?
2026-03-11T15:16:29.208+05:30 DEBUG 12812 --- [backend] [http-nio-8081-exec-4] org.hibernate.SQL                        : select s1_0.course_id,s1_0.id,s1_0.title from sections s1_0 where s1_0.course_id=?
2026-03-11T15:16:29.226+05:30 DEBUG 12812 --- [backend] [http-nio-8081-exec-7] org.hibernate.SQL                        : select c1_0.id,c1_0.bg_color,c1_0.border_color,c1_0.color,c1_0.description,c1_0.discount,c1_0.domain,c1_0.duration,c1_0.gradient,c1_0.icon_name,c1_0.level,c1_0.live_link,c1_0.name,c1_0.shadow,c1_0.slug,c1_0.total_fee from courses c1_0
2026-03-11T15:16:29.233+05:30 DEBUG 12812 --- [backend] [http-nio-8081-exec-7] org.hibernate.SQL                        : select s1_0.course_id,s1_0.id,s1_0.title from sections s1_0 where s1_0.course_id=?
2026-03-11T15:16:29.237+05:30 DEBUG 12812 --- [backend] [http-nio-8081-exec-7] org.hibernate.SQL                        : select v1_0.section_id,v1_0.id,v1_0.duration,v1_0.title,v1_0.type,v1_0.url from videos v1_0 where v1_0.section_id=?
2026-03-11T15:16:29.242+05:30 DEBUG 12812 --- [backend] [http-nio-8081-exec-7] org.hibernate.SQL                        : select q1_0.section_id,q1_0.id,q1_0.description,q1_0.title from quizzes q1_0 where q1_0.section_id in (select s1_0.id from sections s1_0 where s1_0.course_id=?)
2026-03-11T15:16:29.244+05:30 DEBUG 12812 --- [backend] [http-nio-8081-exec-7] org.hibernate.SQL                        : select v1_0.section_id,v1_0.id,v1_0.duration,v1_0.title,v1_0.type,v1_0.url from videos v1_0 where v1_0.section_id=?
2026-03-11T15:16:29.245+05:30 DEBUG 12812 --- [backend] [http-nio-8081-exec-7] org.hibernate.SQL                        : select q1_0.quiz_id,q1_0.id,q1_0.correct_option_index,q1_0.question_text from questions q1_0 where q1_0.quiz_id=?
2026-03-11T15:16:29.248+05:30 DEBUG 12812 --- [backend] [http-nio-8081-exec-7] org.hibernate.SQL                        : select o1_0.question_id,o1_0.option_text from question_options o1_0 where o1_0.question_id=?
2026-03-11T15:16:29.252+05:30 DEBUG 12812 --- [backend] [http-nio-8081-exec-7] org.hibernate.SQL                        : select o1_0.question_id,o1_0.option_text from question_options o1_0 where o1_0.question_id=?
2026-03-11T15:16:29.255+05:30 DEBUG 12812 --- [backend] [http-nio-8081-exec-7] org.hibernate.SQL                        : select v1_0.section_id,v1_0.id,v1_0.duration,v1_0.title,v1_0.type,v1_0.url from videos v1_0 where v1_0.section_id=?
2026-03-11T15:16:29.257+05:30 DEBUG 12812 --- [backend] [http-nio-8081-exec-7] org.hibernate.SQL                        : select s1_0.course_id,s1_0.id,s1_0.title from sections s1_0 where s1_0.course_id=?
2026-03-11T15:16:29.257+05:30 DEBUG 12812 --- [backend] [http-nio-8081-exec-7] org.hibernate.SQL                        : select s1_0.course_id,s1_0.id,s1_0.title from sections s1_0 where s1_0.course_id=?
2026-03-11T15:16:29.265+05:30 DEBUG 12812 --- [backend] [http-nio-8081-exec-7] org.hibernate.SQL                        : select s1_0.course_id,s1_0.id,s1_0.title from sections s1_0 where s1_0.course_id=?
2026-03-11T15:16:29.266+05:30 DEBUG 12812 --- [backend] [http-nio-8081-exec-7] org.hibernate.SQL                        : select s1_0.course_id,s1_0.id,s1_0.title from sections s1_0 where s1_0.course_id=?
2026-03-11T15:16:29.270+05:30 DEBUG 12812 --- [backend] [http-nio-8081-exec-7] org.hibernate.SQL                        : select s1_0.course_id,s1_0.id,s1_0.title from sections s1_0 where s1_0.course_id=?
2026-03-11T15:16:29.289+05:30 DEBUG 12812 --- [backend] [http-nio-8081-exec-7] org.hibernate.SQL                        : select s1_0.course_id,s1_0.id,s1_0.title from sections s1_0 where s1_0.course_id=?
2026-03-11T15:16:29.289+05:30 DEBUG 12812 --- [backend] [http-nio-8081-exec-7] org.hibernate.SQL                        : select s1_0.course_id,s1_0.id,s1_0.title from sections s1_0 where s1_0.course_id=?
2026-03-11T15:16:29.292+05:30 DEBUG 12812 --- [backend] [http-nio-8081-exec-7] org.hibernate.SQL                        : select s1_0.course_id,s1_0.id,s1_0.title from sections s1_0 where s1_0.course_id=?
2026-03-11T15:16:29.304+05:30 DEBUG 12812 --- [backend] [http-nio-8081-exec-9] org.hibernate.SQL                        : select c1_0.id,c1_0.bg_color,c1_0.border_color,c1_0.color,c1_0.description,c1_0.discount,c1_0.domain,c1_0.duration,c1_0.gradient,c1_0.icon_name,c1_0.level,c1_0.live_link,c1_0.name,c1_0.shadow,c1_0.slug,c1_0.total_fee from courses c1_0
2026-03-11T15:16:29.313+05:30 DEBUG 12812 --- [backend] [http-nio-8081-exec-9] org.hibernate.SQL                        : select s1_0.course_id,s1_0.id,s1_0.title from sections s1_0 where s1_0.course_id=?
2026-03-11T15:16:29.315+05:30 DEBUG 12812 --- [backend] [http-nio-8081-exec-9] org.hibernate.SQL                        : select v1_0.section_id,v1_0.id,v1_0.duration,v1_0.title,v1_0.type,v1_0.url from videos v1_0 where v1_0.section_id=?
2026-03-11T15:16:29.315+05:30 DEBUG 12812 --- [backend] [http-nio-8081-exec-9] org.hibernate.SQL                        : select q1_0.section_id,q1_0.id,q1_0.description,q1_0.title from quizzes q1_0 where q1_0.section_id in (select s1_0.id from sections s1_0 where s1_0.course_id=?)
2026-03-11T15:16:29.321+05:30 DEBUG 12812 --- [backend] [http-nio-8081-exec-9] org.hibernate.SQL                        : select v1_0.section_id,v1_0.id,v1_0.duration,v1_0.title,v1_0.type,v1_0.url from videos v1_0 where v1_0.section_id=?
2026-03-11T15:16:29.323+05:30 DEBUG 12812 --- [backend] [http-nio-8081-exec-9] org.hibernate.SQL                        : select q1_0.quiz_id,q1_0.id,q1_0.correct_option_index,q1_0.question_text from questions q1_0 where q1_0.quiz_id=?
2026-03-11T15:16:29.326+05:30 DEBUG 12812 --- [backend] [http-nio-8081-exec-9] org.hibernate.SQL                        : select o1_0.question_id,o1_0.option_text from question_options o1_0 where o1_0.question_id=?
2026-03-11T15:16:29.329+05:30 DEBUG 12812 --- [backend] [http-nio-8081-exec-9] org.hibernate.SQL                        : select o1_0.question_id,o1_0.option_text from question_options o1_0 where o1_0.question_id=?
2026-03-11T15:16:29.329+05:30 DEBUG 12812 --- [backend] [http-nio-8081-exec-9] org.hibernate.SQL                        : select v1_0.section_id,v1_0.id,v1_0.duration,v1_0.title,v1_0.type,v1_0.url from videos v1_0 where v1_0.section_id=?
2026-03-11T15:16:29.331+05:30 DEBUG 12812 --- [backend] [http-nio-8081-exec-9] org.hibernate.SQL                        : select s1_0.course_id,s1_0.id,s1_0.title from sections s1_0 where s1_0.course_id=?
2026-03-11T15:16:29.331+05:30 DEBUG 12812 --- [backend] [http-nio-8081-exec-9] org.hibernate.SQL                        : select s1_0.course_id,s1_0.id,s1_0.title from sections s1_0 where s1_0.course_id=?
2026-03-11T15:16:29.338+05:30 DEBUG 12812 --- [backend] [http-nio-8081-exec-9] org.hibernate.SQL                        : select s1_0.course_id,s1_0.id,s1_0.title from sections s1_0 where s1_0.course_id=?
2026-03-11T15:16:29.340+05:30 DEBUG 12812 --- [backend] [http-nio-8081-exec-9] org.hibernate.SQL                        : select s1_0.course_id,s1_0.id,s1_0.title from sections s1_0 where s1_0.course_id=?
2026-03-11T15:16:29.340+05:30 DEBUG 12812 --- [backend] [http-nio-8081-exec-9] org.hibernate.SQL                        : select s1_0.course_id,s1_0.id,s1_0.title from sections s1_0 where s1_0.course_id=?
2026-03-11T15:16:29.343+05:30 DEBUG 12812 --- [backend] [http-nio-8081-exec-9] org.hibernate.SQL                        : select s1_0.course_id,s1_0.id,s1_0.title from sections s1_0 where s1_0.course_id=?
2026-03-11T15:16:29.346+05:30 DEBUG 12812 --- [backend] [http-nio-8081-exec-9] org.hibernate.SQL                        : select s1_0.course_id,s1_0.id,s1_0.title from sections s1_0 where s1_0.course_id=?
2026-03-11T15:16:29.347+05:30 DEBUG 12812 --- [backend] [http-nio-8081-exec-9] org.hibernate.SQL                        : select s1_0.course_id,s1_0.id,s1_0.title from sections s1_0 where s1_0.course_id=?
2026-03-11T15:16:29.359+05:30 DEBUG 12812 --- [backend] [http-nio-8081-exec-8] org.hibernate.SQL                        : select c1_0.id,c1_0.bg_color,c1_0.border_color,c1_0.color,c1_0.description,c1_0.discount,c1_0.domain,c1_0.duration,c1_0.gradient,c1_0.icon_name,c1_0.level,c1_0.live_link,c1_0.name,c1_0.shadow,c1_0.slug,c1_0.total_fee from courses c1_0
2026-03-11T15:16:29.366+05:30 DEBUG 12812 --- [backend] [http-nio-8081-exec-8] org.hibernate.SQL                        : select s1_0.course_id,s1_0.id,s1_0.title from sections s1_0 where s1_0.course_id=?
2026-03-11T15:16:29.371+05:30 DEBUG 12812 --- [backend] [http-nio-8081-exec-8] org.hibernate.SQL                        : select v1_0.section_id,v1_0.id,v1_0.duration,v1_0.title,v1_0.type,v1_0.url from videos v1_0 where v1_0.section_id=?
2026-03-11T15:16:29.374+05:30 DEBUG 12812 --- [backend] [http-nio-8081-exec-8] org.hibernate.SQL                        : select q1_0.section_id,q1_0.id,q1_0.description,q1_0.title from quizzes q1_0 where q1_0.section_id in (select s1_0.id from sections s1_0 where s1_0.course_id=?)
2026-03-11T15:16:29.376+05:30 DEBUG 12812 --- [backend] [http-nio-8081-exec-8] org.hibernate.SQL                        : select v1_0.section_id,v1_0.id,v1_0.duration,v1_0.title,v1_0.type,v1_0.url from videos v1_0 where v1_0.section_id=?
2026-03-11T15:16:29.379+05:30 DEBUG 12812 --- [backend] [http-nio-8081-exec-8] org.hibernate.SQL                        : select q1_0.quiz_id,q1_0.id,q1_0.correct_option_index,q1_0.question_text from questions q1_0 where q1_0.quiz_id=?
2026-03-11T15:16:29.379+05:30 DEBUG 12812 --- [backend] [http-nio-8081-exec-8] org.hibernate.SQL                        : select o1_0.question_id,o1_0.option_text from question_options o1_0 where o1_0.question_id=?
2026-03-11T15:16:29.383+05:30 DEBUG 12812 --- [backend] [http-nio-8081-exec-8] org.hibernate.SQL                        : select o1_0.question_id,o1_0.option_text from question_options o1_0 where o1_0.question_id=?
2026-03-11T15:16:29.383+05:30 DEBUG 12812 --- [backend] [http-nio-8081-exec-8] org.hibernate.SQL                        : select v1_0.section_id,v1_0.id,v1_0.duration,v1_0.title,v1_0.type,v1_0.url from videos v1_0 where v1_0.section_id=?
2026-03-11T15:16:29.387+05:30 DEBUG 12812 --- [backend] [http-nio-8081-exec-8] org.hibernate.SQL                        : select s1_0.course_id,s1_0.id,s1_0.title from sections s1_0 where s1_0.course_id=?
2026-03-11T15:16:29.388+05:30 DEBUG 12812 --- [backend] [http-nio-8081-exec-8] org.hibernate.SQL                        : select s1_0.course_id,s1_0.id,s1_0.title from sections s1_0 where s1_0.course_id=?
2026-03-11T15:16:29.392+05:30 DEBUG 12812 --- [backend] [http-nio-8081-exec-8] org.hibernate.SQL                        : select s1_0.course_id,s1_0.id,s1_0.title from sections s1_0 where s1_0.course_id=?
2026-03-11T15:16:29.393+05:30 DEBUG 12812 --- [backend] [http-nio-8081-exec-8] org.hibernate.SQL                        : select s1_0.course_id,s1_0.id,s1_0.title from sections s1_0 where s1_0.course_id=?
2026-03-11T15:16:29.398+05:30 DEBUG 12812 --- [backend] [http-nio-8081-exec-8] org.hibernate.SQL                        : select s1_0.course_id,s1_0.id,s1_0.title from sections s1_0 where s1_0.course_id=?
2026-03-11T15:16:29.399+05:30 DEBUG 12812 --- [backend] [http-nio-8081-exec-8] org.hibernate.SQL                        : select s1_0.course_id,s1_0.id,s1_0.title from sections s1_0 where s1_0.course_id=?
2026-03-11T15:16:29.399+05:30 DEBUG 12812 --- [backend] [http-nio-8081-exec-8] org.hibernate.SQL                        : select s1_0.course_id,s1_0.id,s1_0.title from sections s1_0 where s1_0.course_id=?
2026-03-11T15:16:29.403+05:30 DEBUG 12812 --- [backend] [http-nio-8081-exec-8] org.hibernate.SQL                        : select s1_0.course_id,s1_0.id,s1_0.title from sections s1_0 where s1_0.course_id=?
2026-03-11T15:16:29.416+05:30 DEBUG 12812 --- [backend] [http-nio-8081-exec-1] org.hibernate.SQL                        : select c1_0.id,c1_0.bg_color,c1_0.border_color,c1_0.color,c1_0.description,c1_0.discount,c1_0.domain,c1_0.duration,c1_0.gradient,c1_0.icon_name,c1_0.level,c1_0.live_link,c1_0.name,c1_0.shadow,c1_0.slug,c1_0.total_fee from courses c1_0
2026-03-11T15:16:29.424+05:30 DEBUG 12812 --- [backend] [http-nio-8081-exec-1] org.hibernate.SQL                        : select s1_0.course_id,s1_0.id,s1_0.title from sections s1_0 where s1_0.course_id=?
2026-03-11T15:16:29.427+05:30 DEBUG 12812 --- [backend] [http-nio-8081-exec-1] org.hibernate.SQL                        : select v1_0.section_id,v1_0.id,v1_0.duration,v1_0.title,v1_0.type,v1_0.url from videos v1_0 where v1_0.section_id=?
2026-03-11T15:16:29.427+05:30 DEBUG 12812 --- [backend] [http-nio-8081-exec-1] org.hibernate.SQL                        : select q1_0.section_id,q1_0.id,q1_0.description,q1_0.title from quizzes q1_0 where q1_0.section_id in (select s1_0.id from sections s1_0 where s1_0.course_id=?)
2026-03-11T15:16:29.434+05:30 DEBUG 12812 --- [backend] [http-nio-8081-exec-1] org.hibernate.SQL                        : select v1_0.section_id,v1_0.id,v1_0.duration,v1_0.title,v1_0.type,v1_0.url from videos v1_0 where v1_0.section_id=?
2026-03-11T15:16:29.436+05:30 DEBUG 12812 --- [backend] [http-nio-8081-exec-1] org.hibernate.SQL                        : select q1_0.quiz_id,q1_0.id,q1_0.correct_option_index,q1_0.question_text from questions q1_0 where q1_0.quiz_id=?
2026-03-11T15:16:29.439+05:30 DEBUG 12812 --- [backend] [http-nio-8081-exec-1] org.hibernate.SQL                        : select o1_0.question_id,o1_0.option_text from question_options o1_0 where o1_0.question_id=?
2026-03-11T15:16:29.441+05:30 DEBUG 12812 --- [backend] [http-nio-8081-exec-1] org.hibernate.SQL                        : select o1_0.question_id,o1_0.option_text from question_options o1_0 where o1_0.question_id=?
2026-03-11T15:16:29.444+05:30 DEBUG 12812 --- [backend] [http-nio-8081-exec-1] org.hibernate.SQL                        : select v1_0.section_id,v1_0.id,v1_0.duration,v1_0.title,v1_0.type,v1_0.url from videos v1_0 where v1_0.section_id=?
2026-03-11T15:16:29.445+05:30 DEBUG 12812 --- [backend] [http-nio-8081-exec-1] org.hibernate.SQL                        : select s1_0.course_id,s1_0.id,s1_0.title from sections s1_0 where s1_0.course_id=?
2026-03-11T15:16:29.448+05:30 DEBUG 12812 --- [backend] [http-nio-8081-exec-1] org.hibernate.SQL                        : select s1_0.course_id,s1_0.id,s1_0.title from sections s1_0 where s1_0.course_id=?
2026-03-11T15:16:29.449+05:30 DEBUG 12812 --- [backend] [http-nio-8081-exec-1] org.hibernate.SQL                        : select s1_0.course_id,s1_0.id,s1_0.title from sections s1_0 where s1_0.course_id=?
2026-03-11T15:16:29.449+05:30 DEBUG 12812 --- [backend] [http-nio-8081-exec-1] org.hibernate.SQL                        : select s1_0.course_id,s1_0.id,s1_0.title from sections s1_0 where s1_0.course_id=?
2026-03-11T15:16:29.454+05:30 DEBUG 12812 --- [backend] [http-nio-8081-exec-1] org.hibernate.SQL                        : select s1_0.course_id,s1_0.id,s1_0.title from sections s1_0 where s1_0.course_id=?
2026-03-11T15:16:29.454+05:30 DEBUG 12812 --- [backend] [http-nio-8081-exec-1] org.hibernate.SQL                        : select s1_0.course_id,s1_0.id,s1_0.title from sections s1_0 where s1_0.course_id=?
2026-03-11T15:16:29.460+05:30 DEBUG 12812 --- [backend] [http-nio-8081-exec-1] org.hibernate.SQL                        : select s1_0.course_id,s1_0.id,s1_0.title from sections s1_0 where s1_0.course_id=?
2026-03-11T15:16:29.464+05:30 DEBUG 12812 --- [backend] [http-nio-8081-exec-1] org.hibernate.SQL                        : select s1_0.course_id,s1_0.id,s1_0.title from sections s1_0 where s1_0.course_id=?
2026-03-11T15:16:29.473+05:30 DEBUG 12812 --- [backend] [http-nio-8081-exec-6] org.hibernate.SQL                        : select c1_0.id,c1_0.bg_color,c1_0.border_color,c1_0.color,c1_0.description,c1_0.discount,c1_0.domain,c1_0.duration,c1_0.gradient,c1_0.icon_name,c1_0.level,c1_0.live_link,c1_0.name,c1_0.shadow,c1_0.slug,c1_0.total_fee from courses c1_0
2026-03-11T15:16:29.476+05:30 DEBUG 12812 --- [backend] [http-nio-8081-exec-6] org.hibernate.SQL                        : select s1_0.course_id,s1_0.id,s1_0.title from sections s1_0 where s1_0.course_id=?
2026-03-11T15:16:29.482+05:30 DEBUG 12812 --- [backend] [http-nio-8081-exec-6] org.hibernate.SQL                        : select v1_0.section_id,v1_0.id,v1_0.duration,v1_0.title,v1_0.type,v1_0.url from videos v1_0 where v1_0.section_id=?
2026-03-11T15:16:29.482+05:30 DEBUG 12812 --- [backend] [http-nio-8081-exec-6] org.hibernate.SQL                        : select q1_0.section_id,q1_0.id,q1_0.description,q1_0.title from quizzes q1_0 where q1_0.section_id in (select s1_0.id from sections s1_0 where s1_0.course_id=?)
2026-03-11T15:16:29.488+05:30 DEBUG 12812 --- [backend] [http-nio-8081-exec-6] org.hibernate.SQL                        : select v1_0.section_id,v1_0.id,v1_0.duration,v1_0.title,v1_0.type,v1_0.url from videos v1_0 where v1_0.section_id=?
2026-03-11T15:16:29.492+05:30 DEBUG 12812 --- [backend] [http-nio-8081-exec-6] org.hibernate.SQL                        : select q1_0.quiz_id,q1_0.id,q1_0.correct_option_index,q1_0.question_text from questions q1_0 where q1_0.quiz_id=?
2026-03-11T15:16:29.494+05:30 DEBUG 12812 --- [backend] [http-nio-8081-exec-6] org.hibernate.SQL                        : select o1_0.question_id,o1_0.option_text from question_options o1_0 where o1_0.question_id=?
2026-03-11T15:16:29.494+05:30 DEBUG 12812 --- [backend] [http-nio-8081-exec-6] org.hibernate.SQL                        : select o1_0.question_id,o1_0.option_text from question_options o1_0 where o1_0.question_id=?
2026-03-11T15:16:29.498+05:30 DEBUG 12812 --- [backend] [http-nio-8081-exec-6] org.hibernate.SQL                        : select v1_0.section_id,v1_0.id,v1_0.duration,v1_0.title,v1_0.type,v1_0.url from videos v1_0 where v1_0.section_id=?
2026-03-11T15:16:29.500+05:30 DEBUG 12812 --- [backend] [http-nio-8081-exec-6] org.hibernate.SQL                        : select s1_0.course_id,s1_0.id,s1_0.title from sections s1_0 where s1_0.course_id=?
2026-03-11T15:16:29.503+05:30 DEBUG 12812 --- [backend] [http-nio-8081-exec-6] org.hibernate.SQL                        : select s1_0.course_id,s1_0.id,s1_0.title from sections s1_0 where s1_0.course_id=?
2026-03-11T15:16:29.504+05:30 DEBUG 12812 --- [backend] [http-nio-8081-exec-6] org.hibernate.SQL                        : select s1_0.course_id,s1_0.id,s1_0.title from sections s1_0 where s1_0.course_id=?
2026-03-11T15:16:29.506+05:30 DEBUG 12812 --- [backend] [http-nio-8081-exec-6] org.hibernate.SQL                        : select s1_0.course_id,s1_0.id,s1_0.title from sections s1_0 where s1_0.course_id=?
2026-03-11T15:16:29.506+05:30 DEBUG 12812 --- [backend] [http-nio-8081-exec-6] org.hibernate.SQL                        : select s1_0.course_id,s1_0.id,s1_0.title from sections s1_0 where s1_0.course_id=?
2026-03-11T15:16:29.506+05:30 DEBUG 12812 --- [backend] [http-nio-8081-exec-6] org.hibernate.SQL                        : select s1_0.course_id,s1_0.id,s1_0.title from sections s1_0 where s1_0.course_id=?
2026-03-11T15:16:29.513+05:30 DEBUG 12812 --- [backend] [http-nio-8081-exec-6] org.hibernate.SQL                        : select s1_0.course_id,s1_0.id,s1_0.title from sections s1_0 where s1_0.course_id=?
2026-03-11T15:16:29.515+05:30 DEBUG 12812 --- [backend] [http-nio-8081-exec-6] org.hibernate.SQL                        : select s1_0.course_id,s1_0.id,s1_0.title from sections s1_0 where s1_0.course_id=?
2026-03-11T15:16:57.773+05:30  INFO 12812 --- [backend] [http-nio-8081-exec-2] c.t.backend.controller.AuthController    : Login attempt for identifier: admin@tsarit.com
2026-03-11T15:16:57.779+05:30 DEBUG 12812 --- [backend] [http-nio-8081-exec-2] org.hibernate.SQL                        : select u1_0.id,u1_0.certificate_date,u1_0.certificate_issued,u1_0.course,u1_0.discount,u1_0.email,u1_0.password,u1_0.phone,u1_0.profile_picture,u1_0.role,u1_0.total_fee,u1_0.username from users u1_0 where u1_0.username=? limit ?
2026-03-11T15:16:57.789+05:30  INFO 12812 --- [backend] [http-nio-8081-exec-2] c.t.backend.controller.AuthController    : User not found by username. Trying email...
2026-03-11T15:16:57.791+05:30 DEBUG 12812 --- [backend] [http-nio-8081-exec-2] org.hibernate.SQL                        : select u1_0.id,u1_0.certificate_date,u1_0.certificate_issued,u1_0.course,u1_0.discount,u1_0.email,u1_0.password,u1_0.phone,u1_0.profile_picture,u1_0.role,u1_0.total_fee,u1_0.username from users u1_0 where u1_0.email=? limit ?
2026-03-11T15:16:57.792+05:30  INFO 12812 --- [backend] [http-nio-8081-exec-2] c.t.backend.controller.AuthController    : User found: ID=17, Username=Admin, Email=admin@tsarit.com, Role=ADMIN
2026-03-11T15:16:57.792+05:30  INFO 12812 --- [backend] [http-nio-8081-exec-2] c.t.backend.controller.AuthController    : Stored Password Hash: $2a$10$IB9FP8Bdc7ySeG0gWly8De0ooMCz.nzkj432RzLPjzG0rpcBnFdZe
2026-03-11T15:16:57.966+05:30  INFO 12812 --- [backend] [http-nio-8081-exec-2] c.t.backend.controller.AuthController    : PasswordEncoder Match Result: true
2026-03-11T15:16:57.966+05:30  INFO 12812 --- [backend] [http-nio-8081-exec-2] c.t.backend.controller.AuthController    : Login successful for user: Admin
2026-03-11T15:16:58.423+05:30 DEBUG 12812 --- [backend] [http-nio-8081-exec-4] org.hibernate.SQL                        : select count(*) from users u1_0
2026-03-11T15:16:58.449+05:30 DEBUG 12812 --- [backend] [http-nio-8081-exec-4] org.hibernate.SQL                        : select count(*) from courses c1_0
2026-03-11T15:16:58.458+05:30 DEBUG 12812 --- [backend] [http-nio-8081-exec-4] org.hibernate.SQL                        : select count(*) from webinars w1_0
2026-03-11T15:16:58.471+05:30 DEBUG 12812 --- [backend] [http-nio-8081-exec-4] org.hibernate.SQL                        : select count(*) from testimonials t1_0
2026-03-11T15:16:58.492+05:30 DEBUG 12812 --- [backend] [http-nio-8081-exec-4] org.hibernate.SQL                        : select sum(e1_0.amount_paid) from enrollments e1_0
2026-03-11T15:16:58.526+05:30 DEBUG 12812 --- [backend] [http-nio-8081-exec-7] org.hibernate.SQL                        : select count(*) from users u1_0
2026-03-11T15:16:58.536+05:30 DEBUG 12812 --- [backend] [http-nio-8081-exec-7] org.hibernate.SQL                        : select count(*) from courses c1_0
2026-03-11T15:16:58.542+05:30 DEBUG 12812 --- [backend] [http-nio-8081-exec-7] org.hibernate.SQL                        : select count(*) from webinars w1_0
2026-03-11T15:16:58.549+05:30 DEBUG 12812 --- [backend] [http-nio-8081-exec-7] org.hibernate.SQL                        : select count(*) from testimonials t1_0
2026-03-11T15:16:58.557+05:30 DEBUG 12812 --- [backend] [http-nio-8081-exec-7] org.hibernate.SQL                        : select sum(e1_0.amount_paid) from enrollments e1_0
2026-03-11T15:17:03.070+05:30 DEBUG 12812 --- [backend] [http-nio-8081-exec-1] org.hibernate.SQL                        : select c1_0.id,c1_0.bg_color,c1_0.border_color,c1_0.color,c1_0.description,c1_0.discount,c1_0.domain,c1_0.duration,c1_0.gradient,c1_0.icon_name,c1_0.level,c1_0.live_link,c1_0.name,c1_0.shadow,c1_0.slug,c1_0.total_fee from courses c1_0
2026-03-11T15:17:03.076+05:30 DEBUG 12812 --- [backend] [http-nio-8081-exec-1] org.hibernate.SQL                        : select s1_0.course_id,s1_0.id,s1_0.title from sections s1_0 where s1_0.course_id=?
2026-03-11T15:17:03.078+05:30 DEBUG 12812 --- [backend] [http-nio-8081-exec-1] org.hibernate.SQL                        : select v1_0.section_id,v1_0.id,v1_0.duration,v1_0.title,v1_0.type,v1_0.url from videos v1_0 where v1_0.section_id=?
2026-03-11T15:17:03.078+05:30 DEBUG 12812 --- [backend] [http-nio-8081-exec-1] org.hibernate.SQL                        : select q1_0.section_id,q1_0.id,q1_0.description,q1_0.title from quizzes q1_0 where q1_0.section_id in (select s1_0.id from sections s1_0 where s1_0.course_id=?)
2026-03-11T15:17:03.083+05:30 DEBUG 12812 --- [backend] [http-nio-8081-exec-1] org.hibernate.SQL                        : select v1_0.section_id,v1_0.id,v1_0.duration,v1_0.title,v1_0.type,v1_0.url from videos v1_0 where v1_0.section_id=?
2026-03-11T15:17:03.086+05:30 DEBUG 12812 --- [backend] [http-nio-8081-exec-1] org.hibernate.SQL                        : select q1_0.quiz_id,q1_0.id,q1_0.correct_option_index,q1_0.question_text from questions q1_0 where q1_0.quiz_id=?
2026-03-11T15:17:03.088+05:30 DEBUG 12812 --- [backend] [http-nio-8081-exec-1] org.hibernate.SQL                        : select o1_0.question_id,o1_0.option_text from question_options o1_0 where o1_0.question_id=?
2026-03-11T15:17:03.088+05:30 DEBUG 12812 --- [backend] [http-nio-8081-exec-1] org.hibernate.SQL                        : select o1_0.question_id,o1_0.option_text from question_options o1_0 where o1_0.question_id=?
2026-03-11T15:17:03.092+05:30 DEBUG 12812 --- [backend] [http-nio-8081-exec-1] org.hibernate.SQL                        : select v1_0.section_id,v1_0.id,v1_0.duration,v1_0.title,v1_0.type,v1_0.url from videos v1_0 where v1_0.section_id=?
2026-03-11T15:17:03.092+05:30 DEBUG 12812 --- [backend] [http-nio-8081-exec-1] org.hibernate.SQL                        : select s1_0.course_id,s1_0.id,s1_0.title from sections s1_0 where s1_0.course_id=?
2026-03-11T15:17:03.092+05:30 DEBUG 12812 --- [backend] [http-nio-8081-exec-1] org.hibernate.SQL                        : select s1_0.course_id,s1_0.id,s1_0.title from sections s1_0 where s1_0.course_id=?
2026-03-11T15:17:03.097+05:30 DEBUG 12812 --- [backend] [http-nio-8081-exec-1] org.hibernate.SQL                        : select s1_0.course_id,s1_0.id,s1_0.title from sections s1_0 where s1_0.course_id=?
2026-03-11T15:17:03.099+05:30 DEBUG 12812 --- [backend] [http-nio-8081-exec-1] org.hibernate.SQL                        : select s1_0.course_id,s1_0.id,s1_0.title from sections s1_0 where s1_0.course_id=?
2026-03-11T15:17:03.101+05:30 DEBUG 12812 --- [backend] [http-nio-8081-exec-1] org.hibernate.SQL                        : select s1_0.course_id,s1_0.id,s1_0.title from sections s1_0 where s1_0.course_id=?
2026-03-11T15:17:03.103+05:30 DEBUG 12812 --- [backend] [http-nio-8081-exec-1] org.hibernate.SQL                        : select s1_0.course_id,s1_0.id,s1_0.title from sections s1_0 where s1_0.course_id=?
2026-03-11T15:17:03.105+05:30 DEBUG 12812 --- [backend] [http-nio-8081-exec-1] org.hibernate.SQL                        : select s1_0.course_id,s1_0.id,s1_0.title from sections s1_0 where s1_0.course_id=?
2026-03-11T15:17:03.105+05:30 DEBUG 12812 --- [backend] [http-nio-8081-exec-1] org.hibernate.SQL                        : select s1_0.course_id,s1_0.id,s1_0.title from sections s1_0 where s1_0.course_id=?
2026-03-11T15:17:03.131+05:30 DEBUG 12812 --- [backend] [http-nio-8081-exec-6] org.hibernate.SQL                        : select c1_0.id,c1_0.bg_color,c1_0.border_color,c1_0.color,c1_0.description,c1_0.discount,c1_0.domain,c1_0.duration,c1_0.gradient,c1_0.icon_name,c1_0.level,c1_0.live_link,c1_0.name,c1_0.shadow,c1_0.slug,c1_0.total_fee from courses c1_0
2026-03-11T15:17:03.136+05:30 DEBUG 12812 --- [backend] [http-nio-8081-exec-6] org.hibernate.SQL                        : select s1_0.course_id,s1_0.id,s1_0.title from sections s1_0 where s1_0.course_id=?
2026-03-11T15:17:03.139+05:30 DEBUG 12812 --- [backend] [http-nio-8081-exec-6] org.hibernate.SQL                        : select v1_0.section_id,v1_0.id,v1_0.duration,v1_0.title,v1_0.type,v1_0.url from videos v1_0 where v1_0.section_id=?
2026-03-11T15:17:03.142+05:30 DEBUG 12812 --- [backend] [http-nio-8081-exec-6] org.hibernate.SQL                        : select q1_0.section_id,q1_0.id,q1_0.description,q1_0.title from quizzes q1_0 where q1_0.section_id in (select s1_0.id from sections s1_0 where s1_0.course_id=?)
2026-03-11T15:17:03.142+05:30 DEBUG 12812 --- [backend] [http-nio-8081-exec-6] org.hibernate.SQL                        : select v1_0.section_id,v1_0.id,v1_0.duration,v1_0.title,v1_0.type,v1_0.url from videos v1_0 where v1_0.section_id=?
2026-03-11T15:17:03.142+05:30 DEBUG 12812 --- [backend] [http-nio-8081-exec-6] org.hibernate.SQL                        : select q1_0.quiz_id,q1_0.id,q1_0.correct_option_index,q1_0.question_text from questions q1_0 where q1_0.quiz_id=?
2026-03-11T15:17:03.148+05:30 DEBUG 12812 --- [backend] [http-nio-8081-exec-6] org.hibernate.SQL                        : select o1_0.question_id,o1_0.option_text from question_options o1_0 where o1_0.question_id=?
2026-03-11T15:17:03.151+05:30 DEBUG 12812 --- [backend] [http-nio-8081-exec-6] org.hibernate.SQL                        : select o1_0.question_id,o1_0.option_text from question_options o1_0 where o1_0.question_id=?
2026-03-11T15:17:03.153+05:30 DEBUG 12812 --- [backend] [http-nio-8081-exec-6] org.hibernate.SQL                        : select v1_0.section_id,v1_0.id,v1_0.duration,v1_0.title,v1_0.type,v1_0.url from videos v1_0 where v1_0.section_id=?
2026-03-11T15:17:03.155+05:30 DEBUG 12812 --- [backend] [http-nio-8081-exec-6] org.hibernate.SQL                        : select s1_0.course_id,s1_0.id,s1_0.title from sections s1_0 where s1_0.course_id=?
2026-03-11T15:17:03.155+05:30 DEBUG 12812 --- [backend] [http-nio-8081-exec-6] org.hibernate.SQL                        : select s1_0.course_id,s1_0.id,s1_0.title from sections s1_0 where s1_0.course_id=?
2026-03-11T15:17:03.159+05:30 DEBUG 12812 --- [backend] [http-nio-8081-exec-6] org.hibernate.SQL                        : select s1_0.course_id,s1_0.id,s1_0.title from sections s1_0 where s1_0.course_id=?
2026-03-11T15:17:03.159+05:30 DEBUG 12812 --- [backend] [http-nio-8081-exec-6] org.hibernate.SQL                        : select s1_0.course_id,s1_0.id,s1_0.title from sections s1_0 where s1_0.course_id=?
2026-03-11T15:17:03.162+05:30 DEBUG 12812 --- [backend] [http-nio-8081-exec-6] org.hibernate.SQL                        : select s1_0.course_id,s1_0.id,s1_0.title from sections s1_0 where s1_0.course_id=?
2026-03-11T15:17:03.162+05:30 DEBUG 12812 --- [backend] [http-nio-8081-exec-6] org.hibernate.SQL                        : select s1_0.course_id,s1_0.id,s1_0.title from sections s1_0 where s1_0.course_id=?
2026-03-11T15:17:03.164+05:30 DEBUG 12812 --- [backend] [http-nio-8081-exec-6] org.hibernate.SQL                        : select s1_0.course_id,s1_0.id,s1_0.title from sections s1_0 where s1_0.course_id=?
2026-03-11T15:17:03.166+05:30 DEBUG 12812 --- [backend] [http-nio-8081-exec-6] org.hibernate.SQL                        : select s1_0.course_id,s1_0.id,s1_0.title from sections s1_0 where s1_0.course_id=?
2026-03-11T15:22:48.047+05:30 DEBUG 12812 --- [backend] [http-nio-8081-exec-1] org.hibernate.SQL                        : select c1_0.id,c1_0.bg_color,c1_0.border_color,c1_0.color,c1_0.description,c1_0.discount,c1_0.domain,c1_0.duration,c1_0.gradient,c1_0.icon_name,c1_0.level,c1_0.live_link,c1_0.name,c1_0.shadow,c1_0.slug,c1_0.total_fee from courses c1_0
2026-03-11T15:22:48.055+05:30 DEBUG 12812 --- [backend] [http-nio-8081-exec-1] org.hibernate.SQL                        : select s1_0.course_id,s1_0.id,s1_0.title from sections s1_0 where s1_0.course_id=?
2026-03-11T15:22:48.057+05:30 DEBUG 12812 --- [backend] [http-nio-8081-exec-1] org.hibernate.SQL                        : select v1_0.section_id,v1_0.id,v1_0.duration,v1_0.title,v1_0.type,v1_0.url from videos v1_0 where v1_0.section_id=?
2026-03-11T15:22:48.062+05:30 DEBUG 12812 --- [backend] [http-nio-8081-exec-1] org.hibernate.SQL                        : select q1_0.section_id,q1_0.id,q1_0.description,q1_0.title from quizzes q1_0 where q1_0.section_id in (select s1_0.id from sections s1_0 where s1_0.course_id=?)
2026-03-11T15:22:48.065+05:30 DEBUG 12812 --- [backend] [http-nio-8081-exec-1] org.hibernate.SQL                        : select v1_0.section_id,v1_0.id,v1_0.duration,v1_0.title,v1_0.type,v1_0.url from videos v1_0 where v1_0.section_id=?
2026-03-11T15:22:48.067+05:30 DEBUG 12812 --- [backend] [http-nio-8081-exec-1] org.hibernate.SQL                        : select q1_0.quiz_id,q1_0.id,q1_0.correct_option_index,q1_0.question_text from questions q1_0 where q1_0.quiz_id=?
2026-03-11T15:22:48.069+05:30 DEBUG 12812 --- [backend] [http-nio-8081-exec-1] org.hibernate.SQL                        : select o1_0.question_id,o1_0.option_text from question_options o1_0 where o1_0.question_id=?
2026-03-11T15:22:48.073+05:30 DEBUG 12812 --- [backend] [http-nio-8081-exec-1] org.hibernate.SQL                        : select o1_0.question_id,o1_0.option_text from question_options o1_0 where o1_0.question_id=?
2026-03-11T15:22:48.075+05:30 DEBUG 12812 --- [backend] [http-nio-8081-exec-1] org.hibernate.SQL                        : select v1_0.section_id,v1_0.id,v1_0.duration,v1_0.title,v1_0.type,v1_0.url from videos v1_0 where v1_0.section_id=?
2026-03-11T15:22:48.078+05:30 DEBUG 12812 --- [backend] [http-nio-8081-exec-1] org.hibernate.SQL                        : select s1_0.course_id,s1_0.id,s1_0.title from sections s1_0 where s1_0.course_id=?
2026-03-11T15:22:48.079+05:30 DEBUG 12812 --- [backend] [http-nio-8081-exec-1] org.hibernate.SQL                        : select s1_0.course_id,s1_0.id,s1_0.title from sections s1_0 where s1_0.course_id=?
2026-03-11T15:22:48.079+05:30 DEBUG 12812 --- [backend] [http-nio-8081-exec-1] org.hibernate.SQL                        : select s1_0.course_id,s1_0.id,s1_0.title from sections s1_0 where s1_0.course_id=?
2026-03-11T15:22:48.083+05:30 DEBUG 12812 --- [backend] [http-nio-8081-exec-1] org.hibernate.SQL                        : select s1_0.course_id,s1_0.id,s1_0.title from sections s1_0 where s1_0.course_id=?
2026-03-11T15:22:48.083+05:30 DEBUG 12812 --- [backend] [http-nio-8081-exec-1] org.hibernate.SQL                        : select s1_0.course_id,s1_0.id,s1_0.title from sections s1_0 where s1_0.course_id=?
2026-03-11T15:22:48.083+05:30 DEBUG 12812 --- [backend] [http-nio-8081-exec-1] org.hibernate.SQL                        : select s1_0.course_id,s1_0.id,s1_0.title from sections s1_0 where s1_0.course_id=?
2026-03-11T15:22:48.083+05:30 DEBUG 12812 --- [backend] [http-nio-8081-exec-1] org.hibernate.SQL                        : select s1_0.course_id,s1_0.id,s1_0.title from sections s1_0 where s1_0.course_id=?
2026-03-11T15:22:48.089+05:30 DEBUG 12812 --- [backend] [http-nio-8081-exec-1] org.hibernate.SQL                        : select s1_0.course_id,s1_0.id,s1_0.title from sections s1_0 where s1_0.course_id=?
2026-03-11T15:24:19.797+05:30 DEBUG 12812 --- [backend] [http-nio-8081-exec-5] org.hibernate.SQL                        : insert into courses (bg_color,border_color,color,description,discount,domain,duration,gradient,icon_name,level,live_link,name,shadow,slug,total_fee) values (?,?,?,?,?,?,?,?,?,?,?,?,?,?,?)
2026-03-11T15:24:19.893+05:30 DEBUG 12812 --- [backend] [http-nio-8081-exec-10] org.hibernate.SQL                        : select c1_0.id,c1_0.bg_color,c1_0.border_color,c1_0.color,c1_0.description,c1_0.discount,c1_0.domain,c1_0.duration,c1_0.gradient,c1_0.icon_name,c1_0.level,c1_0.live_link,c1_0.name,c1_0.shadow,c1_0.slug,c1_0.total_fee from courses c1_0
2026-03-11T15:24:19.899+05:30 DEBUG 12812 --- [backend] [http-nio-8081-exec-10] org.hibernate.SQL                        : select s1_0.course_id,s1_0.id,s1_0.title from sections s1_0 where s1_0.course_id=?
2026-03-11T15:24:19.902+05:30 DEBUG 12812 --- [backend] [http-nio-8081-exec-10] org.hibernate.SQL                        : select v1_0.section_id,v1_0.id,v1_0.duration,v1_0.title,v1_0.type,v1_0.url from videos v1_0 where v1_0.section_id=?
2026-03-11T15:24:19.905+05:30 DEBUG 12812 --- [backend] [http-nio-8081-exec-10] org.hibernate.SQL                        : select q1_0.section_id,q1_0.id,q1_0.description,q1_0.title from quizzes q1_0 where q1_0.section_id in (select s1_0.id from sections s1_0 where s1_0.course_id=?)
2026-03-11T15:24:19.907+05:30 DEBUG 12812 --- [backend] [http-nio-8081-exec-10] org.hibernate.SQL                        : select v1_0.section_id,v1_0.id,v1_0.duration,v1_0.title,v1_0.type,v1_0.url from videos v1_0 where v1_0.section_id=?
2026-03-11T15:24:19.908+05:30 DEBUG 12812 --- [backend] [http-nio-8081-exec-10] org.hibernate.SQL                        : select q1_0.quiz_id,q1_0.id,q1_0.correct_option_index,q1_0.question_text from questions q1_0 where q1_0.quiz_id=?
2026-03-11T15:24:19.910+05:30 DEBUG 12812 --- [backend] [http-nio-8081-exec-10] org.hibernate.SQL                        : select o1_0.question_id,o1_0.option_text from question_options o1_0 where o1_0.question_id=?
2026-03-11T15:24:19.911+05:30 DEBUG 12812 --- [backend] [http-nio-8081-exec-10] org.hibernate.SQL                        : select o1_0.question_id,o1_0.option_text from question_options o1_0 where o1_0.question_id=?
2026-03-11T15:24:19.911+05:30 DEBUG 12812 --- [backend] [http-nio-8081-exec-10] org.hibernate.SQL                        : select v1_0.section_id,v1_0.id,v1_0.duration,v1_0.title,v1_0.type,v1_0.url from videos v1_0 where v1_0.section_id=?
2026-03-11T15:24:19.915+05:30 DEBUG 12812 --- [backend] [http-nio-8081-exec-10] org.hibernate.SQL                        : select s1_0.course_id,s1_0.id,s1_0.title from sections s1_0 where s1_0.course_id=?
2026-03-11T15:24:19.915+05:30 DEBUG 12812 --- [backend] [http-nio-8081-exec-10] org.hibernate.SQL                        : select s1_0.course_id,s1_0.id,s1_0.title from sections s1_0 where s1_0.course_id=?
2026-03-11T15:24:19.918+05:30 DEBUG 12812 --- [backend] [http-nio-8081-exec-10] org.hibernate.SQL                        : select s1_0.course_id,s1_0.id,s1_0.title from sections s1_0 where s1_0.course_id=?
2026-03-11T15:24:19.919+05:30 DEBUG 12812 --- [backend] [http-nio-8081-exec-10] org.hibernate.SQL                        : select s1_0.course_id,s1_0.id,s1_0.title from sections s1_0 where s1_0.course_id=?
2026-03-11T15:24:19.921+05:30 DEBUG 12812 --- [backend] [http-nio-8081-exec-10] org.hibernate.SQL                        : select s1_0.course_id,s1_0.id,s1_0.title from sections s1_0 where s1_0.course_id=?
2026-03-11T15:24:19.923+05:30 DEBUG 12812 --- [backend] [http-nio-8081-exec-10] org.hibernate.SQL                        : select s1_0.course_id,s1_0.id,s1_0.title from sections s1_0 where s1_0.course_id=?
2026-03-11T15:24:19.923+05:30 DEBUG 12812 --- [backend] [http-nio-8081-exec-10] org.hibernate.SQL                        : select s1_0.course_id,s1_0.id,s1_0.title from sections s1_0 where s1_0.course_id=?
2026-03-11T15:24:19.926+05:30 DEBUG 12812 --- [backend] [http-nio-8081-exec-10] org.hibernate.SQL                        : select s1_0.course_id,s1_0.id,s1_0.title from sections s1_0 where s1_0.course_id=?
2026-03-11T15:24:19.927+05:30 DEBUG 12812 --- [backend] [http-nio-8081-exec-10] org.hibernate.SQL                        : select s1_0.course_id,s1_0.id,s1_0.title from sections s1_0 where s1_0.course_id=?
2026-03-11T15:24:37.323+05:30 DEBUG 12812 --- [backend] [http-nio-8081-exec-7] org.hibernate.SQL                        : select h1_0.id,h1_0.date,h1_0.description,h1_0.entry_fee,h1_0.mode,h1_0.prize_pool,h1_0.status,h1_0.time,h1_0.title from hackathons h1_0
2026-03-11T15:24:37.326+05:30 DEBUG 12812 --- [backend] [http-nio-8081-exec-7] org.hibernate.SQL                        : select rui1_0.hackathon_id,rui1_0.registered_user_ids from hackathon_registered_user_ids rui1_0 where rui1_0.hackathon_id=?
2026-03-11T15:24:37.326+05:30 DEBUG 12812 --- [backend] [http-nio-8081-exec-7] org.hibernate.SQL                        : select rui1_0.hackathon_id,rui1_0.registered_user_ids from hackathon_registered_user_ids rui1_0 where rui1_0.hackathon_id=?
2026-03-11T15:24:37.332+05:30 DEBUG 12812 --- [backend] [http-nio-8081-exec-7] org.hibernate.SQL                        : select rui1_0.hackathon_id,rui1_0.registered_user_ids from hackathon_registered_user_ids rui1_0 where rui1_0.hackathon_id=?
2026-03-11T15:24:37.332+05:30 DEBUG 12812 --- [backend] [http-nio-8081-exec-7] org.hibernate.SQL                        : select rui1_0.hackathon_id,rui1_0.registered_user_ids from hackathon_registered_user_ids rui1_0 where rui1_0.hackathon_id=?
2026-03-11T15:24:37.332+05:30 DEBUG 12812 --- [backend] [http-nio-8081-exec-7] org.hibernate.SQL                        : select rui1_0.hackathon_id,rui1_0.registered_user_ids from hackathon_registered_user_ids rui1_0 where rui1_0.hackathon_id=?
2026-03-11T15:24:37.332+05:30 DEBUG 12812 --- [backend] [http-nio-8081-exec-7] org.hibernate.SQL                        : select rui1_0.hackathon_id,rui1_0.registered_user_ids from hackathon_registered_user_ids rui1_0 where rui1_0.hackathon_id=?
2026-03-11T15:24:37.354+05:30 DEBUG 12812 --- [backend] [http-nio-8081-exec-8] org.hibernate.SQL                        : select h1_0.id,h1_0.date,h1_0.description,h1_0.entry_fee,h1_0.mode,h1_0.prize_pool,h1_0.status,h1_0.time,h1_0.title from hackathons h1_0
2026-03-11T15:24:37.361+05:30 DEBUG 12812 --- [backend] [http-nio-8081-exec-8] org.hibernate.SQL                        : select rui1_0.hackathon_id,rui1_0.registered_user_ids from hackathon_registered_user_ids rui1_0 where rui1_0.hackathon_id=?
2026-03-11T15:24:37.361+05:30 DEBUG 12812 --- [backend] [http-nio-8081-exec-8] org.hibernate.SQL                        : select rui1_0.hackathon_id,rui1_0.registered_user_ids from hackathon_registered_user_ids rui1_0 where rui1_0.hackathon_id=?
2026-03-11T15:24:37.364+05:30 DEBUG 12812 --- [backend] [http-nio-8081-exec-8] org.hibernate.SQL                        : select rui1_0.hackathon_id,rui1_0.registered_user_ids from hackathon_registered_user_ids rui1_0 where rui1_0.hackathon_id=?
2026-03-11T15:24:37.365+05:30 DEBUG 12812 --- [backend] [http-nio-8081-exec-8] org.hibernate.SQL                        : select rui1_0.hackathon_id,rui1_0.registered_user_ids from hackathon_registered_user_ids rui1_0 where rui1_0.hackathon_id=?
2026-03-11T15:24:37.365+05:30 DEBUG 12812 --- [backend] [http-nio-8081-exec-8] org.hibernate.SQL                        : select rui1_0.hackathon_id,rui1_0.registered_user_ids from hackathon_registered_user_ids rui1_0 where rui1_0.hackathon_id=?
2026-03-11T15:24:37.367+05:30 DEBUG 12812 --- [backend] [http-nio-8081-exec-8] org.hibernate.SQL                        : select rui1_0.hackathon_id,rui1_0.registered_user_ids from hackathon_registered_user_ids rui1_0 where rui1_0.hackathon_id=?
2026-03-11T15:24:49.377+05:30 DEBUG 12812 --- [backend] [http-nio-8081-exec-5] org.hibernate.SQL                        : select h1_0.id,h1_0.date,h1_0.description,h1_0.entry_fee,h1_0.mode,h1_0.prize_pool,h1_0.status,h1_0.time,h1_0.title from hackathons h1_0
2026-03-11T15:24:49.377+05:30 DEBUG 12812 --- [backend] [http-nio-8081-exec-10] org.hibernate.SQL                        : select p1_0.id,p1_0.description,p1_0.difficulty,p1_0.hackathon_id,p1_0.input_format,p1_0.memory_limit,p1_0.output_format,p1_0.time_limit,p1_0.title from problems p1_0
2026-03-11T15:24:49.377+05:30 DEBUG 12812 --- [backend] [http-nio-8081-exec-5] org.hibernate.SQL                        : select rui1_0.hackathon_id,rui1_0.registered_user_ids from hackathon_registered_user_ids rui1_0 where rui1_0.hackathon_id=?
2026-03-11T15:24:49.377+05:30 DEBUG 12812 --- [backend] [http-nio-8081-exec-5] org.hibernate.SQL                        : select rui1_0.hackathon_id,rui1_0.registered_user_ids from hackathon_registered_user_ids rui1_0 where rui1_0.hackathon_id=?
2026-03-11T15:24:49.377+05:30 DEBUG 12812 --- [backend] [http-nio-8081-exec-5] org.hibernate.SQL                        : select rui1_0.hackathon_id,rui1_0.registered_user_ids from hackathon_registered_user_ids rui1_0 where rui1_0.hackathon_id=?
2026-03-11T15:24:49.385+05:30 DEBUG 12812 --- [backend] [http-nio-8081-exec-5] org.hibernate.SQL                        : select rui1_0.hackathon_id,rui1_0.registered_user_ids from hackathon_registered_user_ids rui1_0 where rui1_0.hackathon_id=?
2026-03-11T15:24:49.385+05:30 DEBUG 12812 --- [backend] [http-nio-8081-exec-5] org.hibernate.SQL                        : select rui1_0.hackathon_id,rui1_0.registered_user_ids from hackathon_registered_user_ids rui1_0 where rui1_0.hackathon_id=?
2026-03-11T15:24:49.389+05:30 DEBUG 12812 --- [backend] [http-nio-8081-exec-5] org.hibernate.SQL                        : select rui1_0.hackathon_id,rui1_0.registered_user_ids from hackathon_registered_user_ids rui1_0 where rui1_0.hackathon_id=?
2026-03-11T15:24:49.401+05:30 DEBUG 12812 --- [backend] [http-nio-8081-exec-10] org.hibernate.SQL                        : select tc1_0.problem_id,tc1_0.id,tc1_0.expected_output,tc1_0.explanation,tc1_0.input,tc1_0.is_hidden from test_cases tc1_0 where tc1_0.problem_id=?
2026-03-11T15:24:49.410+05:30 DEBUG 12812 --- [backend] [http-nio-8081-exec-3] org.hibernate.SQL                        : select h1_0.id,h1_0.date,h1_0.description,h1_0.entry_fee,h1_0.mode,h1_0.prize_pool,h1_0.status,h1_0.time,h1_0.title from hackathons h1_0
2026-03-11T15:24:49.415+05:30 DEBUG 12812 --- [backend] [http-nio-8081-exec-3] org.hibernate.SQL                        : select rui1_0.hackathon_id,rui1_0.registered_user_ids from hackathon_registered_user_ids rui1_0 where rui1_0.hackathon_id=?
2026-03-11T15:24:49.415+05:30 DEBUG 12812 --- [backend] [http-nio-8081-exec-3] org.hibernate.SQL                        : select rui1_0.hackathon_id,rui1_0.registered_user_ids from hackathon_registered_user_ids rui1_0 where rui1_0.hackathon_id=?
2026-03-11T15:24:49.418+05:30 DEBUG 12812 --- [backend] [http-nio-8081-exec-3] org.hibernate.SQL                        : select rui1_0.hackathon_id,rui1_0.registered_user_ids from hackathon_registered_user_ids rui1_0 where rui1_0.hackathon_id=?
2026-03-11T15:24:49.418+05:30 DEBUG 12812 --- [backend] [http-nio-8081-exec-3] org.hibernate.SQL                        : select rui1_0.hackathon_id,rui1_0.registered_user_ids from hackathon_registered_user_ids rui1_0 where rui1_0.hackathon_id=?
2026-03-11T15:24:49.420+05:30 DEBUG 12812 --- [backend] [http-nio-8081-exec-3] org.hibernate.SQL                        : select rui1_0.hackathon_id,rui1_0.registered_user_ids from hackathon_registered_user_ids rui1_0 where rui1_0.hackathon_id=?
2026-03-11T15:24:49.421+05:30 DEBUG 12812 --- [backend] [http-nio-8081-exec-3] org.hibernate.SQL                        : select rui1_0.hackathon_id,rui1_0.registered_user_ids from hackathon_registered_user_ids rui1_0 where rui1_0.hackathon_id=?
2026-03-11T15:24:49.426+05:30 DEBUG 12812 --- [backend] [http-nio-8081-exec-4] org.hibernate.SQL                        : select p1_0.id,p1_0.description,p1_0.difficulty,p1_0.hackathon_id,p1_0.input_format,p1_0.memory_limit,p1_0.output_format,p1_0.time_limit,p1_0.title from problems p1_0
2026-03-11T15:24:49.433+05:30 DEBUG 12812 --- [backend] [http-nio-8081-exec-4] org.hibernate.SQL                        : select tc1_0.problem_id,tc1_0.id,tc1_0.expected_output,tc1_0.explanation,tc1_0.input,tc1_0.is_hidden from test_cases tc1_0 where tc1_0.problem_id=?
2026-03-11T15:24:56.654+05:30 DEBUG 12812 --- [backend] [http-nio-8081-exec-1] org.hibernate.SQL                        : select w1_0.id,w1_0.date,w1_0.description,w1_0.image,w1_0.is_paid,w1_0.meeting_link,w1_0.price,w1_0.speaker,w1_0.time,w1_0.title from webinars w1_0
2026-03-11T15:24:56.686+05:30 DEBUG 12812 --- [backend] [http-nio-8081-exec-9] org.hibernate.SQL                        : select w1_0.id,w1_0.date,w1_0.description,w1_0.image,w1_0.is_paid,w1_0.meeting_link,w1_0.price,w1_0.speaker,w1_0.time,w1_0.title from webinars w1_0
2026-03-11T15:25:00.529+05:30 DEBUG 12812 --- [backend] [http-nio-8081-exec-5] org.hibernate.SQL                        : select t1_0.id,t1_0.course,t1_0.image,t1_0.message,t1_0.name,t1_0.thumbnail,t1_0.video_url from testimonials t1_0 where t1_0.video_url is not null
2026-03-11T15:25:00.552+05:30 DEBUG 12812 --- [backend] [http-nio-8081-exec-10] org.hibernate.SQL                        : select t1_0.id,t1_0.course,t1_0.image,t1_0.message,t1_0.name,t1_0.thumbnail,t1_0.video_url from testimonials t1_0 where t1_0.video_url is not null
2026-03-11T15:25:03.754+05:30 DEBUG 12812 --- [backend] [http-nio-8081-exec-8] org.hibernate.SQL                        : select t1_0.id,t1_0.course,t1_0.image,t1_0.message,t1_0.name,t1_0.thumbnail,t1_0.video_url from testimonials t1_0 where t1_0.video_url is null
2026-03-11T15:25:03.777+05:30 DEBUG 12812 --- [backend] [http-nio-8081-exec-7] org.hibernate.SQL                        : select t1_0.id,t1_0.course,t1_0.image,t1_0.message,t1_0.name,t1_0.thumbnail,t1_0.video_url from testimonials t1_0 where t1_0.video_url is null
2026-03-11T15:25:06.406+05:30 DEBUG 12812 --- [backend] [http-nio-8081-exec-5] org.hibernate.SQL                        : select e1_0.id,e1_0.amount_paid,e1_0.certificate_date,e1_0.certificate_id,e1_0.certificate_issued,e1_0.course_name,e1_0.discount,e1_0.enrollment_date,e1_0.fee,e1_0.payment_time,e1_0.progress,e1_0.status,e1_0.student_name,e1_0.transaction_id,e1_0.user_id from enrollments e1_0
2026-03-11T15:25:06.406+05:30 DEBUG 12812 --- [backend] [http-nio-8081-exec-10] org.hibernate.SQL                        : select u1_0.id,u1_0.certificate_date,u1_0.certificate_issued,u1_0.course,u1_0.discount,u1_0.email,u1_0.password,u1_0.phone,u1_0.profile_picture,u1_0.role,u1_0.total_fee,u1_0.username from users u1_0
2026-03-11T15:25:06.411+05:30 DEBUG 12812 --- [backend] [http-nio-8081-exec-5] org.hibernate.SQL                        : select u1_0.id,u1_0.certificate_date,u1_0.certificate_issued,u1_0.course,u1_0.discount,u1_0.email,u1_0.password,u1_0.phone,u1_0.profile_picture,u1_0.role,u1_0.total_fee,u1_0.username from users u1_0 where u1_0.id=?
2026-03-11T15:25:06.416+05:30 DEBUG 12812 --- [backend] [http-nio-8081-exec-5] org.hibernate.SQL                        : select u1_0.id,u1_0.certificate_date,u1_0.certificate_issued,u1_0.course,u1_0.discount,u1_0.email,u1_0.password,u1_0.phone,u1_0.profile_picture,u1_0.role,u1_0.total_fee,u1_0.username from users u1_0 where u1_0.id=?
2026-03-11T15:25:06.420+05:30 DEBUG 12812 --- [backend] [http-nio-8081-exec-5] org.hibernate.SQL                        : select u1_0.id,u1_0.certificate_date,u1_0.certificate_issued,u1_0.course,u1_0.discount,u1_0.email,u1_0.password,u1_0.phone,u1_0.profile_picture,u1_0.role,u1_0.total_fee,u1_0.username from users u1_0 where u1_0.id=?
2026-03-11T15:25:06.423+05:30 DEBUG 12812 --- [backend] [http-nio-8081-exec-5] org.hibernate.SQL                        : select u1_0.id,u1_0.certificate_date,u1_0.certificate_issued,u1_0.course,u1_0.discount,u1_0.email,u1_0.password,u1_0.phone,u1_0.profile_picture,u1_0.role,u1_0.total_fee,u1_0.username from users u1_0 where u1_0.id=?
2026-03-11T15:25:06.426+05:30 DEBUG 12812 --- [backend] [http-nio-8081-exec-5] org.hibernate.SQL                        : select u1_0.id,u1_0.certificate_date,u1_0.certificate_issued,u1_0.course,u1_0.discount,u1_0.email,u1_0.password,u1_0.phone,u1_0.profile_picture,u1_0.role,u1_0.total_fee,u1_0.username from users u1_0 where u1_0.id=?
2026-03-11T15:25:06.429+05:30 DEBUG 12812 --- [backend] [http-nio-8081-exec-5] org.hibernate.SQL                        : select u1_0.id,u1_0.certificate_date,u1_0.certificate_issued,u1_0.course,u1_0.discount,u1_0.email,u1_0.password,u1_0.phone,u1_0.profile_picture,u1_0.role,u1_0.total_fee,u1_0.username from users u1_0 where u1_0.id=?
2026-03-11T15:25:06.432+05:30 DEBUG 12812 --- [backend] [http-nio-8081-exec-3] org.hibernate.SQL                        : select u1_0.id,u1_0.certificate_date,u1_0.certificate_issued,u1_0.course,u1_0.discount,u1_0.email,u1_0.password,u1_0.phone,u1_0.profile_picture,u1_0.role,u1_0.total_fee,u1_0.username from users u1_0
2026-03-11T15:25:06.432+05:30 DEBUG 12812 --- [backend] [http-nio-8081-exec-5] org.hibernate.SQL                        : select u1_0.id,u1_0.certificate_date,u1_0.certificate_issued,u1_0.course,u1_0.discount,u1_0.email,u1_0.password,u1_0.phone,u1_0.profile_picture,u1_0.role,u1_0.total_fee,u1_0.username from users u1_0 where u1_0.id=?
2026-03-11T15:25:06.439+05:30 DEBUG 12812 --- [backend] [http-nio-8081-exec-5] org.hibernate.SQL                        : select u1_0.id,u1_0.certificate_date,u1_0.certificate_issued,u1_0.course,u1_0.discount,u1_0.email,u1_0.password,u1_0.phone,u1_0.profile_picture,u1_0.role,u1_0.total_fee,u1_0.username from users u1_0 where u1_0.id=?
2026-03-11T15:25:06.441+05:30 DEBUG 12812 --- [backend] [http-nio-8081-exec-5] org.hibernate.SQL                        : select u1_0.id,u1_0.certificate_date,u1_0.certificate_issued,u1_0.course,u1_0.discount,u1_0.email,u1_0.password,u1_0.phone,u1_0.profile_picture,u1_0.role,u1_0.total_fee,u1_0.username from users u1_0 where u1_0.id=?
2026-03-11T15:25:06.465+05:30 DEBUG 12812 --- [backend] [http-nio-8081-exec-4] org.hibernate.SQL                        : select e1_0.id,e1_0.amount_paid,e1_0.certificate_date,e1_0.certificate_id,e1_0.certificate_issued,e1_0.course_name,e1_0.discount,e1_0.enrollment_date,e1_0.fee,e1_0.payment_time,e1_0.progress,e1_0.status,e1_0.student_name,e1_0.transaction_id,e1_0.user_id from enrollments e1_0
2026-03-11T15:25:06.468+05:30 DEBUG 12812 --- [backend] [http-nio-8081-exec-4] org.hibernate.SQL                        : select u1_0.id,u1_0.certificate_date,u1_0.certificate_issued,u1_0.course,u1_0.discount,u1_0.email,u1_0.password,u1_0.phone,u1_0.profile_picture,u1_0.role,u1_0.total_fee,u1_0.username from users u1_0 where u1_0.id=?
2026-03-11T15:25:06.471+05:30 DEBUG 12812 --- [backend] [http-nio-8081-exec-4] org.hibernate.SQL                        : select u1_0.id,u1_0.certificate_date,u1_0.certificate_issued,u1_0.course,u1_0.discount,u1_0.email,u1_0.password,u1_0.phone,u1_0.profile_picture,u1_0.role,u1_0.total_fee,u1_0.username from users u1_0 where u1_0.id=?
2026-03-11T15:25:06.473+05:30 DEBUG 12812 --- [backend] [http-nio-8081-exec-4] org.hibernate.SQL                        : select u1_0.id,u1_0.certificate_date,u1_0.certificate_issued,u1_0.course,u1_0.discount,u1_0.email,u1_0.password,u1_0.phone,u1_0.profile_picture,u1_0.role,u1_0.total_fee,u1_0.username from users u1_0 where u1_0.id=?
2026-03-11T15:25:06.475+05:30 DEBUG 12812 --- [backend] [http-nio-8081-exec-4] org.hibernate.SQL                        : select u1_0.id,u1_0.certificate_date,u1_0.certificate_issued,u1_0.course,u1_0.discount,u1_0.email,u1_0.password,u1_0.phone,u1_0.profile_picture,u1_0.role,u1_0.total_fee,u1_0.username from users u1_0 where u1_0.id=?
2026-03-11T15:25:06.476+05:30 DEBUG 12812 --- [backend] [http-nio-8081-exec-4] org.hibernate.SQL                        : select u1_0.id,u1_0.certificate_date,u1_0.certificate_issued,u1_0.course,u1_0.discount,u1_0.email,u1_0.password,u1_0.phone,u1_0.profile_picture,u1_0.role,u1_0.total_fee,u1_0.username from users u1_0 where u1_0.id=?
2026-03-11T15:25:06.479+05:30 DEBUG 12812 --- [backend] [http-nio-8081-exec-4] org.hibernate.SQL                        : select u1_0.id,u1_0.certificate_date,u1_0.certificate_issued,u1_0.course,u1_0.discount,u1_0.email,u1_0.password,u1_0.phone,u1_0.profile_picture,u1_0.role,u1_0.total_fee,u1_0.username from users u1_0 where u1_0.id=?
2026-03-11T15:25:06.479+05:30 DEBUG 12812 --- [backend] [http-nio-8081-exec-4] org.hibernate.SQL                        : select u1_0.id,u1_0.certificate_date,u1_0.certificate_issued,u1_0.course,u1_0.discount,u1_0.email,u1_0.password,u1_0.phone,u1_0.profile_picture,u1_0.role,u1_0.total_fee,u1_0.username from users u1_0 where u1_0.id=?
2026-03-11T15:25:06.485+05:30 DEBUG 12812 --- [backend] [http-nio-8081-exec-4] org.hibernate.SQL                        : select u1_0.id,u1_0.certificate_date,u1_0.certificate_issued,u1_0.course,u1_0.discount,u1_0.email,u1_0.password,u1_0.phone,u1_0.profile_picture,u1_0.role,u1_0.total_fee,u1_0.username from users u1_0 where u1_0.id=?
2026-03-11T15:25:06.485+05:30 DEBUG 12812 --- [backend] [http-nio-8081-exec-4] org.hibernate.SQL                        : select u1_0.id,u1_0.certificate_date,u1_0.certificate_issued,u1_0.course,u1_0.discount,u1_0.email,u1_0.password,u1_0.phone,u1_0.profile_picture,u1_0.role,u1_0.total_fee,u1_0.username from users u1_0 where u1_0.id=?
2026-03-11T15:25:24.644+05:30 DEBUG 12812 --- [backend] [http-nio-8081-exec-1] org.hibernate.SQL                        : select e1_0.id,e1_0.amount_paid,e1_0.certificate_date,e1_0.certificate_id,e1_0.certificate_issued,e1_0.course_name,e1_0.discount,e1_0.enrollment_date,e1_0.fee,e1_0.payment_time,e1_0.progress,e1_0.status,e1_0.student_name,e1_0.transaction_id,e1_0.user_id from enrollments e1_0
2026-03-11T15:25:24.644+05:30 DEBUG 12812 --- [backend] [http-nio-8081-exec-6] org.hibernate.SQL                        : select u1_0.id,u1_0.certificate_date,u1_0.certificate_issued,u1_0.course,u1_0.discount,u1_0.email,u1_0.password,u1_0.phone,u1_0.profile_picture,u1_0.role,u1_0.total_fee,u1_0.username from users u1_0
2026-03-11T15:25:24.647+05:30 DEBUG 12812 --- [backend] [http-nio-8081-exec-1] org.hibernate.SQL                        : select u1_0.id,u1_0.certificate_date,u1_0.certificate_issued,u1_0.course,u1_0.discount,u1_0.email,u1_0.password,u1_0.phone,u1_0.profile_picture,u1_0.role,u1_0.total_fee,u1_0.username from users u1_0 where u1_0.id=?
2026-03-11T15:25:24.650+05:30 DEBUG 12812 --- [backend] [http-nio-8081-exec-1] org.hibernate.SQL                        : select u1_0.id,u1_0.certificate_date,u1_0.certificate_issued,u1_0.course,u1_0.discount,u1_0.email,u1_0.password,u1_0.phone,u1_0.profile_picture,u1_0.role,u1_0.total_fee,u1_0.username from users u1_0 where u1_0.id=?
2026-03-11T15:25:24.650+05:30 DEBUG 12812 --- [backend] [http-nio-8081-exec-1] org.hibernate.SQL                        : select u1_0.id,u1_0.certificate_date,u1_0.certificate_issued,u1_0.course,u1_0.discount,u1_0.email,u1_0.password,u1_0.phone,u1_0.profile_picture,u1_0.role,u1_0.total_fee,u1_0.username from users u1_0 where u1_0.id=?
2026-03-11T15:25:24.652+05:30 DEBUG 12812 --- [backend] [http-nio-8081-exec-1] org.hibernate.SQL                        : select u1_0.id,u1_0.certificate_date,u1_0.certificate_issued,u1_0.course,u1_0.discount,u1_0.email,u1_0.password,u1_0.phone,u1_0.profile_picture,u1_0.role,u1_0.total_fee,u1_0.username from users u1_0 where u1_0.id=?
2026-03-11T15:25:24.655+05:30 DEBUG 12812 --- [backend] [http-nio-8081-exec-1] org.hibernate.SQL                        : select u1_0.id,u1_0.certificate_date,u1_0.certificate_issued,u1_0.course,u1_0.discount,u1_0.email,u1_0.password,u1_0.phone,u1_0.profile_picture,u1_0.role,u1_0.total_fee,u1_0.username from users u1_0 where u1_0.id=?
2026-03-11T15:25:24.655+05:30 DEBUG 12812 --- [backend] [http-nio-8081-exec-1] org.hibernate.SQL                        : select u1_0.id,u1_0.certificate_date,u1_0.certificate_issued,u1_0.course,u1_0.discount,u1_0.email,u1_0.password,u1_0.phone,u1_0.profile_picture,u1_0.role,u1_0.total_fee,u1_0.username from users u1_0 where u1_0.id=?
2026-03-11T15:25:24.660+05:30 DEBUG 12812 --- [backend] [http-nio-8081-exec-1] org.hibernate.SQL                        : select u1_0.id,u1_0.certificate_date,u1_0.certificate_issued,u1_0.course,u1_0.discount,u1_0.email,u1_0.password,u1_0.phone,u1_0.profile_picture,u1_0.role,u1_0.total_fee,u1_0.username from users u1_0 where u1_0.id=?
2026-03-11T15:25:24.661+05:30 DEBUG 12812 --- [backend] [http-nio-8081-exec-1] org.hibernate.SQL                        : select u1_0.id,u1_0.certificate_date,u1_0.certificate_issued,u1_0.course,u1_0.discount,u1_0.email,u1_0.password,u1_0.phone,u1_0.profile_picture,u1_0.role,u1_0.total_fee,u1_0.username from users u1_0 where u1_0.id=?
2026-03-11T15:25:24.664+05:30 DEBUG 12812 --- [backend] [http-nio-8081-exec-1] org.hibernate.SQL                        : select u1_0.id,u1_0.certificate_date,u1_0.certificate_issued,u1_0.course,u1_0.discount,u1_0.email,u1_0.password,u1_0.phone,u1_0.profile_picture,u1_0.role,u1_0.total_fee,u1_0.username from users u1_0 where u1_0.id=?
2026-03-11T15:25:24.666+05:30 DEBUG 12812 --- [backend] [http-nio-8081-exec-10] org.hibernate.SQL                        : select u1_0.id,u1_0.certificate_date,u1_0.certificate_issued,u1_0.course,u1_0.discount,u1_0.email,u1_0.password,u1_0.phone,u1_0.profile_picture,u1_0.role,u1_0.total_fee,u1_0.username from users u1_0
2026-03-11T15:25:24.689+05:30 DEBUG 12812 --- [backend] [http-nio-8081-exec-1] org.hibernate.SQL                        : select e1_0.id,e1_0.amount_paid,e1_0.certificate_date,e1_0.certificate_id,e1_0.certificate_issued,e1_0.course_name,e1_0.discount,e1_0.enrollment_date,e1_0.fee,e1_0.payment_time,e1_0.progress,e1_0.status,e1_0.student_name,e1_0.transaction_id,e1_0.user_id from enrollments e1_0
2026-03-11T15:25:24.690+05:30 DEBUG 12812 --- [backend] [http-nio-8081-exec-1] org.hibernate.SQL                        : select u1_0.id,u1_0.certificate_date,u1_0.certificate_issued,u1_0.course,u1_0.discount,u1_0.email,u1_0.password,u1_0.phone,u1_0.profile_picture,u1_0.role,u1_0.total_fee,u1_0.username from users u1_0 where u1_0.id=?
2026-03-11T15:25:24.692+05:30 DEBUG 12812 --- [backend] [http-nio-8081-exec-1] org.hibernate.SQL                        : select u1_0.id,u1_0.certificate_date,u1_0.certificate_issued,u1_0.course,u1_0.discount,u1_0.email,u1_0.password,u1_0.phone,u1_0.profile_picture,u1_0.role,u1_0.total_fee,u1_0.username from users u1_0 where u1_0.id=?
2026-03-11T15:25:24.695+05:30 DEBUG 12812 --- [backend] [http-nio-8081-exec-1] org.hibernate.SQL                        : select u1_0.id,u1_0.certificate_date,u1_0.certificate_issued,u1_0.course,u1_0.discount,u1_0.email,u1_0.password,u1_0.phone,u1_0.profile_picture,u1_0.role,u1_0.total_fee,u1_0.username from users u1_0 where u1_0.id=?
2026-03-11T15:25:24.697+05:30 DEBUG 12812 --- [backend] [http-nio-8081-exec-1] org.hibernate.SQL                        : select u1_0.id,u1_0.certificate_date,u1_0.certificate_issued,u1_0.course,u1_0.discount,u1_0.email,u1_0.password,u1_0.phone,u1_0.profile_picture,u1_0.role,u1_0.total_fee,u1_0.username from users u1_0 where u1_0.id=?
2026-03-11T15:25:24.699+05:30 DEBUG 12812 --- [backend] [http-nio-8081-exec-1] org.hibernate.SQL                        : select u1_0.id,u1_0.certificate_date,u1_0.certificate_issued,u1_0.course,u1_0.discount,u1_0.email,u1_0.password,u1_0.phone,u1_0.profile_picture,u1_0.role,u1_0.total_fee,u1_0.username from users u1_0 where u1_0.id=?
2026-03-11T15:25:24.699+05:30 DEBUG 12812 --- [backend] [http-nio-8081-exec-1] org.hibernate.SQL                        : select u1_0.id,u1_0.certificate_date,u1_0.certificate_issued,u1_0.course,u1_0.discount,u1_0.email,u1_0.password,u1_0.phone,u1_0.profile_picture,u1_0.role,u1_0.total_fee,u1_0.username from users u1_0 where u1_0.id=?
2026-03-11T15:25:24.703+05:30 DEBUG 12812 --- [backend] [http-nio-8081-exec-1] org.hibernate.SQL                        : select u1_0.id,u1_0.certificate_date,u1_0.certificate_issued,u1_0.course,u1_0.discount,u1_0.email,u1_0.password,u1_0.phone,u1_0.profile_picture,u1_0.role,u1_0.total_fee,u1_0.username from users u1_0 where u1_0.id=?
2026-03-11T15:25:24.704+05:30 DEBUG 12812 --- [backend] [http-nio-8081-exec-1] org.hibernate.SQL                        : select u1_0.id,u1_0.certificate_date,u1_0.certificate_issued,u1_0.course,u1_0.discount,u1_0.email,u1_0.password,u1_0.phone,u1_0.profile_picture,u1_0.role,u1_0.total_fee,u1_0.username from users u1_0 where u1_0.id=?
2026-03-11T15:25:24.704+05:30 DEBUG 12812 --- [backend] [http-nio-8081-exec-1] org.hibernate.SQL                        : select u1_0.id,u1_0.certificate_date,u1_0.certificate_issued,u1_0.course,u1_0.discount,u1_0.email,u1_0.password,u1_0.phone,u1_0.profile_picture,u1_0.role,u1_0.total_fee,u1_0.username from users u1_0 where u1_0.id=?
2026-03-11T15:25:29.499+05:30 DEBUG 12812 --- [backend] [http-nio-8081-exec-8] org.hibernate.SQL                        : select c1_0.id,c1_0.bg_color,c1_0.border_color,c1_0.color,c1_0.description,c1_0.discount,c1_0.domain,c1_0.duration,c1_0.gradient,c1_0.icon_name,c1_0.level,c1_0.live_link,c1_0.name,c1_0.shadow,c1_0.slug,c1_0.total_fee from courses c1_0
2026-03-11T15:25:29.507+05:30 DEBUG 12812 --- [backend] [http-nio-8081-exec-8] org.hibernate.SQL                        : select s1_0.course_id,s1_0.id,s1_0.title from sections s1_0 where s1_0.course_id=?
2026-03-11T15:25:29.511+05:30 DEBUG 12812 --- [backend] [http-nio-8081-exec-8] org.hibernate.SQL                        : select v1_0.section_id,v1_0.id,v1_0.duration,v1_0.title,v1_0.type,v1_0.url from videos v1_0 where v1_0.section_id=?
2026-03-11T15:25:29.514+05:30 DEBUG 12812 --- [backend] [http-nio-8081-exec-8] org.hibernate.SQL                        : select q1_0.section_id,q1_0.id,q1_0.description,q1_0.title from quizzes q1_0 where q1_0.section_id in (select s1_0.id from sections s1_0 where s1_0.course_id=?)
2026-03-11T15:25:29.515+05:30 DEBUG 12812 --- [backend] [http-nio-8081-exec-8] org.hibernate.SQL                        : select v1_0.section_id,v1_0.id,v1_0.duration,v1_0.title,v1_0.type,v1_0.url from videos v1_0 where v1_0.section_id=?
2026-03-11T15:25:29.519+05:30 DEBUG 12812 --- [backend] [http-nio-8081-exec-8] org.hibernate.SQL                        : select q1_0.quiz_id,q1_0.id,q1_0.correct_option_index,q1_0.question_text from questions q1_0 where q1_0.quiz_id=?
2026-03-11T15:25:29.519+05:30 DEBUG 12812 --- [backend] [http-nio-8081-exec-8] org.hibernate.SQL                        : select o1_0.question_id,o1_0.option_text from question_options o1_0 where o1_0.question_id=?
2026-03-11T15:25:29.521+05:30 DEBUG 12812 --- [backend] [http-nio-8081-exec-8] org.hibernate.SQL                        : select o1_0.question_id,o1_0.option_text from question_options o1_0 where o1_0.question_id=?
2026-03-11T15:25:29.523+05:30 DEBUG 12812 --- [backend] [http-nio-8081-exec-8] org.hibernate.SQL                        : select v1_0.section_id,v1_0.id,v1_0.duration,v1_0.title,v1_0.type,v1_0.url from videos v1_0 where v1_0.section_id=?
2026-03-11T15:25:29.526+05:30 DEBUG 12812 --- [backend] [http-nio-8081-exec-8] org.hibernate.SQL                        : select s1_0.course_id,s1_0.id,s1_0.title from sections s1_0 where s1_0.course_id=?
2026-03-11T15:25:29.527+05:30 DEBUG 12812 --- [backend] [http-nio-8081-exec-8] org.hibernate.SQL                        : select s1_0.course_id,s1_0.id,s1_0.title from sections s1_0 where s1_0.course_id=?
2026-03-11T15:25:29.527+05:30 DEBUG 12812 --- [backend] [http-nio-8081-exec-8] org.hibernate.SQL                        : select s1_0.course_id,s1_0.id,s1_0.title from sections s1_0 where s1_0.course_id=?
2026-03-11T15:25:29.527+05:30 DEBUG 12812 --- [backend] [http-nio-8081-exec-8] org.hibernate.SQL                        : select s1_0.course_id,s1_0.id,s1_0.title from sections s1_0 where s1_0.course_id=?
2026-03-11T15:25:29.527+05:30 DEBUG 12812 --- [backend] [http-nio-8081-exec-8] org.hibernate.SQL                        : select s1_0.course_id,s1_0.id,s1_0.title from sections s1_0 where s1_0.course_id=?
2026-03-11T15:25:29.527+05:30 DEBUG 12812 --- [backend] [http-nio-8081-exec-8] org.hibernate.SQL                        : select s1_0.course_id,s1_0.id,s1_0.title from sections s1_0 where s1_0.course_id=?
2026-03-11T15:25:29.533+05:30 DEBUG 12812 --- [backend] [http-nio-8081-exec-8] org.hibernate.SQL                        : select s1_0.course_id,s1_0.id,s1_0.title from sections s1_0 where s1_0.course_id=?
2026-03-11T15:25:29.533+05:30 DEBUG 12812 --- [backend] [http-nio-8081-exec-8] org.hibernate.SQL                        : select s1_0.course_id,s1_0.id,s1_0.title from sections s1_0 where s1_0.course_id=?
2026-03-11T15:25:29.533+05:30 DEBUG 12812 --- [backend] [http-nio-8081-exec-8] org.hibernate.SQL                        : select s1_0.course_id,s1_0.id,s1_0.title from sections s1_0 where s1_0.course_id=?
2026-03-11T15:25:29.549+05:30 DEBUG 12812 --- [backend] [http-nio-8081-exec-7] org.hibernate.SQL                        : select c1_0.id,c1_0.bg_color,c1_0.border_color,c1_0.color,c1_0.description,c1_0.discount,c1_0.domain,c1_0.duration,c1_0.gradient,c1_0.icon_name,c1_0.level,c1_0.live_link,c1_0.name,c1_0.shadow,c1_0.slug,c1_0.total_fee from courses c1_0
2026-03-11T15:25:29.558+05:30 DEBUG 12812 --- [backend] [http-nio-8081-exec-7] org.hibernate.SQL                        : select s1_0.course_id,s1_0.id,s1_0.title from sections s1_0 where s1_0.course_id=?
2026-03-11T15:25:29.561+05:30 DEBUG 12812 --- [backend] [http-nio-8081-exec-7] org.hibernate.SQL                        : select v1_0.section_id,v1_0.id,v1_0.duration,v1_0.title,v1_0.type,v1_0.url from videos v1_0 where v1_0.section_id=?
2026-03-11T15:25:29.565+05:30 DEBUG 12812 --- [backend] [http-nio-8081-exec-7] org.hibernate.SQL                        : select q1_0.section_id,q1_0.id,q1_0.description,q1_0.title from quizzes q1_0 where q1_0.section_id in (select s1_0.id from sections s1_0 where s1_0.course_id=?)
2026-03-11T15:25:29.565+05:30 DEBUG 12812 --- [backend] [http-nio-8081-exec-7] org.hibernate.SQL                        : select v1_0.section_id,v1_0.id,v1_0.duration,v1_0.title,v1_0.type,v1_0.url from videos v1_0 where v1_0.section_id=?
2026-03-11T15:25:29.565+05:30 DEBUG 12812 --- [backend] [http-nio-8081-exec-7] org.hibernate.SQL                        : select q1_0.quiz_id,q1_0.id,q1_0.correct_option_index,q1_0.question_text from questions q1_0 where q1_0.quiz_id=?
2026-03-11T15:25:29.565+05:30 DEBUG 12812 --- [backend] [http-nio-8081-exec-7] org.hibernate.SQL                        : select o1_0.question_id,o1_0.option_text from question_options o1_0 where o1_0.question_id=?
2026-03-11T15:25:29.571+05:30 DEBUG 12812 --- [backend] [http-nio-8081-exec-7] org.hibernate.SQL                        : select o1_0.question_id,o1_0.option_text from question_options o1_0 where o1_0.question_id=?
2026-03-11T15:25:29.573+05:30 DEBUG 12812 --- [backend] [http-nio-8081-exec-7] org.hibernate.SQL                        : select v1_0.section_id,v1_0.id,v1_0.duration,v1_0.title,v1_0.type,v1_0.url from videos v1_0 where v1_0.section_id=?
2026-03-11T15:25:29.574+05:30 DEBUG 12812 --- [backend] [http-nio-8081-exec-7] org.hibernate.SQL                        : select s1_0.course_id,s1_0.id,s1_0.title from sections s1_0 where s1_0.course_id=?
2026-03-11T15:25:29.576+05:30 DEBUG 12812 --- [backend] [http-nio-8081-exec-7] org.hibernate.SQL                        : select s1_0.course_id,s1_0.id,s1_0.title from sections s1_0 where s1_0.course_id=?
2026-03-11T15:25:29.576+05:30 DEBUG 12812 --- [backend] [http-nio-8081-exec-7] org.hibernate.SQL                        : select s1_0.course_id,s1_0.id,s1_0.title from sections s1_0 where s1_0.course_id=?
2026-03-11T15:25:29.576+05:30 DEBUG 12812 --- [backend] [http-nio-8081-exec-7] org.hibernate.SQL                        : select s1_0.course_id,s1_0.id,s1_0.title from sections s1_0 where s1_0.course_id=?
2026-03-11T15:25:29.579+05:30 DEBUG 12812 --- [backend] [http-nio-8081-exec-7] org.hibernate.SQL                        : select s1_0.course_id,s1_0.id,s1_0.title from sections s1_0 where s1_0.course_id=?
2026-03-11T15:25:29.579+05:30 DEBUG 12812 --- [backend] [http-nio-8081-exec-7] org.hibernate.SQL                        : select s1_0.course_id,s1_0.id,s1_0.title from sections s1_0 where s1_0.course_id=?
2026-03-11T15:25:29.579+05:30 DEBUG 12812 --- [backend] [http-nio-8081-exec-7] org.hibernate.SQL                        : select s1_0.course_id,s1_0.id,s1_0.title from sections s1_0 where s1_0.course_id=?
2026-03-11T15:25:29.584+05:30 DEBUG 12812 --- [backend] [http-nio-8081-exec-7] org.hibernate.SQL                        : select s1_0.course_id,s1_0.id,s1_0.title from sections s1_0 where s1_0.course_id=?
2026-03-11T15:25:29.586+05:30 DEBUG 12812 --- [backend] [http-nio-8081-exec-7] org.hibernate.SQL                        : select s1_0.course_id,s1_0.id,s1_0.title from sections s1_0 where s1_0.course_id=?
2026-03-11T15:25:41.192+05:30 DEBUG 12812 --- [backend] [http-nio-8081-exec-9] org.hibernate.SQL                        : select c1_0.id,c1_0.bg_color,c1_0.border_color,c1_0.color,c1_0.description,c1_0.discount,c1_0.domain,c1_0.duration,c1_0.gradient,c1_0.icon_name,c1_0.level,c1_0.live_link,c1_0.name,c1_0.shadow,c1_0.slug,c1_0.total_fee from courses c1_0 where c1_0.name=?
2026-03-11T15:25:41.207+05:30 DEBUG 12812 --- [backend] [http-nio-8081-exec-9] org.hibernate.SQL                        : update courses set bg_color=?,border_color=?,color=?,description=?,discount=?,domain=?,duration=?,gradient=?,icon_name=?,level=?,live_link=?,name=?,shadow=?,slug=?,total_fee=? where id=?
2026-03-11T15:25:41.234+05:30 DEBUG 12812 --- [backend] [http-nio-8081-exec-9] org.hibernate.SQL                        : select s1_0.course_id,s1_0.id,s1_0.title from sections s1_0 where s1_0.course_id=?
2026-03-11T15:25:45.631+05:30 DEBUG 12812 --- [backend] [http-nio-8081-exec-10] org.hibernate.SQL                        : select c1_0.id,c1_0.bg_color,c1_0.border_color,c1_0.color,c1_0.description,c1_0.discount,c1_0.domain,c1_0.duration,c1_0.gradient,c1_0.icon_name,c1_0.level,c1_0.live_link,c1_0.name,c1_0.shadow,c1_0.slug,c1_0.total_fee from courses c1_0
2026-03-11T15:25:45.638+05:30 DEBUG 12812 --- [backend] [http-nio-8081-exec-10] org.hibernate.SQL                        : select s1_0.course_id,s1_0.id,s1_0.title from sections s1_0 where s1_0.course_id=?
2026-03-11T15:25:45.639+05:30 DEBUG 12812 --- [backend] [http-nio-8081-exec-10] org.hibernate.SQL                        : select v1_0.section_id,v1_0.id,v1_0.duration,v1_0.title,v1_0.type,v1_0.url from videos v1_0 where v1_0.section_id=?
2026-03-11T15:25:45.643+05:30 DEBUG 12812 --- [backend] [http-nio-8081-exec-10] org.hibernate.SQL                        : select q1_0.section_id,q1_0.id,q1_0.description,q1_0.title from quizzes q1_0 where q1_0.section_id in (select s1_0.id from sections s1_0 where s1_0.course_id=?)
2026-03-11T15:25:45.647+05:30 DEBUG 12812 --- [backend] [http-nio-8081-exec-10] org.hibernate.SQL                        : select v1_0.section_id,v1_0.id,v1_0.duration,v1_0.title,v1_0.type,v1_0.url from videos v1_0 where v1_0.section_id=?
2026-03-11T15:25:45.649+05:30 DEBUG 12812 --- [backend] [http-nio-8081-exec-10] org.hibernate.SQL                        : select q1_0.quiz_id,q1_0.id,q1_0.correct_option_index,q1_0.question_text from questions q1_0 where q1_0.quiz_id=?
2026-03-11T15:25:45.649+05:30 DEBUG 12812 --- [backend] [http-nio-8081-exec-10] org.hibernate.SQL                        : select o1_0.question_id,o1_0.option_text from question_options o1_0 where o1_0.question_id=?
2026-03-11T15:25:45.649+05:30 DEBUG 12812 --- [backend] [http-nio-8081-exec-10] org.hibernate.SQL                        : select o1_0.question_id,o1_0.option_text from question_options o1_0 where o1_0.question_id=?
2026-03-11T15:25:45.654+05:30 DEBUG 12812 --- [backend] [http-nio-8081-exec-10] org.hibernate.SQL                        : select v1_0.section_id,v1_0.id,v1_0.duration,v1_0.title,v1_0.type,v1_0.url from videos v1_0 where v1_0.section_id=?
2026-03-11T15:25:45.655+05:30 DEBUG 12812 --- [backend] [http-nio-8081-exec-10] org.hibernate.SQL                        : select s1_0.course_id,s1_0.id,s1_0.title from sections s1_0 where s1_0.course_id=?
2026-03-11T15:25:45.657+05:30 DEBUG 12812 --- [backend] [http-nio-8081-exec-10] org.hibernate.SQL                        : select s1_0.course_id,s1_0.id,s1_0.title from sections s1_0 where s1_0.course_id=?
2026-03-11T15:25:45.658+05:30 DEBUG 12812 --- [backend] [http-nio-8081-exec-10] org.hibernate.SQL                        : select s1_0.course_id,s1_0.id,s1_0.title from sections s1_0 where s1_0.course_id=?
2026-03-11T15:25:45.661+05:30 DEBUG 12812 --- [backend] [http-nio-8081-exec-10] org.hibernate.SQL                        : select s1_0.course_id,s1_0.id,s1_0.title from sections s1_0 where s1_0.course_id=?
2026-03-11T15:25:45.661+05:30 DEBUG 12812 --- [backend] [http-nio-8081-exec-10] org.hibernate.SQL                        : select s1_0.course_id,s1_0.id,s1_0.title from sections s1_0 where s1_0.course_id=?
2026-03-11T15:25:45.664+05:30 DEBUG 12812 --- [backend] [http-nio-8081-exec-10] org.hibernate.SQL                        : select s1_0.course_id,s1_0.id,s1_0.title from sections s1_0 where s1_0.course_id=?
2026-03-11T15:25:45.665+05:30 DEBUG 12812 --- [backend] [http-nio-8081-exec-10] org.hibernate.SQL                        : select s1_0.course_id,s1_0.id,s1_0.title from sections s1_0 where s1_0.course_id=?
2026-03-11T15:25:45.665+05:30 DEBUG 12812 --- [backend] [http-nio-8081-exec-10] org.hibernate.SQL                        : select s1_0.course_id,s1_0.id,s1_0.title from sections s1_0 where s1_0.course_id=?
2026-03-11T15:25:45.665+05:30 DEBUG 12812 --- [backend] [http-nio-8081-exec-10] org.hibernate.SQL                        : select s1_0.course_id,s1_0.id,s1_0.title from sections s1_0 where s1_0.course_id=?
2026-03-11T15:25:45.688+05:30 DEBUG 12812 --- [backend] [http-nio-8081-exec-1] org.hibernate.SQL                        : select c1_0.id,c1_0.bg_color,c1_0.border_color,c1_0.color,c1_0.description,c1_0.discount,c1_0.domain,c1_0.duration,c1_0.gradient,c1_0.icon_name,c1_0.level,c1_0.live_link,c1_0.name,c1_0.shadow,c1_0.slug,c1_0.total_fee from courses c1_0
2026-03-11T15:25:45.692+05:30 DEBUG 12812 --- [backend] [http-nio-8081-exec-1] org.hibernate.SQL                        : select s1_0.course_id,s1_0.id,s1_0.title from sections s1_0 where s1_0.course_id=?
2026-03-11T15:25:45.697+05:30 DEBUG 12812 --- [backend] [http-nio-8081-exec-1] org.hibernate.SQL                        : select v1_0.section_id,v1_0.id,v1_0.duration,v1_0.title,v1_0.type,v1_0.url from videos v1_0 where v1_0.section_id=?
2026-03-11T15:25:45.701+05:30 DEBUG 12812 --- [backend] [http-nio-8081-exec-1] org.hibernate.SQL                        : select q1_0.section_id,q1_0.id,q1_0.description,q1_0.title from quizzes q1_0 where q1_0.section_id in (select s1_0.id from sections s1_0 where s1_0.course_id=?)
2026-03-11T15:25:45.702+05:30 DEBUG 12812 --- [backend] [http-nio-8081-exec-1] org.hibernate.SQL                        : select v1_0.section_id,v1_0.id,v1_0.duration,v1_0.title,v1_0.type,v1_0.url from videos v1_0 where v1_0.section_id=?
2026-03-11T15:25:45.704+05:30 DEBUG 12812 --- [backend] [http-nio-8081-exec-1] org.hibernate.SQL                        : select q1_0.quiz_id,q1_0.id,q1_0.correct_option_index,q1_0.question_text from questions q1_0 where q1_0.quiz_id=?
2026-03-11T15:25:45.708+05:30 DEBUG 12812 --- [backend] [http-nio-8081-exec-1] org.hibernate.SQL                        : select o1_0.question_id,o1_0.option_text from question_options o1_0 where o1_0.question_id=?
2026-03-11T15:25:45.708+05:30 DEBUG 12812 --- [backend] [http-nio-8081-exec-1] org.hibernate.SQL                        : select o1_0.question_id,o1_0.option_text from question_options o1_0 where o1_0.question_id=?
2026-03-11T15:25:45.708+05:30 DEBUG 12812 --- [backend] [http-nio-8081-exec-4] org.hibernate.SQL                        : select c1_0.id,c1_0.bg_color,c1_0.border_color,c1_0.color,c1_0.description,c1_0.discount,c1_0.domain,c1_0.duration,c1_0.gradient,c1_0.icon_name,c1_0.level,c1_0.live_link,c1_0.name,c1_0.shadow,c1_0.slug,c1_0.total_fee from courses c1_0 where c1_0.name=?
2026-03-11T15:25:45.711+05:30 DEBUG 12812 --- [backend] [http-nio-8081-exec-1] org.hibernate.SQL                        : select v1_0.section_id,v1_0.id,v1_0.duration,v1_0.title,v1_0.type,v1_0.url from videos v1_0 where v1_0.section_id=?
2026-03-11T15:25:45.711+05:30 DEBUG 12812 --- [backend] [http-nio-8081-exec-1] org.hibernate.SQL                        : select s1_0.course_id,s1_0.id,s1_0.title from sections s1_0 where s1_0.course_id=?
2026-03-11T15:25:45.714+05:30 DEBUG 12812 --- [backend] [http-nio-8081-exec-4] org.hibernate.SQL                        : select s1_0.course_id,s1_0.id,s1_0.title from sections s1_0 where s1_0.course_id=?
2026-03-11T15:25:45.715+05:30 DEBUG 12812 --- [backend] [http-nio-8081-exec-1] org.hibernate.SQL                        : select s1_0.course_id,s1_0.id,s1_0.title from sections s1_0 where s1_0.course_id=?
2026-03-11T15:25:45.715+05:30 DEBUG 12812 --- [backend] [http-nio-8081-exec-1] org.hibernate.SQL                        : select s1_0.course_id,s1_0.id,s1_0.title from sections s1_0 where s1_0.course_id=?
2026-03-11T15:25:45.715+05:30 DEBUG 12812 --- [backend] [http-nio-8081-exec-4] org.hibernate.SQL                        : select v1_0.section_id,v1_0.id,v1_0.duration,v1_0.title,v1_0.type,v1_0.url from videos v1_0 where v1_0.section_id=?
2026-03-11T15:25:45.718+05:30 DEBUG 12812 --- [backend] [http-nio-8081-exec-1] org.hibernate.SQL                        : select s1_0.course_id,s1_0.id,s1_0.title from sections s1_0 where s1_0.course_id=?
2026-03-11T15:25:45.718+05:30 DEBUG 12812 --- [backend] [http-nio-8081-exec-4] org.hibernate.SQL                        : select q1_0.section_id,q1_0.id,q1_0.description,q1_0.title from quizzes q1_0 where q1_0.section_id in (select s1_0.id from sections s1_0 where s1_0.course_id=?)
2026-03-11T15:25:45.718+05:30 DEBUG 12812 --- [backend] [http-nio-8081-exec-1] org.hibernate.SQL                        : select s1_0.course_id,s1_0.id,s1_0.title from sections s1_0 where s1_0.course_id=?
2026-03-11T15:25:45.718+05:30 DEBUG 12812 --- [backend] [http-nio-8081-exec-1] org.hibernate.SQL                        : select s1_0.course_id,s1_0.id,s1_0.title from sections s1_0 where s1_0.course_id=?
2026-03-11T15:25:45.718+05:30 DEBUG 12812 --- [backend] [http-nio-8081-exec-4] org.hibernate.SQL                        : select v1_0.section_id,v1_0.id,v1_0.duration,v1_0.title,v1_0.type,v1_0.url from videos v1_0 where v1_0.section_id=?
2026-03-11T15:25:45.721+05:30 DEBUG 12812 --- [backend] [http-nio-8081-exec-1] org.hibernate.SQL                        : select s1_0.course_id,s1_0.id,s1_0.title from sections s1_0 where s1_0.course_id=?
2026-03-11T15:25:45.721+05:30 DEBUG 12812 --- [backend] [http-nio-8081-exec-4] org.hibernate.SQL                        : select q1_0.quiz_id,q1_0.id,q1_0.correct_option_index,q1_0.question_text from questions q1_0 where q1_0.quiz_id=?
2026-03-11T15:25:45.723+05:30 DEBUG 12812 --- [backend] [http-nio-8081-exec-1] org.hibernate.SQL                        : select s1_0.course_id,s1_0.id,s1_0.title from sections s1_0 where s1_0.course_id=?
2026-03-11T15:25:45.723+05:30 DEBUG 12812 --- [backend] [http-nio-8081-exec-4] org.hibernate.SQL                        : select o1_0.question_id,o1_0.option_text from question_options o1_0 where o1_0.question_id=?
2026-03-11T15:25:45.725+05:30 DEBUG 12812 --- [backend] [http-nio-8081-exec-1] org.hibernate.SQL                        : select s1_0.course_id,s1_0.id,s1_0.title from sections s1_0 where s1_0.course_id=?
2026-03-11T15:25:45.725+05:30 DEBUG 12812 --- [backend] [http-nio-8081-exec-4] org.hibernate.SQL                        : select o1_0.question_id,o1_0.option_text from question_options o1_0 where o1_0.question_id=?
2026-03-11T15:25:45.727+05:30 DEBUG 12812 --- [backend] [http-nio-8081-exec-4] org.hibernate.SQL                        : select v1_0.section_id,v1_0.id,v1_0.duration,v1_0.title,v1_0.type,v1_0.url from videos v1_0 where v1_0.section_id=?
2026-03-11T15:29:52.189+05:30 DEBUG 12812 --- [backend] [http-nio-8081-exec-3] org.hibernate.SQL                        : select c1_0.id,c1_0.bg_color,c1_0.border_color,c1_0.color,c1_0.description,c1_0.discount,c1_0.domain,c1_0.duration,c1_0.gradient,c1_0.icon_name,c1_0.level,c1_0.live_link,c1_0.name,c1_0.shadow,c1_0.slug,c1_0.total_fee from courses c1_0 where c1_0.name=?
2026-03-11T15:29:52.194+05:30 DEBUG 12812 --- [backend] [http-nio-8081-exec-3] org.hibernate.SQL                        : select s1_0.course_id,s1_0.id,s1_0.title from sections s1_0 where s1_0.course_id=?
2026-03-11T15:29:52.204+05:30 DEBUG 12812 --- [backend] [http-nio-8081-exec-3] org.hibernate.SQL                        : insert into sections (title) values (?)
2026-03-11T15:29:52.218+05:30 DEBUG 12812 --- [backend] [http-nio-8081-exec-3] org.hibernate.SQL                        : insert into videos (duration,title,type,url) values (?,?,?,?)
2026-03-11T15:29:52.238+05:30 DEBUG 12812 --- [backend] [http-nio-8081-exec-3] org.hibernate.SQL                        : update sections set course_id=? where id=?
2026-03-11T15:29:52.247+05:30 DEBUG 12812 --- [backend] [http-nio-8081-exec-3] org.hibernate.SQL                        : update videos set section_id=? where id=?
2026-03-11T15:29:57.154+05:30 DEBUG 12812 --- [backend] [http-nio-8081-exec-5] org.hibernate.SQL                        : select c1_0.id,c1_0.bg_color,c1_0.border_color,c1_0.color,c1_0.description,c1_0.discount,c1_0.domain,c1_0.duration,c1_0.gradient,c1_0.icon_name,c1_0.level,c1_0.live_link,c1_0.name,c1_0.shadow,c1_0.slug,c1_0.total_fee from courses c1_0 where c1_0.name=?
2026-03-11T15:29:57.160+05:30 DEBUG 12812 --- [backend] [http-nio-8081-exec-5] org.hibernate.SQL                        : select s1_0.course_id,s1_0.id,s1_0.title from sections s1_0 where s1_0.course_id=?
2026-03-11T15:29:57.164+05:30 DEBUG 12812 --- [backend] [http-nio-8081-exec-5] org.hibernate.SQL                        : select v1_0.section_id,v1_0.id,v1_0.duration,v1_0.title,v1_0.type,v1_0.url from videos v1_0 where v1_0.section_id=?
2026-03-11T15:29:57.166+05:30 DEBUG 12812 --- [backend] [http-nio-8081-exec-5] org.hibernate.SQL                        : select q1_0.section_id,q1_0.id,q1_0.description,q1_0.title from quizzes q1_0 where q1_0.section_id in (select s1_0.id from sections s1_0 where s1_0.course_id=?)
2026-03-11T15:29:57.169+05:30 DEBUG 12812 --- [backend] [http-nio-8081-exec-5] org.hibernate.SQL                        : select v1_0.section_id,v1_0.id,v1_0.duration,v1_0.title,v1_0.type,v1_0.url from videos v1_0 where v1_0.section_id=?
2026-03-11T15:29:57.172+05:30 DEBUG 12812 --- [backend] [http-nio-8081-exec-5] org.hibernate.SQL                        : select q1_0.quiz_id,q1_0.id,q1_0.correct_option_index,q1_0.question_text from questions q1_0 where q1_0.quiz_id=?
2026-03-11T15:29:57.173+05:30 DEBUG 12812 --- [backend] [http-nio-8081-exec-5] org.hibernate.SQL                        : select o1_0.question_id,o1_0.option_text from question_options o1_0 where o1_0.question_id=?
2026-03-11T15:29:57.176+05:30 DEBUG 12812 --- [backend] [http-nio-8081-exec-5] org.hibernate.SQL                        : select o1_0.question_id,o1_0.option_text from question_options o1_0 where o1_0.question_id=?
2026-03-11T15:29:57.176+05:30 DEBUG 12812 --- [backend] [http-nio-8081-exec-5] org.hibernate.SQL                        : select v1_0.section_id,v1_0.id,v1_0.duration,v1_0.title,v1_0.type,v1_0.url from videos v1_0 where v1_0.section_id=?
2026-03-11T15:29:57.176+05:30 DEBUG 12812 --- [backend] [http-nio-8081-exec-5] org.hibernate.SQL                        : select v1_0.section_id,v1_0.id,v1_0.duration,v1_0.title,v1_0.type,v1_0.url from videos v1_0 where v1_0.section_id=?
2026-03-11T15:30:14.999+05:30 DEBUG 12812 --- [backend] [http-nio-8081-exec-4] org.hibernate.SQL                        : select c1_0.id,c1_0.bg_color,c1_0.border_color,c1_0.color,c1_0.description,c1_0.discount,c1_0.domain,c1_0.duration,c1_0.gradient,c1_0.icon_name,c1_0.level,c1_0.live_link,c1_0.name,c1_0.shadow,c1_0.slug,c1_0.total_fee from courses c1_0 where c1_0.name=?
2026-03-11T15:30:15.005+05:30 DEBUG 12812 --- [backend] [http-nio-8081-exec-4] org.hibernate.SQL                        : select s1_0.course_id,s1_0.id,s1_0.title from sections s1_0 where s1_0.course_id=?
2026-03-11T15:30:55.376+05:30 DEBUG 12812 --- [backend] [http-nio-8081-exec-8] org.hibernate.SQL                        : select c1_0.id,c1_0.bg_color,c1_0.border_color,c1_0.color,c1_0.description,c1_0.discount,c1_0.domain,c1_0.duration,c1_0.gradient,c1_0.icon_name,c1_0.level,c1_0.live_link,c1_0.name,c1_0.shadow,c1_0.slug,c1_0.total_fee from courses c1_0 where c1_0.name=?
2026-03-11T15:30:55.379+05:30 DEBUG 12812 --- [backend] [http-nio-8081-exec-8] org.hibernate.SQL                        : select s1_0.course_id,s1_0.id,s1_0.title from sections s1_0 where s1_0.course_id=?
2026-03-11T15:30:55.383+05:30 DEBUG 12812 --- [backend] [http-nio-8081-exec-8] org.hibernate.SQL                        : insert into sections (title) values (?)
2026-03-11T15:30:55.389+05:30 DEBUG 12812 --- [backend] [http-nio-8081-exec-8] org.hibernate.SQL                        : insert into videos (duration,title,type,url) values (?,?,?,?)
2026-03-11T15:30:55.393+05:30 DEBUG 12812 --- [backend] [http-nio-8081-exec-8] org.hibernate.SQL                        : update sections set course_id=? where id=?
2026-03-11T15:30:55.396+05:30 DEBUG 12812 --- [backend] [http-nio-8081-exec-8] org.hibernate.SQL                        : update videos set section_id=? where id=?
2026-03-11T15:30:57.759+05:30 DEBUG 12812 --- [backend] [http-nio-8081-exec-9] org.hibernate.SQL                        : select c1_0.id,c1_0.bg_color,c1_0.border_color,c1_0.color,c1_0.description,c1_0.discount,c1_0.domain,c1_0.duration,c1_0.gradient,c1_0.icon_name,c1_0.level,c1_0.live_link,c1_0.name,c1_0.shadow,c1_0.slug,c1_0.total_fee from courses c1_0 where c1_0.name=?
2026-03-11T15:30:57.764+05:30 DEBUG 12812 --- [backend] [http-nio-8081-exec-9] org.hibernate.SQL                        : select s1_0.course_id,s1_0.id,s1_0.title from sections s1_0 where s1_0.course_id=?
2026-03-11T15:30:57.765+05:30 DEBUG 12812 --- [backend] [http-nio-8081-exec-9] org.hibernate.SQL                        : select v1_0.section_id,v1_0.id,v1_0.duration,v1_0.title,v1_0.type,v1_0.url from videos v1_0 where v1_0.section_id=?
2026-03-11T15:30:57.767+05:30 DEBUG 12812 --- [backend] [http-nio-8081-exec-9] org.hibernate.SQL                        : select q1_0.section_id,q1_0.id,q1_0.description,q1_0.title from quizzes q1_0 where q1_0.section_id=?
2026-03-11T15:31:03.578+05:30 DEBUG 12812 --- [backend] [http-nio-8081-exec-4] org.hibernate.SQL                        : select e1_0.id,e1_0.amount_paid,e1_0.certificate_date,e1_0.certificate_id,e1_0.certificate_issued,e1_0.course_name,e1_0.discount,e1_0.enrollment_date,e1_0.fee,e1_0.payment_time,e1_0.progress,e1_0.status,e1_0.student_name,e1_0.transaction_id,e1_0.user_id from enrollments e1_0
2026-03-11T15:31:03.578+05:30 DEBUG 12812 --- [backend] [http-nio-8081-exec-1] org.hibernate.SQL                        : select u1_0.id,u1_0.certificate_date,u1_0.certificate_issued,u1_0.course,u1_0.discount,u1_0.email,u1_0.password,u1_0.phone,u1_0.profile_picture,u1_0.role,u1_0.total_fee,u1_0.username from users u1_0
2026-03-11T15:31:03.581+05:30 DEBUG 12812 --- [backend] [http-nio-8081-exec-4] org.hibernate.SQL                        : select u1_0.id,u1_0.certificate_date,u1_0.certificate_issued,u1_0.course,u1_0.discount,u1_0.email,u1_0.password,u1_0.phone,u1_0.profile_picture,u1_0.role,u1_0.total_fee,u1_0.username from users u1_0 where u1_0.id=?
2026-03-11T15:31:03.583+05:30 DEBUG 12812 --- [backend] [http-nio-8081-exec-4] org.hibernate.SQL                        : select u1_0.id,u1_0.certificate_date,u1_0.certificate_issued,u1_0.course,u1_0.discount,u1_0.email,u1_0.password,u1_0.phone,u1_0.profile_picture,u1_0.role,u1_0.total_fee,u1_0.username from users u1_0 where u1_0.id=?
2026-03-11T15:31:03.584+05:30 DEBUG 12812 --- [backend] [http-nio-8081-exec-4] org.hibernate.SQL                        : select u1_0.id,u1_0.certificate_date,u1_0.certificate_issued,u1_0.course,u1_0.discount,u1_0.email,u1_0.password,u1_0.phone,u1_0.profile_picture,u1_0.role,u1_0.total_fee,u1_0.username from users u1_0 where u1_0.id=?
2026-03-11T15:31:03.587+05:30 DEBUG 12812 --- [backend] [http-nio-8081-exec-4] org.hibernate.SQL                        : select u1_0.id,u1_0.certificate_date,u1_0.certificate_issued,u1_0.course,u1_0.discount,u1_0.email,u1_0.password,u1_0.phone,u1_0.profile_picture,u1_0.role,u1_0.total_fee,u1_0.username from users u1_0 where u1_0.id=?
2026-03-11T15:31:03.589+05:30 DEBUG 12812 --- [backend] [http-nio-8081-exec-4] org.hibernate.SQL                        : select u1_0.id,u1_0.certificate_date,u1_0.certificate_issued,u1_0.course,u1_0.discount,u1_0.email,u1_0.password,u1_0.phone,u1_0.profile_picture,u1_0.role,u1_0.total_fee,u1_0.username from users u1_0 where u1_0.id=?
2026-03-11T15:31:03.589+05:30 DEBUG 12812 --- [backend] [http-nio-8081-exec-4] org.hibernate.SQL                        : select u1_0.id,u1_0.certificate_date,u1_0.certificate_issued,u1_0.course,u1_0.discount,u1_0.email,u1_0.password,u1_0.phone,u1_0.profile_picture,u1_0.role,u1_0.total_fee,u1_0.username from users u1_0 where u1_0.id=?
2026-03-11T15:31:03.593+05:30 DEBUG 12812 --- [backend] [http-nio-8081-exec-4] org.hibernate.SQL                        : select u1_0.id,u1_0.certificate_date,u1_0.certificate_issued,u1_0.course,u1_0.discount,u1_0.email,u1_0.password,u1_0.phone,u1_0.profile_picture,u1_0.role,u1_0.total_fee,u1_0.username from users u1_0 where u1_0.id=?
2026-03-11T15:31:03.596+05:30 DEBUG 12812 --- [backend] [http-nio-8081-exec-4] org.hibernate.SQL                        : select u1_0.id,u1_0.certificate_date,u1_0.certificate_issued,u1_0.course,u1_0.discount,u1_0.email,u1_0.password,u1_0.phone,u1_0.profile_picture,u1_0.role,u1_0.total_fee,u1_0.username from users u1_0 where u1_0.id=?
2026-03-11T15:31:03.597+05:30 DEBUG 12812 --- [backend] [http-nio-8081-exec-4] org.hibernate.SQL                        : select u1_0.id,u1_0.certificate_date,u1_0.certificate_issued,u1_0.course,u1_0.discount,u1_0.email,u1_0.password,u1_0.phone,u1_0.profile_picture,u1_0.role,u1_0.total_fee,u1_0.username from users u1_0 where u1_0.id=?
2026-03-11T15:31:03.600+05:30 DEBUG 12812 --- [backend] [http-nio-8081-exec-7] org.hibernate.SQL                        : select u1_0.id,u1_0.certificate_date,u1_0.certificate_issued,u1_0.course,u1_0.discount,u1_0.email,u1_0.password,u1_0.phone,u1_0.profile_picture,u1_0.role,u1_0.total_fee,u1_0.username from users u1_0
2026-03-11T15:31:03.618+05:30 DEBUG 12812 --- [backend] [http-nio-8081-exec-8] org.hibernate.SQL                        : select e1_0.id,e1_0.amount_paid,e1_0.certificate_date,e1_0.certificate_id,e1_0.certificate_issued,e1_0.course_name,e1_0.discount,e1_0.enrollment_date,e1_0.fee,e1_0.payment_time,e1_0.progress,e1_0.status,e1_0.student_name,e1_0.transaction_id,e1_0.user_id from enrollments e1_0
2026-03-11T15:31:03.620+05:30 DEBUG 12812 --- [backend] [http-nio-8081-exec-8] org.hibernate.SQL                        : select u1_0.id,u1_0.certificate_date,u1_0.certificate_issued,u1_0.course,u1_0.discount,u1_0.email,u1_0.password,u1_0.phone,u1_0.profile_picture,u1_0.role,u1_0.total_fee,u1_0.username from users u1_0 where u1_0.id=?
2026-03-11T15:31:03.623+05:30 DEBUG 12812 --- [backend] [http-nio-8081-exec-8] org.hibernate.SQL                        : select u1_0.id,u1_0.certificate_date,u1_0.certificate_issued,u1_0.course,u1_0.discount,u1_0.email,u1_0.password,u1_0.phone,u1_0.profile_picture,u1_0.role,u1_0.total_fee,u1_0.username from users u1_0 where u1_0.id=?
2026-03-11T15:31:03.625+05:30 DEBUG 12812 --- [backend] [http-nio-8081-exec-8] org.hibernate.SQL                        : select u1_0.id,u1_0.certificate_date,u1_0.certificate_issued,u1_0.course,u1_0.discount,u1_0.email,u1_0.password,u1_0.phone,u1_0.profile_picture,u1_0.role,u1_0.total_fee,u1_0.username from users u1_0 where u1_0.id=?
2026-03-11T15:31:03.626+05:30 DEBUG 12812 --- [backend] [http-nio-8081-exec-8] org.hibernate.SQL                        : select u1_0.id,u1_0.certificate_date,u1_0.certificate_issued,u1_0.course,u1_0.discount,u1_0.email,u1_0.password,u1_0.phone,u1_0.profile_picture,u1_0.role,u1_0.total_fee,u1_0.username from users u1_0 where u1_0.id=?
2026-03-11T15:31:03.626+05:30 DEBUG 12812 --- [backend] [http-nio-8081-exec-8] org.hibernate.SQL                        : select u1_0.id,u1_0.certificate_date,u1_0.certificate_issued,u1_0.course,u1_0.discount,u1_0.email,u1_0.password,u1_0.phone,u1_0.profile_picture,u1_0.role,u1_0.total_fee,u1_0.username from users u1_0 where u1_0.id=?
2026-03-11T15:31:03.626+05:30 DEBUG 12812 --- [backend] [http-nio-8081-exec-8] org.hibernate.SQL                        : select u1_0.id,u1_0.certificate_date,u1_0.certificate_issued,u1_0.course,u1_0.discount,u1_0.email,u1_0.password,u1_0.phone,u1_0.profile_picture,u1_0.role,u1_0.total_fee,u1_0.username from users u1_0 where u1_0.id=?
2026-03-11T15:31:03.634+05:30 DEBUG 12812 --- [backend] [http-nio-8081-exec-8] org.hibernate.SQL                        : select u1_0.id,u1_0.certificate_date,u1_0.certificate_issued,u1_0.course,u1_0.discount,u1_0.email,u1_0.password,u1_0.phone,u1_0.profile_picture,u1_0.role,u1_0.total_fee,u1_0.username from users u1_0 where u1_0.id=?
2026-03-11T15:31:03.637+05:30 DEBUG 12812 --- [backend] [http-nio-8081-exec-8] org.hibernate.SQL                        : select u1_0.id,u1_0.certificate_date,u1_0.certificate_issued,u1_0.course,u1_0.discount,u1_0.email,u1_0.password,u1_0.phone,u1_0.profile_picture,u1_0.role,u1_0.total_fee,u1_0.username from users u1_0 where u1_0.id=?
2026-03-11T15:31:03.638+05:30 DEBUG 12812 --- [backend] [http-nio-8081-exec-8] org.hibernate.SQL                        : select u1_0.id,u1_0.certificate_date,u1_0.certificate_issued,u1_0.course,u1_0.discount,u1_0.email,u1_0.password,u1_0.phone,u1_0.profile_picture,u1_0.role,u1_0.total_fee,u1_0.username from users u1_0 where u1_0.id=?
2026-03-11T15:31:06.552+05:30 DEBUG 12812 --- [backend] [http-nio-8081-exec-3] org.hibernate.SQL                        : select c1_0.id,c1_0.bg_color,c1_0.border_color,c1_0.color,c1_0.description,c1_0.discount,c1_0.domain,c1_0.duration,c1_0.gradient,c1_0.icon_name,c1_0.level,c1_0.live_link,c1_0.name,c1_0.shadow,c1_0.slug,c1_0.total_fee from courses c1_0
2026-03-11T15:31:06.558+05:30 DEBUG 12812 --- [backend] [http-nio-8081-exec-3] org.hibernate.SQL                        : select s1_0.course_id,s1_0.id,s1_0.title from sections s1_0 where s1_0.course_id=?
2026-03-11T15:31:06.561+05:30 DEBUG 12812 --- [backend] [http-nio-8081-exec-3] org.hibernate.SQL                        : select v1_0.section_id,v1_0.id,v1_0.duration,v1_0.title,v1_0.type,v1_0.url from videos v1_0 where v1_0.section_id=?
2026-03-11T15:31:06.563+05:30 DEBUG 12812 --- [backend] [http-nio-8081-exec-3] org.hibernate.SQL                        : select q1_0.section_id,q1_0.id,q1_0.description,q1_0.title from quizzes q1_0 where q1_0.section_id in (select s1_0.id from sections s1_0 where s1_0.course_id=?)
2026-03-11T15:31:06.565+05:30 DEBUG 12812 --- [backend] [http-nio-8081-exec-3] org.hibernate.SQL                        : select v1_0.section_id,v1_0.id,v1_0.duration,v1_0.title,v1_0.type,v1_0.url from videos v1_0 where v1_0.section_id=?
2026-03-11T15:31:06.568+05:30 DEBUG 12812 --- [backend] [http-nio-8081-exec-3] org.hibernate.SQL                        : select q1_0.quiz_id,q1_0.id,q1_0.correct_option_index,q1_0.question_text from questions q1_0 where q1_0.quiz_id=?
2026-03-11T15:31:06.570+05:30 DEBUG 12812 --- [backend] [http-nio-8081-exec-3] org.hibernate.SQL                        : select o1_0.question_id,o1_0.option_text from question_options o1_0 where o1_0.question_id=?
2026-03-11T15:31:06.571+05:30 DEBUG 12812 --- [backend] [http-nio-8081-exec-3] org.hibernate.SQL                        : select o1_0.question_id,o1_0.option_text from question_options o1_0 where o1_0.question_id=?
2026-03-11T15:31:06.572+05:30 DEBUG 12812 --- [backend] [http-nio-8081-exec-3] org.hibernate.SQL                        : select v1_0.section_id,v1_0.id,v1_0.duration,v1_0.title,v1_0.type,v1_0.url from videos v1_0 where v1_0.section_id=?
2026-03-11T15:31:06.572+05:30 DEBUG 12812 --- [backend] [http-nio-8081-exec-3] org.hibernate.SQL                        : select v1_0.section_id,v1_0.id,v1_0.duration,v1_0.title,v1_0.type,v1_0.url from videos v1_0 where v1_0.section_id=?
2026-03-11T15:31:06.576+05:30 DEBUG 12812 --- [backend] [http-nio-8081-exec-3] org.hibernate.SQL                        : select s1_0.course_id,s1_0.id,s1_0.title from sections s1_0 where s1_0.course_id=?
2026-03-11T15:31:06.576+05:30 DEBUG 12812 --- [backend] [http-nio-8081-exec-3] org.hibernate.SQL                        : select s1_0.course_id,s1_0.id,s1_0.title from sections s1_0 where s1_0.course_id=?
2026-03-11T15:31:06.576+05:30 DEBUG 12812 --- [backend] [http-nio-8081-exec-3] org.hibernate.SQL                        : select s1_0.course_id,s1_0.id,s1_0.title from sections s1_0 where s1_0.course_id=?
2026-03-11T15:31:06.581+05:30 DEBUG 12812 --- [backend] [http-nio-8081-exec-3] org.hibernate.SQL                        : select s1_0.course_id,s1_0.id,s1_0.title from sections s1_0 where s1_0.course_id=?
2026-03-11T15:31:06.582+05:30 DEBUG 12812 --- [backend] [http-nio-8081-exec-3] org.hibernate.SQL                        : select s1_0.course_id,s1_0.id,s1_0.title from sections s1_0 where s1_0.course_id=?
2026-03-11T15:31:06.584+05:30 DEBUG 12812 --- [backend] [http-nio-8081-exec-3] org.hibernate.SQL                        : select s1_0.course_id,s1_0.id,s1_0.title from sections s1_0 where s1_0.course_id=?
2026-03-11T15:31:06.586+05:30 DEBUG 12812 --- [backend] [http-nio-8081-exec-3] org.hibernate.SQL                        : select v1_0.section_id,v1_0.id,v1_0.duration,v1_0.title,v1_0.type,v1_0.url from videos v1_0 where v1_0.section_id=?
2026-03-11T15:31:06.588+05:30 DEBUG 12812 --- [backend] [http-nio-8081-exec-3] org.hibernate.SQL                        : select q1_0.section_id,q1_0.id,q1_0.description,q1_0.title from quizzes q1_0 where q1_0.section_id=?
2026-03-11T15:31:06.588+05:30 DEBUG 12812 --- [backend] [http-nio-8081-exec-3] org.hibernate.SQL                        : select s1_0.course_id,s1_0.id,s1_0.title from sections s1_0 where s1_0.course_id=?
2026-03-11T15:31:06.588+05:30 DEBUG 12812 --- [backend] [http-nio-8081-exec-3] org.hibernate.SQL                        : select s1_0.course_id,s1_0.id,s1_0.title from sections s1_0 where s1_0.course_id=?
2026-03-11T15:31:06.592+05:30 DEBUG 12812 --- [backend] [http-nio-8081-exec-3] org.hibernate.SQL                        : select s1_0.course_id,s1_0.id,s1_0.title from sections s1_0 where s1_0.course_id=?
2026-03-11T15:31:06.607+05:30 DEBUG 12812 --- [backend] [http-nio-8081-exec-6] org.hibernate.SQL                        : select c1_0.id,c1_0.bg_color,c1_0.border_color,c1_0.color,c1_0.description,c1_0.discount,c1_0.domain,c1_0.duration,c1_0.gradient,c1_0.icon_name,c1_0.level,c1_0.live_link,c1_0.name,c1_0.shadow,c1_0.slug,c1_0.total_fee from courses c1_0
2026-03-11T15:31:06.614+05:30 DEBUG 12812 --- [backend] [http-nio-8081-exec-6] org.hibernate.SQL                        : select s1_0.course_id,s1_0.id,s1_0.title from sections s1_0 where s1_0.course_id=?
2026-03-11T15:31:06.615+05:30 DEBUG 12812 --- [backend] [http-nio-8081-exec-6] org.hibernate.SQL                        : select v1_0.section_id,v1_0.id,v1_0.duration,v1_0.title,v1_0.type,v1_0.url from videos v1_0 where v1_0.section_id=?
2026-03-11T15:31:06.617+05:30 DEBUG 12812 --- [backend] [http-nio-8081-exec-6] org.hibernate.SQL                        : select q1_0.section_id,q1_0.id,q1_0.description,q1_0.title from quizzes q1_0 where q1_0.section_id in (select s1_0.id from sections s1_0 where s1_0.course_id=?)
2026-03-11T15:31:06.621+05:30 DEBUG 12812 --- [backend] [http-nio-8081-exec-6] org.hibernate.SQL                        : select v1_0.section_id,v1_0.id,v1_0.duration,v1_0.title,v1_0.type,v1_0.url from videos v1_0 where v1_0.section_id=?
2026-03-11T15:31:06.623+05:30 DEBUG 12812 --- [backend] [http-nio-8081-exec-6] org.hibernate.SQL                        : select q1_0.quiz_id,q1_0.id,q1_0.correct_option_index,q1_0.question_text from questions q1_0 where q1_0.quiz_id=?
2026-03-11T15:31:06.623+05:30 DEBUG 12812 --- [backend] [http-nio-8081-exec-6] org.hibernate.SQL                        : select o1_0.question_id,o1_0.option_text from question_options o1_0 where o1_0.question_id=?
2026-03-11T15:31:06.628+05:30 DEBUG 12812 --- [backend] [http-nio-8081-exec-6] org.hibernate.SQL                        : select o1_0.question_id,o1_0.option_text from question_options o1_0 where o1_0.question_id=?
2026-03-11T15:31:06.629+05:30 DEBUG 12812 --- [backend] [http-nio-8081-exec-6] org.hibernate.SQL                        : select v1_0.section_id,v1_0.id,v1_0.duration,v1_0.title,v1_0.type,v1_0.url from videos v1_0 where v1_0.section_id=?
2026-03-11T15:31:06.631+05:30 DEBUG 12812 --- [backend] [http-nio-8081-exec-6] org.hibernate.SQL                        : select v1_0.section_id,v1_0.id,v1_0.duration,v1_0.title,v1_0.type,v1_0.url from videos v1_0 where v1_0.section_id=?
2026-03-11T15:31:06.631+05:30 DEBUG 12812 --- [backend] [http-nio-8081-exec-6] org.hibernate.SQL                        : select s1_0.course_id,s1_0.id,s1_0.title from sections s1_0 where s1_0.course_id=?
2026-03-11T15:31:06.635+05:30 DEBUG 12812 --- [backend] [http-nio-8081-exec-6] org.hibernate.SQL                        : select s1_0.course_id,s1_0.id,s1_0.title from sections s1_0 where s1_0.course_id=?
2026-03-11T15:31:06.635+05:30 DEBUG 12812 --- [backend] [http-nio-8081-exec-6] org.hibernate.SQL                        : select s1_0.course_id,s1_0.id,s1_0.title from sections s1_0 where s1_0.course_id=?
2026-03-11T15:31:06.638+05:30 DEBUG 12812 --- [backend] [http-nio-8081-exec-6] org.hibernate.SQL                        : select s1_0.course_id,s1_0.id,s1_0.title from sections s1_0 where s1_0.course_id=?
2026-03-11T15:31:06.638+05:30 DEBUG 12812 --- [backend] [http-nio-8081-exec-6] org.hibernate.SQL                        : select s1_0.course_id,s1_0.id,s1_0.title from sections s1_0 where s1_0.course_id=?
2026-03-11T15:31:06.638+05:30 DEBUG 12812 --- [backend] [http-nio-8081-exec-6] org.hibernate.SQL                        : select s1_0.course_id,s1_0.id,s1_0.title from sections s1_0 where s1_0.course_id=?
2026-03-11T15:31:06.642+05:30 DEBUG 12812 --- [backend] [http-nio-8081-exec-6] org.hibernate.SQL                        : select v1_0.section_id,v1_0.id,v1_0.duration,v1_0.title,v1_0.type,v1_0.url from videos v1_0 where v1_0.section_id=?
2026-03-11T15:31:06.642+05:30 DEBUG 12812 --- [backend] [http-nio-8081-exec-6] org.hibernate.SQL                        : select q1_0.section_id,q1_0.id,q1_0.description,q1_0.title from quizzes q1_0 where q1_0.section_id=?
2026-03-11T15:31:06.642+05:30 DEBUG 12812 --- [backend] [http-nio-8081-exec-6] org.hibernate.SQL                        : select s1_0.course_id,s1_0.id,s1_0.title from sections s1_0 where s1_0.course_id=?
2026-03-11T15:31:06.646+05:30 DEBUG 12812 --- [backend] [http-nio-8081-exec-6] org.hibernate.SQL                        : select s1_0.course_id,s1_0.id,s1_0.title from sections s1_0 where s1_0.course_id=?
2026-03-11T15:31:06.647+05:30 DEBUG 12812 --- [backend] [http-nio-8081-exec-6] org.hibernate.SQL                        : select s1_0.course_id,s1_0.id,s1_0.title from sections s1_0 where s1_0.course_id=?
2026-03-11T15:31:18.327+05:30 DEBUG 12812 --- [backend] [http-nio-8081-exec-1] org.hibernate.SQL                        : select h1_0.id,h1_0.date,h1_0.description,h1_0.entry_fee,h1_0.mode,h1_0.prize_pool,h1_0.status,h1_0.time,h1_0.title from hackathons h1_0
2026-03-11T15:31:18.338+05:30 DEBUG 12812 --- [backend] [http-nio-8081-exec-1] org.hibernate.SQL                        : select rui1_0.hackathon_id,rui1_0.registered_user_ids from hackathon_registered_user_ids rui1_0 where rui1_0.hackathon_id=?
2026-03-11T15:31:18.338+05:30 DEBUG 12812 --- [backend] [http-nio-8081-exec-1] org.hibernate.SQL                        : select rui1_0.hackathon_id,rui1_0.registered_user_ids from hackathon_registered_user_ids rui1_0 where rui1_0.hackathon_id=?
2026-03-11T15:31:18.342+05:30 DEBUG 12812 --- [backend] [http-nio-8081-exec-1] org.hibernate.SQL                        : select rui1_0.hackathon_id,rui1_0.registered_user_ids from hackathon_registered_user_ids rui1_0 where rui1_0.hackathon_id=?
2026-03-11T15:31:18.345+05:30 DEBUG 12812 --- [backend] [http-nio-8081-exec-1] org.hibernate.SQL                        : select rui1_0.hackathon_id,rui1_0.registered_user_ids from hackathon_registered_user_ids rui1_0 where rui1_0.hackathon_id=?
2026-03-11T15:31:18.345+05:30 DEBUG 12812 --- [backend] [http-nio-8081-exec-1] org.hibernate.SQL                        : select rui1_0.hackathon_id,rui1_0.registered_user_ids from hackathon_registered_user_ids rui1_0 where rui1_0.hackathon_id=?
2026-03-11T15:31:18.347+05:30 DEBUG 12812 --- [backend] [http-nio-8081-exec-1] org.hibernate.SQL                        : select rui1_0.hackathon_id,rui1_0.registered_user_ids from hackathon_registered_user_ids rui1_0 where rui1_0.hackathon_id=?
2026-03-11T15:31:18.364+05:30 DEBUG 12812 --- [backend] [http-nio-8081-exec-4] org.hibernate.SQL                        : select h1_0.id,h1_0.date,h1_0.description,h1_0.entry_fee,h1_0.mode,h1_0.prize_pool,h1_0.status,h1_0.time,h1_0.title from hackathons h1_0
2026-03-11T15:31:18.371+05:30 DEBUG 12812 --- [backend] [http-nio-8081-exec-4] org.hibernate.SQL                        : select rui1_0.hackathon_id,rui1_0.registered_user_ids from hackathon_registered_user_ids rui1_0 where rui1_0.hackathon_id=?
2026-03-11T15:31:18.377+05:30 DEBUG 12812 --- [backend] [http-nio-8081-exec-4] org.hibernate.SQL                        : select rui1_0.hackathon_id,rui1_0.registered_user_ids from hackathon_registered_user_ids rui1_0 where rui1_0.hackathon_id=?
2026-03-11T15:31:18.377+05:30 DEBUG 12812 --- [backend] [http-nio-8081-exec-4] org.hibernate.SQL                        : select rui1_0.hackathon_id,rui1_0.registered_user_ids from hackathon_registered_user_ids rui1_0 where rui1_0.hackathon_id=?
2026-03-11T15:31:18.383+05:30 DEBUG 12812 --- [backend] [http-nio-8081-exec-4] org.hibernate.SQL                        : select rui1_0.hackathon_id,rui1_0.registered_user_ids from hackathon_registered_user_ids rui1_0 where rui1_0.hackathon_id=?
2026-03-11T15:31:18.384+05:30 DEBUG 12812 --- [backend] [http-nio-8081-exec-4] org.hibernate.SQL                        : select rui1_0.hackathon_id,rui1_0.registered_user_ids from hackathon_registered_user_ids rui1_0 where rui1_0.hackathon_id=?
2026-03-11T15:31:18.384+05:30 DEBUG 12812 --- [backend] [http-nio-8081-exec-4] org.hibernate.SQL                        : select rui1_0.hackathon_id,rui1_0.registered_user_ids from hackathon_registered_user_ids rui1_0 where rui1_0.hackathon_id=?
2026-03-11T15:31:20.992+05:30 DEBUG 12812 --- [backend] [http-nio-8081-exec-2] org.hibernate.SQL                        : select w1_0.id,w1_0.date,w1_0.description,w1_0.image,w1_0.is_paid,w1_0.meeting_link,w1_0.price,w1_0.speaker,w1_0.time,w1_0.title from webinars w1_0
2026-03-11T15:31:21.016+05:30 DEBUG 12812 --- [backend] [http-nio-8081-exec-9] org.hibernate.SQL                        : select w1_0.id,w1_0.date,w1_0.description,w1_0.image,w1_0.is_paid,w1_0.meeting_link,w1_0.price,w1_0.speaker,w1_0.time,w1_0.title from webinars w1_0
2026-03-11T15:31:23.033+05:30 DEBUG 12812 --- [backend] [http-nio-8081-exec-10] org.hibernate.SQL                        : select t1_0.id,t1_0.course,t1_0.image,t1_0.message,t1_0.name,t1_0.thumbnail,t1_0.video_url from testimonials t1_0 where t1_0.video_url is not null
2026-03-11T15:31:23.055+05:30 DEBUG 12812 --- [backend] [http-nio-8081-exec-10] org.hibernate.SQL                        : select t1_0.id,t1_0.course,t1_0.image,t1_0.message,t1_0.name,t1_0.thumbnail,t1_0.video_url from testimonials t1_0 where t1_0.video_url is not null
2026-03-11T15:31:25.053+05:30 DEBUG 12812 --- [backend] [http-nio-8081-exec-7] org.hibernate.SQL                        : select t1_0.id,t1_0.course,t1_0.image,t1_0.message,t1_0.name,t1_0.thumbnail,t1_0.video_url from testimonials t1_0 where t1_0.video_url is null
2026-03-11T15:31:25.073+05:30 DEBUG 12812 --- [backend] [http-nio-8081-exec-8] org.hibernate.SQL                        : select t1_0.id,t1_0.course,t1_0.image,t1_0.message,t1_0.name,t1_0.thumbnail,t1_0.video_url from testimonials t1_0 where t1_0.video_url is null
2026-03-11T15:31:29.642+05:30 DEBUG 12812 --- [backend] [http-nio-8081-exec-3] org.hibernate.SQL                        : select c1_0.id,c1_0.bg_color,c1_0.border_color,c1_0.color,c1_0.description,c1_0.discount,c1_0.domain,c1_0.duration,c1_0.gradient,c1_0.icon_name,c1_0.level,c1_0.live_link,c1_0.name,c1_0.shadow,c1_0.slug,c1_0.total_fee from courses c1_0
2026-03-11T15:31:29.649+05:30 DEBUG 12812 --- [backend] [http-nio-8081-exec-3] org.hibernate.SQL                        : select s1_0.course_id,s1_0.id,s1_0.title from sections s1_0 where s1_0.course_id=?
2026-03-11T15:31:29.649+05:30 DEBUG 12812 --- [backend] [http-nio-8081-exec-3] org.hibernate.SQL                        : select v1_0.section_id,v1_0.id,v1_0.duration,v1_0.title,v1_0.type,v1_0.url from videos v1_0 where v1_0.section_id=?
2026-03-11T15:31:29.654+05:30 DEBUG 12812 --- [backend] [http-nio-8081-exec-3] org.hibernate.SQL                        : select q1_0.section_id,q1_0.id,q1_0.description,q1_0.title from quizzes q1_0 where q1_0.section_id in (select s1_0.id from sections s1_0 where s1_0.course_id=?)
2026-03-11T15:31:29.654+05:30 DEBUG 12812 --- [backend] [http-nio-8081-exec-3] org.hibernate.SQL                        : select v1_0.section_id,v1_0.id,v1_0.duration,v1_0.title,v1_0.type,v1_0.url from videos v1_0 where v1_0.section_id=?
2026-03-11T15:31:29.659+05:30 DEBUG 12812 --- [backend] [http-nio-8081-exec-3] org.hibernate.SQL                        : select q1_0.quiz_id,q1_0.id,q1_0.correct_option_index,q1_0.question_text from questions q1_0 where q1_0.quiz_id=?
2026-03-11T15:31:29.661+05:30 DEBUG 12812 --- [backend] [http-nio-8081-exec-3] org.hibernate.SQL                        : select o1_0.question_id,o1_0.option_text from question_options o1_0 where o1_0.question_id=?
2026-03-11T15:31:29.663+05:30 DEBUG 12812 --- [backend] [http-nio-8081-exec-3] org.hibernate.SQL                        : select o1_0.question_id,o1_0.option_text from question_options o1_0 where o1_0.question_id=?
2026-03-11T15:31:29.665+05:30 DEBUG 12812 --- [backend] [http-nio-8081-exec-3] org.hibernate.SQL                        : select v1_0.section_id,v1_0.id,v1_0.duration,v1_0.title,v1_0.type,v1_0.url from videos v1_0 where v1_0.section_id=?
2026-03-11T15:31:29.665+05:30 DEBUG 12812 --- [backend] [http-nio-8081-exec-3] org.hibernate.SQL                        : select v1_0.section_id,v1_0.id,v1_0.duration,v1_0.title,v1_0.type,v1_0.url from videos v1_0 where v1_0.section_id=?
2026-03-11T15:31:29.668+05:30 DEBUG 12812 --- [backend] [http-nio-8081-exec-3] org.hibernate.SQL                        : select s1_0.course_id,s1_0.id,s1_0.title from sections s1_0 where s1_0.course_id=?
2026-03-11T15:31:29.671+05:30 DEBUG 12812 --- [backend] [http-nio-8081-exec-3] org.hibernate.SQL                        : select s1_0.course_id,s1_0.id,s1_0.title from sections s1_0 where s1_0.course_id=?
2026-03-11T15:31:29.671+05:30 DEBUG 12812 --- [backend] [http-nio-8081-exec-3] org.hibernate.SQL                        : select s1_0.course_id,s1_0.id,s1_0.title from sections s1_0 where s1_0.course_id=?
2026-03-11T15:31:29.674+05:30 DEBUG 12812 --- [backend] [http-nio-8081-exec-3] org.hibernate.SQL                        : select s1_0.course_id,s1_0.id,s1_0.title from sections s1_0 where s1_0.course_id=?
2026-03-11T15:31:29.674+05:30 DEBUG 12812 --- [backend] [http-nio-8081-exec-3] org.hibernate.SQL                        : select s1_0.course_id,s1_0.id,s1_0.title from sections s1_0 where s1_0.course_id=?
2026-03-11T15:31:29.676+05:30 DEBUG 12812 --- [backend] [http-nio-8081-exec-3] org.hibernate.SQL                        : select s1_0.course_id,s1_0.id,s1_0.title from sections s1_0 where s1_0.course_id=?
2026-03-11T15:31:29.676+05:30 DEBUG 12812 --- [backend] [http-nio-8081-exec-3] org.hibernate.SQL                        : select v1_0.section_id,v1_0.id,v1_0.duration,v1_0.title,v1_0.type,v1_0.url from videos v1_0 where v1_0.section_id=?
2026-03-11T15:31:29.679+05:30 DEBUG 12812 --- [backend] [http-nio-8081-exec-3] org.hibernate.SQL                        : select q1_0.section_id,q1_0.id,q1_0.description,q1_0.title from quizzes q1_0 where q1_0.section_id=?
2026-03-11T15:31:29.679+05:30 DEBUG 12812 --- [backend] [http-nio-8081-exec-3] org.hibernate.SQL                        : select s1_0.course_id,s1_0.id,s1_0.title from sections s1_0 where s1_0.course_id=?
2026-03-11T15:31:29.683+05:30 DEBUG 12812 --- [backend] [http-nio-8081-exec-3] org.hibernate.SQL                        : select s1_0.course_id,s1_0.id,s1_0.title from sections s1_0 where s1_0.course_id=?
2026-03-11T15:31:29.686+05:30 DEBUG 12812 --- [backend] [http-nio-8081-exec-3] org.hibernate.SQL                        : select s1_0.course_id,s1_0.id,s1_0.title from sections s1_0 where s1_0.course_id=?
2026-03-11T15:31:29.700+05:30 DEBUG 12812 --- [backend] [http-nio-8081-exec-6] org.hibernate.SQL                        : select c1_0.id,c1_0.bg_color,c1_0.border_color,c1_0.color,c1_0.description,c1_0.discount,c1_0.domain,c1_0.duration,c1_0.gradient,c1_0.icon_name,c1_0.level,c1_0.live_link,c1_0.name,c1_0.shadow,c1_0.slug,c1_0.total_fee from courses c1_0
2026-03-11T15:31:29.708+05:30 DEBUG 12812 --- [backend] [http-nio-8081-exec-6] org.hibernate.SQL                        : select s1_0.course_id,s1_0.id,s1_0.title from sections s1_0 where s1_0.course_id=?
2026-03-11T15:31:29.711+05:30 DEBUG 12812 --- [backend] [http-nio-8081-exec-6] org.hibernate.SQL                        : select v1_0.section_id,v1_0.id,v1_0.duration,v1_0.title,v1_0.type,v1_0.url from videos v1_0 where v1_0.section_id=?
2026-03-11T15:31:29.715+05:30 DEBUG 12812 --- [backend] [http-nio-8081-exec-6] org.hibernate.SQL                        : select q1_0.section_id,q1_0.id,q1_0.description,q1_0.title from quizzes q1_0 where q1_0.section_id in (select s1_0.id from sections s1_0 where s1_0.course_id=?)
2026-03-11T15:31:29.718+05:30 DEBUG 12812 --- [backend] [http-nio-8081-exec-6] org.hibernate.SQL                        : select v1_0.section_id,v1_0.id,v1_0.duration,v1_0.title,v1_0.type,v1_0.url from videos v1_0 where v1_0.section_id=?
2026-03-11T15:31:29.721+05:30 DEBUG 12812 --- [backend] [http-nio-8081-exec-6] org.hibernate.SQL                        : select q1_0.quiz_id,q1_0.id,q1_0.correct_option_index,q1_0.question_text from questions q1_0 where q1_0.quiz_id=?
2026-03-11T15:31:29.722+05:30 DEBUG 12812 --- [backend] [http-nio-8081-exec-6] org.hibernate.SQL                        : select o1_0.question_id,o1_0.option_text from question_options o1_0 where o1_0.question_id=?
2026-03-11T15:31:29.722+05:30 DEBUG 12812 --- [backend] [http-nio-8081-exec-6] org.hibernate.SQL                        : select o1_0.question_id,o1_0.option_text from question_options o1_0 where o1_0.question_id=?
2026-03-11T15:31:29.722+05:30 DEBUG 12812 --- [backend] [http-nio-8081-exec-6] org.hibernate.SQL                        : select v1_0.section_id,v1_0.id,v1_0.duration,v1_0.title,v1_0.type,v1_0.url from videos v1_0 where v1_0.section_id=?
2026-03-11T15:31:29.726+05:30 DEBUG 12812 --- [backend] [http-nio-8081-exec-6] org.hibernate.SQL                        : select v1_0.section_id,v1_0.id,v1_0.duration,v1_0.title,v1_0.type,v1_0.url from videos v1_0 where v1_0.section_id=?
2026-03-11T15:31:29.726+05:30 DEBUG 12812 --- [backend] [http-nio-8081-exec-6] org.hibernate.SQL                        : select s1_0.course_id,s1_0.id,s1_0.title from sections s1_0 where s1_0.course_id=?
2026-03-11T15:31:29.729+05:30 DEBUG 12812 --- [backend] [http-nio-8081-exec-6] org.hibernate.SQL                        : select s1_0.course_id,s1_0.id,s1_0.title from sections s1_0 where s1_0.course_id=?
2026-03-11T15:31:29.729+05:30 DEBUG 12812 --- [backend] [http-nio-8081-exec-6] org.hibernate.SQL                        : select s1_0.course_id,s1_0.id,s1_0.title from sections s1_0 where s1_0.course_id=?
2026-03-11T15:31:29.729+05:30 DEBUG 12812 --- [backend] [http-nio-8081-exec-6] org.hibernate.SQL                        : select s1_0.course_id,s1_0.id,s1_0.title from sections s1_0 where s1_0.course_id=?
2026-03-11T15:31:29.734+05:30 DEBUG 12812 --- [backend] [http-nio-8081-exec-6] org.hibernate.SQL                        : select s1_0.course_id,s1_0.id,s1_0.title from sections s1_0 where s1_0.course_id=?
2026-03-11T15:31:29.736+05:30 DEBUG 12812 --- [backend] [http-nio-8081-exec-6] org.hibernate.SQL                        : select s1_0.course_id,s1_0.id,s1_0.title from sections s1_0 where s1_0.course_id=?
2026-03-11T15:31:29.738+05:30 DEBUG 12812 --- [backend] [http-nio-8081-exec-6] org.hibernate.SQL                        : select v1_0.section_id,v1_0.id,v1_0.duration,v1_0.title,v1_0.type,v1_0.url from videos v1_0 where v1_0.section_id=?
2026-03-11T15:31:29.738+05:30 DEBUG 12812 --- [backend] [http-nio-8081-exec-6] org.hibernate.SQL                        : select q1_0.section_id,q1_0.id,q1_0.description,q1_0.title from quizzes q1_0 where q1_0.section_id=?
2026-03-11T15:31:29.741+05:30 DEBUG 12812 --- [backend] [http-nio-8081-exec-6] org.hibernate.SQL                        : select s1_0.course_id,s1_0.id,s1_0.title from sections s1_0 where s1_0.course_id=?
2026-03-11T15:31:29.742+05:30 DEBUG 12812 --- [backend] [http-nio-8081-exec-6] org.hibernate.SQL                        : select s1_0.course_id,s1_0.id,s1_0.title from sections s1_0 where s1_0.course_id=?
2026-03-11T15:31:29.742+05:30 DEBUG 12812 --- [backend] [http-nio-8081-exec-6] org.hibernate.SQL                        : select s1_0.course_id,s1_0.id,s1_0.title from sections s1_0 where s1_0.course_id=?
2026-03-11T15:31:36.638+05:30 DEBUG 12812 --- [backend] [http-nio-8081-exec-8] org.hibernate.SQL                        : select e1_0.id,e1_0.amount_paid,e1_0.certificate_date,e1_0.certificate_id,e1_0.certificate_issued,e1_0.course_name,e1_0.discount,e1_0.enrollment_date,e1_0.fee,e1_0.payment_time,e1_0.progress,e1_0.status,e1_0.student_name,e1_0.transaction_id,e1_0.user_id from enrollments e1_0
2026-03-11T15:31:36.638+05:30 DEBUG 12812 --- [backend] [http-nio-8081-exec-7] org.hibernate.SQL                        : select u1_0.id,u1_0.certificate_date,u1_0.certificate_issued,u1_0.course,u1_0.discount,u1_0.email,u1_0.password,u1_0.phone,u1_0.profile_picture,u1_0.role,u1_0.total_fee,u1_0.username from users u1_0
2026-03-11T15:31:36.639+05:30 DEBUG 12812 --- [backend] [http-nio-8081-exec-8] org.hibernate.SQL                        : select u1_0.id,u1_0.certificate_date,u1_0.certificate_issued,u1_0.course,u1_0.discount,u1_0.email,u1_0.password,u1_0.phone,u1_0.profile_picture,u1_0.role,u1_0.total_fee,u1_0.username from users u1_0 where u1_0.id=?
2026-03-11T15:31:36.642+05:30 DEBUG 12812 --- [backend] [http-nio-8081-exec-8] org.hibernate.SQL                        : select u1_0.id,u1_0.certificate_date,u1_0.certificate_issued,u1_0.course,u1_0.discount,u1_0.email,u1_0.password,u1_0.phone,u1_0.profile_picture,u1_0.role,u1_0.total_fee,u1_0.username from users u1_0 where u1_0.id=?
2026-03-11T15:31:36.644+05:30 DEBUG 12812 --- [backend] [http-nio-8081-exec-8] org.hibernate.SQL                        : select u1_0.id,u1_0.certificate_date,u1_0.certificate_issued,u1_0.course,u1_0.discount,u1_0.email,u1_0.password,u1_0.phone,u1_0.profile_picture,u1_0.role,u1_0.total_fee,u1_0.username from users u1_0 where u1_0.id=?
2026-03-11T15:31:36.647+05:30 DEBUG 12812 --- [backend] [http-nio-8081-exec-8] org.hibernate.SQL                        : select u1_0.id,u1_0.certificate_date,u1_0.certificate_issued,u1_0.course,u1_0.discount,u1_0.email,u1_0.password,u1_0.phone,u1_0.profile_picture,u1_0.role,u1_0.total_fee,u1_0.username from users u1_0 where u1_0.id=?
2026-03-11T15:31:36.651+05:30 DEBUG 12812 --- [backend] [http-nio-8081-exec-8] org.hibernate.SQL                        : select u1_0.id,u1_0.certificate_date,u1_0.certificate_issued,u1_0.course,u1_0.discount,u1_0.email,u1_0.password,u1_0.phone,u1_0.profile_picture,u1_0.role,u1_0.total_fee,u1_0.username from users u1_0 where u1_0.id=?
2026-03-11T15:31:36.654+05:30 DEBUG 12812 --- [backend] [http-nio-8081-exec-8] org.hibernate.SQL                        : select u1_0.id,u1_0.certificate_date,u1_0.certificate_issued,u1_0.course,u1_0.discount,u1_0.email,u1_0.password,u1_0.phone,u1_0.profile_picture,u1_0.role,u1_0.total_fee,u1_0.username from users u1_0 where u1_0.id=?
2026-03-11T15:31:36.671+05:30 DEBUG 12812 --- [backend] [http-nio-8081-exec-8] org.hibernate.SQL                        : select u1_0.id,u1_0.certificate_date,u1_0.certificate_issued,u1_0.course,u1_0.discount,u1_0.email,u1_0.password,u1_0.phone,u1_0.profile_picture,u1_0.role,u1_0.total_fee,u1_0.username from users u1_0 where u1_0.id=?
2026-03-11T15:31:36.679+05:30 DEBUG 12812 --- [backend] [http-nio-8081-exec-2] org.hibernate.SQL                        : select u1_0.id,u1_0.certificate_date,u1_0.certificate_issued,u1_0.course,u1_0.discount,u1_0.email,u1_0.password,u1_0.phone,u1_0.profile_picture,u1_0.role,u1_0.total_fee,u1_0.username from users u1_0
2026-03-11T15:31:36.679+05:30 DEBUG 12812 --- [backend] [http-nio-8081-exec-8] org.hibernate.SQL                        : select u1_0.id,u1_0.certificate_date,u1_0.certificate_issued,u1_0.course,u1_0.discount,u1_0.email,u1_0.password,u1_0.phone,u1_0.profile_picture,u1_0.role,u1_0.total_fee,u1_0.username from users u1_0 where u1_0.id=?
2026-03-11T15:31:36.682+05:30 DEBUG 12812 --- [backend] [http-nio-8081-exec-8] org.hibernate.SQL                        : select u1_0.id,u1_0.certificate_date,u1_0.certificate_issued,u1_0.course,u1_0.discount,u1_0.email,u1_0.password,u1_0.phone,u1_0.profile_picture,u1_0.role,u1_0.total_fee,u1_0.username from users u1_0 where u1_0.id=?
2026-03-11T15:31:36.706+05:30 DEBUG 12812 --- [backend] [http-nio-8081-exec-9] org.hibernate.SQL                        : select e1_0.id,e1_0.amount_paid,e1_0.certificate_date,e1_0.certificate_id,e1_0.certificate_issued,e1_0.course_name,e1_0.discount,e1_0.enrollment_date,e1_0.fee,e1_0.payment_time,e1_0.progress,e1_0.status,e1_0.student_name,e1_0.transaction_id,e1_0.user_id from enrollments e1_0
2026-03-11T15:31:36.707+05:30 DEBUG 12812 --- [backend] [http-nio-8081-exec-9] org.hibernate.SQL                        : select u1_0.id,u1_0.certificate_date,u1_0.certificate_issued,u1_0.course,u1_0.discount,u1_0.email,u1_0.password,u1_0.phone,u1_0.profile_picture,u1_0.role,u1_0.total_fee,u1_0.username from users u1_0 where u1_0.id=?
2026-03-11T15:31:36.707+05:30 DEBUG 12812 --- [backend] [http-nio-8081-exec-9] org.hibernate.SQL                        : select u1_0.id,u1_0.certificate_date,u1_0.certificate_issued,u1_0.course,u1_0.discount,u1_0.email,u1_0.password,u1_0.phone,u1_0.profile_picture,u1_0.role,u1_0.total_fee,u1_0.username from users u1_0 where u1_0.id=?
2026-03-11T15:31:36.711+05:30 DEBUG 12812 --- [backend] [http-nio-8081-exec-9] org.hibernate.SQL                        : select u1_0.id,u1_0.certificate_date,u1_0.certificate_issued,u1_0.course,u1_0.discount,u1_0.email,u1_0.password,u1_0.phone,u1_0.profile_picture,u1_0.role,u1_0.total_fee,u1_0.username from users u1_0 where u1_0.id=?
2026-03-11T15:31:36.711+05:30 DEBUG 12812 --- [backend] [http-nio-8081-exec-9] org.hibernate.SQL                        : select u1_0.id,u1_0.certificate_date,u1_0.certificate_issued,u1_0.course,u1_0.discount,u1_0.email,u1_0.password,u1_0.phone,u1_0.profile_picture,u1_0.role,u1_0.total_fee,u1_0.username from users u1_0 where u1_0.id=?
2026-03-11T15:31:36.715+05:30 DEBUG 12812 --- [backend] [http-nio-8081-exec-9] org.hibernate.SQL                        : select u1_0.id,u1_0.certificate_date,u1_0.certificate_issued,u1_0.course,u1_0.discount,u1_0.email,u1_0.password,u1_0.phone,u1_0.profile_picture,u1_0.role,u1_0.total_fee,u1_0.username from users u1_0 where u1_0.id=?
2026-03-11T15:31:36.717+05:30 DEBUG 12812 --- [backend] [http-nio-8081-exec-9] org.hibernate.SQL                        : select u1_0.id,u1_0.certificate_date,u1_0.certificate_issued,u1_0.course,u1_0.discount,u1_0.email,u1_0.password,u1_0.phone,u1_0.profile_picture,u1_0.role,u1_0.total_fee,u1_0.username from users u1_0 where u1_0.id=?
2026-03-11T15:31:36.717+05:30 DEBUG 12812 --- [backend] [http-nio-8081-exec-9] org.hibernate.SQL                        : select u1_0.id,u1_0.certificate_date,u1_0.certificate_issued,u1_0.course,u1_0.discount,u1_0.email,u1_0.password,u1_0.phone,u1_0.profile_picture,u1_0.role,u1_0.total_fee,u1_0.username from users u1_0 where u1_0.id=?
2026-03-11T15:31:36.721+05:30 DEBUG 12812 --- [backend] [http-nio-8081-exec-9] org.hibernate.SQL                        : select u1_0.id,u1_0.certificate_date,u1_0.certificate_issued,u1_0.course,u1_0.discount,u1_0.email,u1_0.password,u1_0.phone,u1_0.profile_picture,u1_0.role,u1_0.total_fee,u1_0.username from users u1_0 where u1_0.id=?
2026-03-11T15:31:36.723+05:30 DEBUG 12812 --- [backend] [http-nio-8081-exec-9] org.hibernate.SQL                        : select u1_0.id,u1_0.certificate_date,u1_0.certificate_issued,u1_0.course,u1_0.discount,u1_0.email,u1_0.password,u1_0.phone,u1_0.profile_picture,u1_0.role,u1_0.total_fee,u1_0.username from users u1_0 where u1_0.id=?
2026-03-11T15:31:45.823+05:30 DEBUG 12812 --- [backend] [http-nio-8081-exec-10] org.hibernate.SQL                        : select e1_0.id,e1_0.amount_paid,e1_0.certificate_date,e1_0.certificate_id,e1_0.certificate_issued,e1_0.course_name,e1_0.discount,e1_0.enrollment_date,e1_0.fee,e1_0.payment_time,e1_0.progress,e1_0.status,e1_0.student_name,e1_0.transaction_id,e1_0.user_id from enrollments e1_0
2026-03-11T15:31:45.823+05:30 DEBUG 12812 --- [backend] [http-nio-8081-exec-4] org.hibernate.SQL                        : select u1_0.id,u1_0.certificate_date,u1_0.certificate_issued,u1_0.course,u1_0.discount,u1_0.email,u1_0.password,u1_0.phone,u1_0.profile_picture,u1_0.role,u1_0.total_fee,u1_0.username from users u1_0
2026-03-11T15:31:45.823+05:30 DEBUG 12812 --- [backend] [http-nio-8081-exec-10] org.hibernate.SQL                        : select u1_0.id,u1_0.certificate_date,u1_0.certificate_issued,u1_0.course,u1_0.discount,u1_0.email,u1_0.password,u1_0.phone,u1_0.profile_picture,u1_0.role,u1_0.total_fee,u1_0.username from users u1_0 where u1_0.id=?
2026-03-11T15:31:45.826+05:30 DEBUG 12812 --- [backend] [http-nio-8081-exec-10] org.hibernate.SQL                        : select u1_0.id,u1_0.certificate_date,u1_0.certificate_issued,u1_0.course,u1_0.discount,u1_0.email,u1_0.password,u1_0.phone,u1_0.profile_picture,u1_0.role,u1_0.total_fee,u1_0.username from users u1_0 where u1_0.id=?
2026-03-11T15:31:45.826+05:30 DEBUG 12812 --- [backend] [http-nio-8081-exec-10] org.hibernate.SQL                        : select u1_0.id,u1_0.certificate_date,u1_0.certificate_issued,u1_0.course,u1_0.discount,u1_0.email,u1_0.password,u1_0.phone,u1_0.profile_picture,u1_0.role,u1_0.total_fee,u1_0.username from users u1_0 where u1_0.id=?
2026-03-11T15:31:45.829+05:30 DEBUG 12812 --- [backend] [http-nio-8081-exec-10] org.hibernate.SQL                        : select u1_0.id,u1_0.certificate_date,u1_0.certificate_issued,u1_0.course,u1_0.discount,u1_0.email,u1_0.password,u1_0.phone,u1_0.profile_picture,u1_0.role,u1_0.total_fee,u1_0.username from users u1_0 where u1_0.id=?
2026-03-11T15:31:45.829+05:30 DEBUG 12812 --- [backend] [http-nio-8081-exec-10] org.hibernate.SQL                        : select u1_0.id,u1_0.certificate_date,u1_0.certificate_issued,u1_0.course,u1_0.discount,u1_0.email,u1_0.password,u1_0.phone,u1_0.profile_picture,u1_0.role,u1_0.total_fee,u1_0.username from users u1_0 where u1_0.id=?
2026-03-11T15:31:45.834+05:30 DEBUG 12812 --- [backend] [http-nio-8081-exec-10] org.hibernate.SQL                        : select u1_0.id,u1_0.certificate_date,u1_0.certificate_issued,u1_0.course,u1_0.discount,u1_0.email,u1_0.password,u1_0.phone,u1_0.profile_picture,u1_0.role,u1_0.total_fee,u1_0.username from users u1_0 where u1_0.id=?
2026-03-11T15:31:45.836+05:30 DEBUG 12812 --- [backend] [http-nio-8081-exec-10] org.hibernate.SQL                        : select u1_0.id,u1_0.certificate_date,u1_0.certificate_issued,u1_0.course,u1_0.discount,u1_0.email,u1_0.password,u1_0.phone,u1_0.profile_picture,u1_0.role,u1_0.total_fee,u1_0.username from users u1_0 where u1_0.id=?
2026-03-11T15:31:45.836+05:30 DEBUG 12812 --- [backend] [http-nio-8081-exec-10] org.hibernate.SQL                        : select u1_0.id,u1_0.certificate_date,u1_0.certificate_issued,u1_0.course,u1_0.discount,u1_0.email,u1_0.password,u1_0.phone,u1_0.profile_picture,u1_0.role,u1_0.total_fee,u1_0.username from users u1_0 where u1_0.id=?
2026-03-11T15:31:45.838+05:30 DEBUG 12812 --- [backend] [http-nio-8081-exec-10] org.hibernate.SQL                        : select u1_0.id,u1_0.certificate_date,u1_0.certificate_issued,u1_0.course,u1_0.discount,u1_0.email,u1_0.password,u1_0.phone,u1_0.profile_picture,u1_0.role,u1_0.total_fee,u1_0.username from users u1_0 where u1_0.id=?
2026-03-11T15:31:45.842+05:30 DEBUG 12812 --- [backend] [http-nio-8081-exec-7] org.hibernate.SQL                        : select u1_0.id,u1_0.certificate_date,u1_0.certificate_issued,u1_0.course,u1_0.discount,u1_0.email,u1_0.password,u1_0.phone,u1_0.profile_picture,u1_0.role,u1_0.total_fee,u1_0.username from users u1_0
2026-03-11T15:31:45.858+05:30 DEBUG 12812 --- [backend] [http-nio-8081-exec-2] org.hibernate.SQL                        : select e1_0.id,e1_0.amount_paid,e1_0.certificate_date,e1_0.certificate_id,e1_0.certificate_issued,e1_0.course_name,e1_0.discount,e1_0.enrollment_date,e1_0.fee,e1_0.payment_time,e1_0.progress,e1_0.status,e1_0.student_name,e1_0.transaction_id,e1_0.user_id from enrollments e1_0
2026-03-11T15:31:45.861+05:30 DEBUG 12812 --- [backend] [http-nio-8081-exec-2] org.hibernate.SQL                        : select u1_0.id,u1_0.certificate_date,u1_0.certificate_issued,u1_0.course,u1_0.discount,u1_0.email,u1_0.password,u1_0.phone,u1_0.profile_picture,u1_0.role,u1_0.total_fee,u1_0.username from users u1_0 where u1_0.id=?
2026-03-11T15:31:45.861+05:30 DEBUG 12812 --- [backend] [http-nio-8081-exec-2] org.hibernate.SQL                        : select u1_0.id,u1_0.certificate_date,u1_0.certificate_issued,u1_0.course,u1_0.discount,u1_0.email,u1_0.password,u1_0.phone,u1_0.profile_picture,u1_0.role,u1_0.total_fee,u1_0.username from users u1_0 where u1_0.id=?
2026-03-11T15:31:45.865+05:30 DEBUG 12812 --- [backend] [http-nio-8081-exec-2] org.hibernate.SQL                        : select u1_0.id,u1_0.certificate_date,u1_0.certificate_issued,u1_0.course,u1_0.discount,u1_0.email,u1_0.password,u1_0.phone,u1_0.profile_picture,u1_0.role,u1_0.total_fee,u1_0.username from users u1_0 where u1_0.id=?
2026-03-11T15:31:45.866+05:30 DEBUG 12812 --- [backend] [http-nio-8081-exec-2] org.hibernate.SQL                        : select u1_0.id,u1_0.certificate_date,u1_0.certificate_issued,u1_0.course,u1_0.discount,u1_0.email,u1_0.password,u1_0.phone,u1_0.profile_picture,u1_0.role,u1_0.total_fee,u1_0.username from users u1_0 where u1_0.id=?
2026-03-11T15:31:45.867+05:30 DEBUG 12812 --- [backend] [http-nio-8081-exec-2] org.hibernate.SQL                        : select u1_0.id,u1_0.certificate_date,u1_0.certificate_issued,u1_0.course,u1_0.discount,u1_0.email,u1_0.password,u1_0.phone,u1_0.profile_picture,u1_0.role,u1_0.total_fee,u1_0.username from users u1_0 where u1_0.id=?
2026-03-11T15:31:45.869+05:30 DEBUG 12812 --- [backend] [http-nio-8081-exec-2] org.hibernate.SQL                        : select u1_0.id,u1_0.certificate_date,u1_0.certificate_issued,u1_0.course,u1_0.discount,u1_0.email,u1_0.password,u1_0.phone,u1_0.profile_picture,u1_0.role,u1_0.total_fee,u1_0.username from users u1_0 where u1_0.id=?
2026-03-11T15:31:45.873+05:30 DEBUG 12812 --- [backend] [http-nio-8081-exec-2] org.hibernate.SQL                        : select u1_0.id,u1_0.certificate_date,u1_0.certificate_issued,u1_0.course,u1_0.discount,u1_0.email,u1_0.password,u1_0.phone,u1_0.profile_picture,u1_0.role,u1_0.total_fee,u1_0.username from users u1_0 where u1_0.id=?
2026-03-11T15:31:45.875+05:30 DEBUG 12812 --- [backend] [http-nio-8081-exec-2] org.hibernate.SQL                        : select u1_0.id,u1_0.certificate_date,u1_0.certificate_issued,u1_0.course,u1_0.discount,u1_0.email,u1_0.password,u1_0.phone,u1_0.profile_picture,u1_0.role,u1_0.total_fee,u1_0.username from users u1_0 where u1_0.id=?
2026-03-11T15:31:45.877+05:30 DEBUG 12812 --- [backend] [http-nio-8081-exec-2] org.hibernate.SQL                        : select u1_0.id,u1_0.certificate_date,u1_0.certificate_issued,u1_0.course,u1_0.discount,u1_0.email,u1_0.password,u1_0.phone,u1_0.profile_picture,u1_0.role,u1_0.total_fee,u1_0.username from users u1_0 where u1_0.id=?
2026-03-11T15:31:50.612+05:30 DEBUG 12812 --- [backend] [http-nio-8081-exec-3] org.hibernate.SQL                        : select c1_0.id,c1_0.bg_color,c1_0.border_color,c1_0.color,c1_0.description,c1_0.discount,c1_0.domain,c1_0.duration,c1_0.gradient,c1_0.icon_name,c1_0.level,c1_0.live_link,c1_0.name,c1_0.shadow,c1_0.slug,c1_0.total_fee from courses c1_0
2026-03-11T15:31:50.617+05:30 DEBUG 12812 --- [backend] [http-nio-8081-exec-3] org.hibernate.SQL                        : select s1_0.course_id,s1_0.id,s1_0.title from sections s1_0 where s1_0.course_id=?
2026-03-11T15:31:50.621+05:30 DEBUG 12812 --- [backend] [http-nio-8081-exec-3] org.hibernate.SQL                        : select v1_0.section_id,v1_0.id,v1_0.duration,v1_0.title,v1_0.type,v1_0.url from videos v1_0 where v1_0.section_id=?
2026-03-11T15:31:50.623+05:30 DEBUG 12812 --- [backend] [http-nio-8081-exec-3] org.hibernate.SQL                        : select q1_0.section_id,q1_0.id,q1_0.description,q1_0.title from quizzes q1_0 where q1_0.section_id in (select s1_0.id from sections s1_0 where s1_0.course_id=?)
2026-03-11T15:31:50.626+05:30 DEBUG 12812 --- [backend] [http-nio-8081-exec-3] org.hibernate.SQL                        : select v1_0.section_id,v1_0.id,v1_0.duration,v1_0.title,v1_0.type,v1_0.url from videos v1_0 where v1_0.section_id=?
2026-03-11T15:31:50.628+05:30 DEBUG 12812 --- [backend] [http-nio-8081-exec-3] org.hibernate.SQL                        : select q1_0.quiz_id,q1_0.id,q1_0.correct_option_index,q1_0.question_text from questions q1_0 where q1_0.quiz_id=?
2026-03-11T15:31:50.630+05:30 DEBUG 12812 --- [backend] [http-nio-8081-exec-3] org.hibernate.SQL                        : select o1_0.question_id,o1_0.option_text from question_options o1_0 where o1_0.question_id=?
2026-03-11T15:31:50.630+05:30 DEBUG 12812 --- [backend] [http-nio-8081-exec-3] org.hibernate.SQL                        : select o1_0.question_id,o1_0.option_text from question_options o1_0 where o1_0.question_id=?
2026-03-11T15:31:50.632+05:30 DEBUG 12812 --- [backend] [http-nio-8081-exec-3] org.hibernate.SQL                        : select v1_0.section_id,v1_0.id,v1_0.duration,v1_0.title,v1_0.type,v1_0.url from videos v1_0 where v1_0.section_id=?
2026-03-11T15:31:50.634+05:30 DEBUG 12812 --- [backend] [http-nio-8081-exec-3] org.hibernate.SQL                        : select v1_0.section_id,v1_0.id,v1_0.duration,v1_0.title,v1_0.type,v1_0.url from videos v1_0 where v1_0.section_id=?
2026-03-11T15:31:50.637+05:30 DEBUG 12812 --- [backend] [http-nio-8081-exec-3] org.hibernate.SQL                        : select s1_0.course_id,s1_0.id,s1_0.title from sections s1_0 where s1_0.course_id=?
2026-03-11T15:31:50.639+05:30 DEBUG 12812 --- [backend] [http-nio-8081-exec-3] org.hibernate.SQL                        : select s1_0.course_id,s1_0.id,s1_0.title from sections s1_0 where s1_0.course_id=?
2026-03-11T15:31:50.639+05:30 DEBUG 12812 --- [backend] [http-nio-8081-exec-3] org.hibernate.SQL                        : select s1_0.course_id,s1_0.id,s1_0.title from sections s1_0 where s1_0.course_id=?
2026-03-11T15:31:50.639+05:30 DEBUG 12812 --- [backend] [http-nio-8081-exec-3] org.hibernate.SQL                        : select s1_0.course_id,s1_0.id,s1_0.title from sections s1_0 where s1_0.course_id=?
2026-03-11T15:31:50.642+05:30 DEBUG 12812 --- [backend] [http-nio-8081-exec-3] org.hibernate.SQL                        : select s1_0.course_id,s1_0.id,s1_0.title from sections s1_0 where s1_0.course_id=?
2026-03-11T15:31:50.642+05:30 DEBUG 12812 --- [backend] [http-nio-8081-exec-3] org.hibernate.SQL                        : select s1_0.course_id,s1_0.id,s1_0.title from sections s1_0 where s1_0.course_id=?
2026-03-11T15:31:50.645+05:30 DEBUG 12812 --- [backend] [http-nio-8081-exec-3] org.hibernate.SQL                        : select v1_0.section_id,v1_0.id,v1_0.duration,v1_0.title,v1_0.type,v1_0.url from videos v1_0 where v1_0.section_id=?
2026-03-11T15:31:50.645+05:30 DEBUG 12812 --- [backend] [http-nio-8081-exec-3] org.hibernate.SQL                        : select q1_0.section_id,q1_0.id,q1_0.description,q1_0.title from quizzes q1_0 where q1_0.section_id=?
2026-03-11T15:31:50.648+05:30 DEBUG 12812 --- [backend] [http-nio-8081-exec-3] org.hibernate.SQL                        : select s1_0.course_id,s1_0.id,s1_0.title from sections s1_0 where s1_0.course_id=?
2026-03-11T15:31:50.650+05:30 DEBUG 12812 --- [backend] [http-nio-8081-exec-3] org.hibernate.SQL                        : select s1_0.course_id,s1_0.id,s1_0.title from sections s1_0 where s1_0.course_id=?
2026-03-11T15:31:50.650+05:30 DEBUG 12812 --- [backend] [http-nio-8081-exec-3] org.hibernate.SQL                        : select s1_0.course_id,s1_0.id,s1_0.title from sections s1_0 where s1_0.course_id=?
2026-03-11T15:31:50.665+05:30 DEBUG 12812 --- [backend] [http-nio-8081-exec-6] org.hibernate.SQL                        : select c1_0.id,c1_0.bg_color,c1_0.border_color,c1_0.color,c1_0.description,c1_0.discount,c1_0.domain,c1_0.duration,c1_0.gradient,c1_0.icon_name,c1_0.level,c1_0.live_link,c1_0.name,c1_0.shadow,c1_0.slug,c1_0.total_fee from courses c1_0
2026-03-11T15:31:50.667+05:30 DEBUG 12812 --- [backend] [http-nio-8081-exec-6] org.hibernate.SQL                        : select s1_0.course_id,s1_0.id,s1_0.title from sections s1_0 where s1_0.course_id=?
2026-03-11T15:31:50.673+05:30 DEBUG 12812 --- [backend] [http-nio-8081-exec-6] org.hibernate.SQL                        : select v1_0.section_id,v1_0.id,v1_0.duration,v1_0.title,v1_0.type,v1_0.url from videos v1_0 where v1_0.section_id=?
2026-03-11T15:31:50.676+05:30 DEBUG 12812 --- [backend] [http-nio-8081-exec-6] org.hibernate.SQL                        : select q1_0.section_id,q1_0.id,q1_0.description,q1_0.title from quizzes q1_0 where q1_0.section_id in (select s1_0.id from sections s1_0 where s1_0.course_id=?)
2026-03-11T15:31:50.676+05:30 DEBUG 12812 --- [backend] [http-nio-8081-exec-6] org.hibernate.SQL                        : select v1_0.section_id,v1_0.id,v1_0.duration,v1_0.title,v1_0.type,v1_0.url from videos v1_0 where v1_0.section_id=?
2026-03-11T15:31:50.676+05:30 DEBUG 12812 --- [backend] [http-nio-8081-exec-6] org.hibernate.SQL                        : select q1_0.quiz_id,q1_0.id,q1_0.correct_option_index,q1_0.question_text from questions q1_0 where q1_0.quiz_id=?
2026-03-11T15:31:50.683+05:30 DEBUG 12812 --- [backend] [http-nio-8081-exec-6] org.hibernate.SQL                        : select o1_0.question_id,o1_0.option_text from question_options o1_0 where o1_0.question_id=?
2026-03-11T15:31:50.683+05:30 DEBUG 12812 --- [backend] [http-nio-8081-exec-6] org.hibernate.SQL                        : select o1_0.question_id,o1_0.option_text from question_options o1_0 where o1_0.question_id=?
2026-03-11T15:31:50.683+05:30 DEBUG 12812 --- [backend] [http-nio-8081-exec-6] org.hibernate.SQL                        : select v1_0.section_id,v1_0.id,v1_0.duration,v1_0.title,v1_0.type,v1_0.url from videos v1_0 where v1_0.section_id=?
2026-03-11T15:31:50.687+05:30 DEBUG 12812 --- [backend] [http-nio-8081-exec-6] org.hibernate.SQL                        : select v1_0.section_id,v1_0.id,v1_0.duration,v1_0.title,v1_0.type,v1_0.url from videos v1_0 where v1_0.section_id=?
2026-03-11T15:31:50.688+05:30 DEBUG 12812 --- [backend] [http-nio-8081-exec-6] org.hibernate.SQL                        : select s1_0.course_id,s1_0.id,s1_0.title from sections s1_0 where s1_0.course_id=?
2026-03-11T15:31:50.688+05:30 DEBUG 12812 --- [backend] [http-nio-8081-exec-6] org.hibernate.SQL                        : select s1_0.course_id,s1_0.id,s1_0.title from sections s1_0 where s1_0.course_id=?
2026-03-11T15:31:50.690+05:30 DEBUG 12812 --- [backend] [http-nio-8081-exec-6] org.hibernate.SQL                        : select s1_0.course_id,s1_0.id,s1_0.title from sections s1_0 where s1_0.course_id=?
2026-03-11T15:31:50.692+05:30 DEBUG 12812 --- [backend] [http-nio-8081-exec-6] org.hibernate.SQL                        : select s1_0.course_id,s1_0.id,s1_0.title from sections s1_0 where s1_0.course_id=?
2026-03-11T15:31:50.692+05:30 DEBUG 12812 --- [backend] [http-nio-8081-exec-6] org.hibernate.SQL                        : select s1_0.course_id,s1_0.id,s1_0.title from sections s1_0 where s1_0.course_id=?
2026-03-11T15:31:50.692+05:30 DEBUG 12812 --- [backend] [http-nio-8081-exec-6] org.hibernate.SQL                        : select s1_0.course_id,s1_0.id,s1_0.title from sections s1_0 where s1_0.course_id=?
2026-03-11T15:31:50.692+05:30 DEBUG 12812 --- [backend] [http-nio-8081-exec-6] org.hibernate.SQL                        : select v1_0.section_id,v1_0.id,v1_0.duration,v1_0.title,v1_0.type,v1_0.url from videos v1_0 where v1_0.section_id=?
2026-03-11T15:31:50.697+05:30 DEBUG 12812 --- [backend] [http-nio-8081-exec-6] org.hibernate.SQL                        : select q1_0.section_id,q1_0.id,q1_0.description,q1_0.title from quizzes q1_0 where q1_0.section_id=?
2026-03-11T15:31:50.699+05:30 DEBUG 12812 --- [backend] [http-nio-8081-exec-6] org.hibernate.SQL                        : select s1_0.course_id,s1_0.id,s1_0.title from sections s1_0 where s1_0.course_id=?
2026-03-11T15:31:50.699+05:30 DEBUG 12812 --- [backend] [http-nio-8081-exec-6] org.hibernate.SQL                        : select s1_0.course_id,s1_0.id,s1_0.title from sections s1_0 where s1_0.course_id=?
2026-03-11T15:31:50.699+05:30 DEBUG 12812 --- [backend] [http-nio-8081-exec-6] org.hibernate.SQL                        : select s1_0.course_id,s1_0.id,s1_0.title from sections s1_0 where s1_0.course_id=?
2026-03-11T15:32:05.633+05:30 DEBUG 12812 --- [backend] [http-nio-8081-exec-4] org.hibernate.SQL                        : select t1_0.id,t1_0.course,t1_0.image,t1_0.message,t1_0.name,t1_0.thumbnail,t1_0.video_url from testimonials t1_0 where t1_0.video_url is not null
2026-03-11T15:32:05.647+05:30 DEBUG 12812 --- [backend] [http-nio-8081-exec-10] org.hibernate.SQL                        : select t1_0.id,t1_0.course,t1_0.image,t1_0.message,t1_0.name,t1_0.thumbnail,t1_0.video_url from testimonials t1_0 where t1_0.video_url is not null
2026-03-11T15:32:08.550+05:30 DEBUG 12812 --- [backend] [http-nio-8081-exec-3] org.hibernate.SQL                        : select u1_0.id,u1_0.certificate_date,u1_0.certificate_issued,u1_0.course,u1_0.discount,u1_0.email,u1_0.password,u1_0.phone,u1_0.profile_picture,u1_0.role,u1_0.total_fee,u1_0.username from users u1_0
2026-03-11T15:32:08.550+05:30 DEBUG 12812 --- [backend] [http-nio-8081-exec-6] org.hibernate.SQL                        : select e1_0.id,e1_0.amount_paid,e1_0.certificate_date,e1_0.certificate_id,e1_0.certificate_issued,e1_0.course_name,e1_0.discount,e1_0.enrollment_date,e1_0.fee,e1_0.payment_time,e1_0.progress,e1_0.status,e1_0.student_name,e1_0.transaction_id,e1_0.user_id from enrollments e1_0
2026-03-11T15:32:08.555+05:30 DEBUG 12812 --- [backend] [http-nio-8081-exec-6] org.hibernate.SQL                        : select u1_0.id,u1_0.certificate_date,u1_0.certificate_issued,u1_0.course,u1_0.discount,u1_0.email,u1_0.password,u1_0.phone,u1_0.profile_picture,u1_0.role,u1_0.total_fee,u1_0.username from users u1_0 where u1_0.id=?
2026-03-11T15:32:08.555+05:30 DEBUG 12812 --- [backend] [http-nio-8081-exec-6] org.hibernate.SQL                        : select u1_0.id,u1_0.certificate_date,u1_0.certificate_issued,u1_0.course,u1_0.discount,u1_0.email,u1_0.password,u1_0.phone,u1_0.profile_picture,u1_0.role,u1_0.total_fee,u1_0.username from users u1_0 where u1_0.id=?
2026-03-11T15:32:08.555+05:30 DEBUG 12812 --- [backend] [http-nio-8081-exec-6] org.hibernate.SQL                        : select u1_0.id,u1_0.certificate_date,u1_0.certificate_issued,u1_0.course,u1_0.discount,u1_0.email,u1_0.password,u1_0.phone,u1_0.profile_picture,u1_0.role,u1_0.total_fee,u1_0.username from users u1_0 where u1_0.id=?
2026-03-11T15:32:08.561+05:30 DEBUG 12812 --- [backend] [http-nio-8081-exec-6] org.hibernate.SQL                        : select u1_0.id,u1_0.certificate_date,u1_0.certificate_issued,u1_0.course,u1_0.discount,u1_0.email,u1_0.password,u1_0.phone,u1_0.profile_picture,u1_0.role,u1_0.total_fee,u1_0.username from users u1_0 where u1_0.id=?
2026-03-11T15:32:08.564+05:30 DEBUG 12812 --- [backend] [http-nio-8081-exec-6] org.hibernate.SQL                        : select u1_0.id,u1_0.certificate_date,u1_0.certificate_issued,u1_0.course,u1_0.discount,u1_0.email,u1_0.password,u1_0.phone,u1_0.profile_picture,u1_0.role,u1_0.total_fee,u1_0.username from users u1_0 where u1_0.id=?
2026-03-11T15:32:08.565+05:30 DEBUG 12812 --- [backend] [http-nio-8081-exec-6] org.hibernate.SQL                        : select u1_0.id,u1_0.certificate_date,u1_0.certificate_issued,u1_0.course,u1_0.discount,u1_0.email,u1_0.password,u1_0.phone,u1_0.profile_picture,u1_0.role,u1_0.total_fee,u1_0.username from users u1_0 where u1_0.id=?
2026-03-11T15:32:08.568+05:30 DEBUG 12812 --- [backend] [http-nio-8081-exec-6] org.hibernate.SQL                        : select u1_0.id,u1_0.certificate_date,u1_0.certificate_issued,u1_0.course,u1_0.discount,u1_0.email,u1_0.password,u1_0.phone,u1_0.profile_picture,u1_0.role,u1_0.total_fee,u1_0.username from users u1_0 where u1_0.id=?
2026-03-11T15:32:08.568+05:30 DEBUG 12812 --- [backend] [http-nio-8081-exec-6] org.hibernate.SQL                        : select u1_0.id,u1_0.certificate_date,u1_0.certificate_issued,u1_0.course,u1_0.discount,u1_0.email,u1_0.password,u1_0.phone,u1_0.profile_picture,u1_0.role,u1_0.total_fee,u1_0.username from users u1_0 where u1_0.id=?
2026-03-11T15:32:08.573+05:30 DEBUG 12812 --- [backend] [http-nio-8081-exec-6] org.hibernate.SQL                        : select u1_0.id,u1_0.certificate_date,u1_0.certificate_issued,u1_0.course,u1_0.discount,u1_0.email,u1_0.password,u1_0.phone,u1_0.profile_picture,u1_0.role,u1_0.total_fee,u1_0.username from users u1_0 where u1_0.id=?
2026-03-11T15:32:08.573+05:30 DEBUG 12812 --- [backend] [http-nio-8081-exec-5] org.hibernate.SQL                        : select u1_0.id,u1_0.certificate_date,u1_0.certificate_issued,u1_0.course,u1_0.discount,u1_0.email,u1_0.password,u1_0.phone,u1_0.profile_picture,u1_0.role,u1_0.total_fee,u1_0.username from users u1_0
2026-03-11T15:32:08.594+05:30 DEBUG 12812 --- [backend] [http-nio-8081-exec-1] org.hibernate.SQL                        : select e1_0.id,e1_0.amount_paid,e1_0.certificate_date,e1_0.certificate_id,e1_0.certificate_issued,e1_0.course_name,e1_0.discount,e1_0.enrollment_date,e1_0.fee,e1_0.payment_time,e1_0.progress,e1_0.status,e1_0.student_name,e1_0.transaction_id,e1_0.user_id from enrollments e1_0
2026-03-11T15:32:08.595+05:30 DEBUG 12812 --- [backend] [http-nio-8081-exec-1] org.hibernate.SQL                        : select u1_0.id,u1_0.certificate_date,u1_0.certificate_issued,u1_0.course,u1_0.discount,u1_0.email,u1_0.password,u1_0.phone,u1_0.profile_picture,u1_0.role,u1_0.total_fee,u1_0.username from users u1_0 where u1_0.id=?
2026-03-11T15:32:08.597+05:30 DEBUG 12812 --- [backend] [http-nio-8081-exec-1] org.hibernate.SQL                        : select u1_0.id,u1_0.certificate_date,u1_0.certificate_issued,u1_0.course,u1_0.discount,u1_0.email,u1_0.password,u1_0.phone,u1_0.profile_picture,u1_0.role,u1_0.total_fee,u1_0.username from users u1_0 where u1_0.id=?
2026-03-11T15:32:08.599+05:30 DEBUG 12812 --- [backend] [http-nio-8081-exec-1] org.hibernate.SQL                        : select u1_0.id,u1_0.certificate_date,u1_0.certificate_issued,u1_0.course,u1_0.discount,u1_0.email,u1_0.password,u1_0.phone,u1_0.profile_picture,u1_0.role,u1_0.total_fee,u1_0.username from users u1_0 where u1_0.id=?
2026-03-11T15:32:08.599+05:30 DEBUG 12812 --- [backend] [http-nio-8081-exec-1] org.hibernate.SQL                        : select u1_0.id,u1_0.certificate_date,u1_0.certificate_issued,u1_0.course,u1_0.discount,u1_0.email,u1_0.password,u1_0.phone,u1_0.profile_picture,u1_0.role,u1_0.total_fee,u1_0.username from users u1_0 where u1_0.id=?
2026-03-11T15:32:08.603+05:30 DEBUG 12812 --- [backend] [http-nio-8081-exec-1] org.hibernate.SQL                        : select u1_0.id,u1_0.certificate_date,u1_0.certificate_issued,u1_0.course,u1_0.discount,u1_0.email,u1_0.password,u1_0.phone,u1_0.profile_picture,u1_0.role,u1_0.total_fee,u1_0.username from users u1_0 where u1_0.id=?
2026-03-11T15:32:08.605+05:30 DEBUG 12812 --- [backend] [http-nio-8081-exec-1] org.hibernate.SQL                        : select u1_0.id,u1_0.certificate_date,u1_0.certificate_issued,u1_0.course,u1_0.discount,u1_0.email,u1_0.password,u1_0.phone,u1_0.profile_picture,u1_0.role,u1_0.total_fee,u1_0.username from users u1_0 where u1_0.id=?
2026-03-11T15:32:08.607+05:30 DEBUG 12812 --- [backend] [http-nio-8081-exec-1] org.hibernate.SQL                        : select u1_0.id,u1_0.certificate_date,u1_0.certificate_issued,u1_0.course,u1_0.discount,u1_0.email,u1_0.password,u1_0.phone,u1_0.profile_picture,u1_0.role,u1_0.total_fee,u1_0.username from users u1_0 where u1_0.id=?
2026-03-11T15:32:08.609+05:30 DEBUG 12812 --- [backend] [http-nio-8081-exec-1] org.hibernate.SQL                        : select u1_0.id,u1_0.certificate_date,u1_0.certificate_issued,u1_0.course,u1_0.discount,u1_0.email,u1_0.password,u1_0.phone,u1_0.profile_picture,u1_0.role,u1_0.total_fee,u1_0.username from users u1_0 where u1_0.id=?
2026-03-11T15:32:08.611+05:30 DEBUG 12812 --- [backend] [http-nio-8081-exec-1] org.hibernate.SQL                        : select u1_0.id,u1_0.certificate_date,u1_0.certificate_issued,u1_0.course,u1_0.discount,u1_0.email,u1_0.password,u1_0.phone,u1_0.profile_picture,u1_0.role,u1_0.total_fee,u1_0.username from users u1_0 where u1_0.id=?
2026-03-11T18:26:25.554+05:30  INFO 14376 --- [backend] [main] com.tsarit.backend.BackendApplication    : Starting BackendApplication using Java 23.0.1 with PID 14376 (D:\Desktop\NewWebsite\New Web\Backend\target\classes started by Nikhil Nawale in D:\Desktop\NewWebsite\New Web\Backend)
2026-03-11T18:26:25.555+05:30 DEBUG 14376 --- [backend] [main] com.tsarit.backend.BackendApplication    : Running with Spring Boot v3.2.2, Spring v6.1.3
2026-03-11T18:26:25.556+05:30  INFO 14376 --- [backend] [main] com.tsarit.backend.BackendApplication    : No active profile set, falling back to 1 default profile: "default"
2026-03-11T18:26:27.076+05:30  INFO 14376 --- [backend] [main] .s.d.r.c.RepositoryConfigurationDelegate : Bootstrapping Spring Data JPA repositories in DEFAULT mode.
2026-03-11T18:26:27.233+05:30  INFO 14376 --- [backend] [main] .s.d.r.c.RepositoryConfigurationDelegate : Finished Spring Data repository scanning in 139 ms. Found 15 JPA repository interfaces.
2026-03-11T18:26:29.063+05:30  INFO 14376 --- [backend] [main] o.s.b.w.embedded.tomcat.TomcatWebServer  : Tomcat initialized with port 8081 (http)
2026-03-11T18:26:29.099+05:30  INFO 14376 --- [backend] [main] o.apache.catalina.core.StandardService   : Starting service [Tomcat]
2026-03-11T18:26:29.101+05:30  INFO 14376 --- [backend] [main] o.apache.catalina.core.StandardEngine    : Starting Servlet engine: [Apache Tomcat/10.1.18]
2026-03-11T18:26:29.697+05:30  INFO 14376 --- [backend] [main] o.a.c.c.C.[Tomcat].[localhost].[/]       : Initializing Spring embedded WebApplicationContext
2026-03-11T18:26:29.699+05:30  INFO 14376 --- [backend] [main] w.s.c.ServletWebServerApplicationContext : Root WebApplicationContext: initialization completed in 4047 ms
2026-03-11T18:26:30.708+05:30  INFO 14376 --- [backend] [main] o.hibernate.jpa.internal.util.LogHelper  : HHH000204: Processing PersistenceUnitInfo [name: default]
2026-03-11T18:26:30.929+05:30  INFO 14376 --- [backend] [main] org.hibernate.Version                    : HHH000412: Hibernate ORM core version 6.4.1.Final
2026-03-11T18:26:31.066+05:30  INFO 14376 --- [backend] [main] o.h.c.internal.RegionFactoryInitiator    : HHH000026: Second-level cache disabled
2026-03-11T18:26:31.854+05:30  INFO 14376 --- [backend] [main] o.s.o.j.p.SpringPersistenceUnitInfo      : No LoadTimeWeaver setup: ignoring JPA class transformer
2026-03-11T18:26:31.931+05:30  INFO 14376 --- [backend] [main] com.zaxxer.hikari.HikariDataSource       : HikariPool-1 - Starting...
2026-03-11T18:26:33.106+05:30  INFO 14376 --- [backend] [main] com.zaxxer.hikari.pool.HikariPool        : HikariPool-1 - Added connection com.mysql.cj.jdbc.ConnectionImpl@3b30eec5
2026-03-11T18:26:33.123+05:30  INFO 14376 --- [backend] [main] com.zaxxer.hikari.HikariDataSource       : HikariPool-1 - Start completed.
2026-03-11T18:26:37.877+05:30  INFO 14376 --- [backend] [main] o.h.e.t.j.p.i.JtaPlatformInitiator       : HHH000489: No JTA platform available (set 'hibernate.transaction.jta.platform' to enable JTA platform integration)
2026-03-11T18:26:38.226+05:30  INFO 14376 --- [backend] [main] j.LocalContainerEntityManagerFactoryBean : Initialized JPA EntityManagerFactory for persistence unit 'default'
2026-03-11T18:26:39.704+05:30 DEBUG 14376 --- [backend] [main] c.t.backend.security.AuthTokenFilter     : Filter 'authTokenFilter' configured for use
2026-03-11T18:26:40.231+05:30  INFO 14376 --- [backend] [main] o.s.d.j.r.query.QueryEnhancerFactory     : Hibernate is in classpath; If applicable, HQL parser will be used.
2026-03-11T18:26:42.648+05:30 DEBUG 14376 --- [backend] [main] org.hibernate.SQL                        : select count(*) from courses c1_0
2026-03-11T18:26:44.456+05:30  WARN 14376 --- [backend] [main] JpaBaseConfiguration$JpaWebConfiguration : spring.jpa.open-in-view is enabled by default. Therefore, database queries may be performed during view rendering. Explicitly configure spring.jpa.open-in-view to disable this warning
2026-03-11T18:26:45.734+05:30  INFO 14376 --- [backend] [main] o.s.s.web.DefaultSecurityFilterChain     : Will secure any request with [org.springframework.security.web.session.DisableEncodeUrlFilter@52f9a620, org.springframework.security.web.context.request.async.WebAsyncManagerIntegrationFilter@6d575cd8, org.springframework.security.web.context.SecurityContextHolderFilter@4c006046, org.springframework.security.web.header.HeaderWriterFilter@35c66ad, org.springframework.web.filter.CorsFilter@69c00140, org.springframework.security.web.authentication.logout.LogoutFilter@250988e5, com.tsarit.backend.security.AuthTokenFilter@45fa7fb7, org.springframework.security.web.savedrequest.RequestCacheAwareFilter@6662af0a, org.springframework.security.web.servletapi.SecurityContextHolderAwareRequestFilter@665f19d, org.springframework.security.web.authentication.AnonymousAuthenticationFilter@7cc7769d, org.springframework.security.web.session.SessionManagementFilter@5303762f, org.springframework.security.web.access.ExceptionTranslationFilter@60c3f653, org.springframework.security.web.access.intercept.AuthorizationFilter@46c85b61]
2026-03-11T18:26:46.960+05:30  INFO 14376 --- [backend] [main] o.s.b.w.embedded.tomcat.TomcatWebServer  : Tomcat started on port 8081 (http) with context path ''
2026-03-11T18:26:47.000+05:30  INFO 14376 --- [backend] [main] com.tsarit.backend.BackendApplication    : Started BackendApplication in 22.019 seconds (process running for 30.069)
2026-03-11T18:26:47.022+05:30  INFO 14376 --- [backend] [main] com.tsarit.backend.BackendApplication    : Attempting to update database schema for Testimonials...
2026-03-11T18:26:47.110+05:30  INFO 14376 --- [backend] [main] com.tsarit.backend.BackendApplication    : Schema updated successfully: Testimonial columns resized to TEXT.
2026-03-11T18:26:47.111+05:30  INFO 14376 --- [backend] [main] com.tsarit.backend.BackendApplication    : Attempting to update database schema for Webinars...
2026-03-11T18:26:47.174+05:30  INFO 14376 --- [backend] [main] com.tsarit.backend.BackendApplication    : Schema updated successfully: Webinar columns resized to TEXT.
2026-03-11T18:26:47.175+05:30  INFO 14376 --- [backend] [main] com.tsarit.backend.BackendApplication    : Attempting to update database schema for Hackathons...
2026-03-11T18:26:47.225+05:30  INFO 14376 --- [backend] [main] com.tsarit.backend.BackendApplication    : Schema updated successfully: Hackathon columns resized to TEXT.
2026-03-11T18:26:47.558+05:30 DEBUG 14376 --- [backend] [main] org.hibernate.SQL                        : select c1_0.id,c1_0.bg_color,c1_0.border_color,c1_0.color,c1_0.description,c1_0.discount,c1_0.domain,c1_0.duration,c1_0.gradient,c1_0.icon_name,c1_0.level,c1_0.live_link,c1_0.name,c1_0.shadow,c1_0.slug,c1_0.total_fee from courses c1_0 where c1_0.name=?
2026-03-11T18:26:47.716+05:30 DEBUG 14376 --- [backend] [main] org.hibernate.SQL                        : select c1_0.id,c1_0.bg_color,c1_0.border_color,c1_0.color,c1_0.description,c1_0.discount,c1_0.domain,c1_0.duration,c1_0.gradient,c1_0.icon_name,c1_0.level,c1_0.live_link,c1_0.name,c1_0.shadow,c1_0.slug,c1_0.total_fee,s1_0.course_id,s1_0.id,s1_0.title from courses c1_0 left join sections s1_0 on c1_0.id=s1_0.course_id where c1_0.id=?
2026-03-11T18:26:47.734+05:30 DEBUG 14376 --- [backend] [main] org.hibernate.SQL                        : select v1_0.section_id,v1_0.id,v1_0.duration,v1_0.title,v1_0.type,v1_0.url from videos v1_0 where v1_0.section_id=?
2026-03-11T18:26:47.738+05:30 DEBUG 14376 --- [backend] [main] org.hibernate.SQL                        : select q1_0.section_id,q1_0.id,q1_0.description,q1_0.title from quizzes q1_0 where q1_0.section_id=?
2026-03-11T18:26:47.742+05:30 DEBUG 14376 --- [backend] [main] org.hibernate.SQL                        : select v1_0.section_id,v1_0.id,v1_0.duration,v1_0.title,v1_0.type,v1_0.url from videos v1_0 where v1_0.section_id=?
2026-03-11T18:26:47.747+05:30 DEBUG 14376 --- [backend] [main] org.hibernate.SQL                        : select q1_0.section_id,q1_0.id,q1_0.description,q1_0.title from quizzes q1_0 where q1_0.section_id=?
2026-03-11T18:26:47.751+05:30 DEBUG 14376 --- [backend] [main] org.hibernate.SQL                        : select v1_0.section_id,v1_0.id,v1_0.duration,v1_0.title,v1_0.type,v1_0.url from videos v1_0 where v1_0.section_id=?
2026-03-11T18:26:47.757+05:30 DEBUG 14376 --- [backend] [main] org.hibernate.SQL                        : select q1_0.section_id,q1_0.id,q1_0.description,q1_0.title from quizzes q1_0 where q1_0.section_id=?
2026-03-11T18:26:47.765+05:30 DEBUG 14376 --- [backend] [main] org.hibernate.SQL                        : select v1_0.section_id,v1_0.id,v1_0.duration,v1_0.title,v1_0.type,v1_0.url from videos v1_0 where v1_0.section_id=?
2026-03-11T18:26:47.765+05:30 DEBUG 14376 --- [backend] [main] org.hibernate.SQL                        : select q1_0.section_id,q1_0.id,q1_0.description,q1_0.title from quizzes q1_0 where q1_0.section_id=?
2026-03-11T18:26:47.816+05:30 DEBUG 14376 --- [backend] [main] org.hibernate.SQL                        : select c1_0.id,c1_0.bg_color,c1_0.border_color,c1_0.color,c1_0.description,c1_0.discount,c1_0.domain,c1_0.duration,c1_0.gradient,c1_0.icon_name,c1_0.level,c1_0.live_link,c1_0.name,c1_0.shadow,c1_0.slug,c1_0.total_fee from courses c1_0 where c1_0.name=?
2026-03-11T18:26:47.823+05:30 DEBUG 14376 --- [backend] [main] org.hibernate.SQL                        : select c1_0.id,c1_0.bg_color,c1_0.border_color,c1_0.color,c1_0.description,c1_0.discount,c1_0.domain,c1_0.duration,c1_0.gradient,c1_0.icon_name,c1_0.level,c1_0.live_link,c1_0.name,c1_0.shadow,c1_0.slug,c1_0.total_fee,s1_0.course_id,s1_0.id,s1_0.title from courses c1_0 left join sections s1_0 on c1_0.id=s1_0.course_id where c1_0.id=?
2026-03-11T18:26:47.834+05:30 DEBUG 14376 --- [backend] [main] org.hibernate.SQL                        : select c1_0.id,c1_0.bg_color,c1_0.border_color,c1_0.color,c1_0.description,c1_0.discount,c1_0.domain,c1_0.duration,c1_0.gradient,c1_0.icon_name,c1_0.level,c1_0.live_link,c1_0.name,c1_0.shadow,c1_0.slug,c1_0.total_fee from courses c1_0 where c1_0.name=?
2026-03-11T18:26:47.839+05:30 DEBUG 14376 --- [backend] [main] org.hibernate.SQL                        : select c1_0.id,c1_0.bg_color,c1_0.border_color,c1_0.color,c1_0.description,c1_0.discount,c1_0.domain,c1_0.duration,c1_0.gradient,c1_0.icon_name,c1_0.level,c1_0.live_link,c1_0.name,c1_0.shadow,c1_0.slug,c1_0.total_fee,s1_0.course_id,s1_0.id,s1_0.title from courses c1_0 left join sections s1_0 on c1_0.id=s1_0.course_id where c1_0.id=?
2026-03-11T18:26:47.851+05:30 DEBUG 14376 --- [backend] [main] org.hibernate.SQL                        : select c1_0.id,c1_0.bg_color,c1_0.border_color,c1_0.color,c1_0.description,c1_0.discount,c1_0.domain,c1_0.duration,c1_0.gradient,c1_0.icon_name,c1_0.level,c1_0.live_link,c1_0.name,c1_0.shadow,c1_0.slug,c1_0.total_fee from courses c1_0 where c1_0.name=?
2026-03-11T18:26:47.856+05:30 DEBUG 14376 --- [backend] [main] org.hibernate.SQL                        : select c1_0.id,c1_0.bg_color,c1_0.border_color,c1_0.color,c1_0.description,c1_0.discount,c1_0.domain,c1_0.duration,c1_0.gradient,c1_0.icon_name,c1_0.level,c1_0.live_link,c1_0.name,c1_0.shadow,c1_0.slug,c1_0.total_fee,s1_0.course_id,s1_0.id,s1_0.title from courses c1_0 left join sections s1_0 on c1_0.id=s1_0.course_id where c1_0.id=?
2026-03-11T18:26:47.873+05:30 DEBUG 14376 --- [backend] [main] org.hibernate.SQL                        : select c1_0.id,c1_0.bg_color,c1_0.border_color,c1_0.color,c1_0.description,c1_0.discount,c1_0.domain,c1_0.duration,c1_0.gradient,c1_0.icon_name,c1_0.level,c1_0.live_link,c1_0.name,c1_0.shadow,c1_0.slug,c1_0.total_fee from courses c1_0 where c1_0.name=?
2026-03-11T18:26:47.878+05:30 DEBUG 14376 --- [backend] [main] org.hibernate.SQL                        : select c1_0.id,c1_0.bg_color,c1_0.border_color,c1_0.color,c1_0.description,c1_0.discount,c1_0.domain,c1_0.duration,c1_0.gradient,c1_0.icon_name,c1_0.level,c1_0.live_link,c1_0.name,c1_0.shadow,c1_0.slug,c1_0.total_fee,s1_0.course_id,s1_0.id,s1_0.title from courses c1_0 left join sections s1_0 on c1_0.id=s1_0.course_id where c1_0.id=?
2026-03-11T18:26:47.892+05:30 DEBUG 14376 --- [backend] [main] org.hibernate.SQL                        : select c1_0.id,c1_0.bg_color,c1_0.border_color,c1_0.color,c1_0.description,c1_0.discount,c1_0.domain,c1_0.duration,c1_0.gradient,c1_0.icon_name,c1_0.level,c1_0.live_link,c1_0.name,c1_0.shadow,c1_0.slug,c1_0.total_fee from courses c1_0 where c1_0.name=?
2026-03-11T18:26:47.900+05:30 DEBUG 14376 --- [backend] [main] org.hibernate.SQL                        : select c1_0.id,c1_0.bg_color,c1_0.border_color,c1_0.color,c1_0.description,c1_0.discount,c1_0.domain,c1_0.duration,c1_0.gradient,c1_0.icon_name,c1_0.level,c1_0.live_link,c1_0.name,c1_0.shadow,c1_0.slug,c1_0.total_fee,s1_0.course_id,s1_0.id,s1_0.title from courses c1_0 left join sections s1_0 on c1_0.id=s1_0.course_id where c1_0.id=?
2026-03-11T18:26:47.911+05:30 DEBUG 14376 --- [backend] [main] org.hibernate.SQL                        : select c1_0.id,c1_0.bg_color,c1_0.border_color,c1_0.color,c1_0.description,c1_0.discount,c1_0.domain,c1_0.duration,c1_0.gradient,c1_0.icon_name,c1_0.level,c1_0.live_link,c1_0.name,c1_0.shadow,c1_0.slug,c1_0.total_fee from courses c1_0 where c1_0.name=?
2026-03-11T18:26:47.917+05:30 DEBUG 14376 --- [backend] [main] org.hibernate.SQL                        : select c1_0.id,c1_0.bg_color,c1_0.border_color,c1_0.color,c1_0.description,c1_0.discount,c1_0.domain,c1_0.duration,c1_0.gradient,c1_0.icon_name,c1_0.level,c1_0.live_link,c1_0.name,c1_0.shadow,c1_0.slug,c1_0.total_fee,s1_0.course_id,s1_0.id,s1_0.title from courses c1_0 left join sections s1_0 on c1_0.id=s1_0.course_id where c1_0.id=?
2026-03-11T18:26:47.923+05:30 DEBUG 14376 --- [backend] [main] org.hibernate.SQL                        : select v1_0.section_id,v1_0.id,v1_0.duration,v1_0.title,v1_0.type,v1_0.url from videos v1_0 where v1_0.section_id=?
2026-03-11T18:26:47.927+05:30 DEBUG 14376 --- [backend] [main] org.hibernate.SQL                        : select q1_0.section_id,q1_0.id,q1_0.description,q1_0.title from quizzes q1_0 where q1_0.section_id=?
2026-03-11T18:26:47.939+05:30 DEBUG 14376 --- [backend] [main] org.hibernate.SQL                        : select c1_0.id,c1_0.bg_color,c1_0.border_color,c1_0.color,c1_0.description,c1_0.discount,c1_0.domain,c1_0.duration,c1_0.gradient,c1_0.icon_name,c1_0.level,c1_0.live_link,c1_0.name,c1_0.shadow,c1_0.slug,c1_0.total_fee from courses c1_0 where c1_0.name=?
2026-03-11T18:26:47.945+05:30 DEBUG 14376 --- [backend] [main] org.hibernate.SQL                        : select c1_0.id,c1_0.bg_color,c1_0.border_color,c1_0.color,c1_0.description,c1_0.discount,c1_0.domain,c1_0.duration,c1_0.gradient,c1_0.icon_name,c1_0.level,c1_0.live_link,c1_0.name,c1_0.shadow,c1_0.slug,c1_0.total_fee,s1_0.course_id,s1_0.id,s1_0.title from courses c1_0 left join sections s1_0 on c1_0.id=s1_0.course_id where c1_0.id=?
2026-03-11T18:26:47.957+05:30 DEBUG 14376 --- [backend] [main] org.hibernate.SQL                        : select c1_0.id,c1_0.bg_color,c1_0.border_color,c1_0.color,c1_0.description,c1_0.discount,c1_0.domain,c1_0.duration,c1_0.gradient,c1_0.icon_name,c1_0.level,c1_0.live_link,c1_0.name,c1_0.shadow,c1_0.slug,c1_0.total_fee from courses c1_0 where c1_0.name=?
2026-03-11T18:26:47.965+05:30 DEBUG 14376 --- [backend] [main] org.hibernate.SQL                        : select c1_0.id,c1_0.bg_color,c1_0.border_color,c1_0.color,c1_0.description,c1_0.discount,c1_0.domain,c1_0.duration,c1_0.gradient,c1_0.icon_name,c1_0.level,c1_0.live_link,c1_0.name,c1_0.shadow,c1_0.slug,c1_0.total_fee,s1_0.course_id,s1_0.id,s1_0.title from courses c1_0 left join sections s1_0 on c1_0.id=s1_0.course_id where c1_0.id=?
2026-03-11T18:26:47.977+05:30 DEBUG 14376 --- [backend] [main] org.hibernate.SQL                        : select u1_0.id,u1_0.certificate_date,u1_0.certificate_issued,u1_0.course,u1_0.discount,u1_0.email,u1_0.password,u1_0.phone,u1_0.profile_picture,u1_0.role,u1_0.total_fee,u1_0.username from users u1_0 where u1_0.email=? limit ?
2026-03-11T18:26:47.999+05:30 DEBUG 14376 --- [backend] [main] org.hibernate.SQL                        : select u1_0.id,u1_0.certificate_date,u1_0.certificate_issued,u1_0.course,u1_0.discount,u1_0.email,u1_0.password,u1_0.phone,u1_0.profile_picture,u1_0.role,u1_0.total_fee,u1_0.username from users u1_0 where u1_0.email=? limit ?
2026-03-11T18:26:48.205+05:30 DEBUG 14376 --- [backend] [main] org.hibernate.SQL                        : select u1_0.id,u1_0.certificate_date,u1_0.certificate_issued,u1_0.course,u1_0.discount,u1_0.email,u1_0.password,u1_0.phone,u1_0.profile_picture,u1_0.role,u1_0.total_fee,u1_0.username from users u1_0 where u1_0.id=?
2026-03-11T18:26:48.402+05:30 DEBUG 14376 --- [backend] [main] org.hibernate.SQL                        : update users set certificate_date=?,certificate_issued=?,course=?,discount=?,email=?,password=?,phone=?,profile_picture=?,role=?,total_fee=?,username=? where id=?
2026-03-11T18:26:48.447+05:30 DEBUG 14376 --- [backend] [main] org.hibernate.SQL                        : select u1_0.id,u1_0.certificate_date,u1_0.certificate_issued,u1_0.course,u1_0.discount,u1_0.email,u1_0.password,u1_0.phone,u1_0.profile_picture,u1_0.role,u1_0.total_fee,u1_0.username from users u1_0 where u1_0.email=? limit ?
2026-03-11T18:30:59.415+05:30  INFO 14376 --- [backend] [http-nio-8081-exec-2] o.a.c.c.C.[Tomcat].[localhost].[/]       : Initializing Spring DispatcherServlet 'dispatcherServlet'
2026-03-11T18:30:59.415+05:30  INFO 14376 --- [backend] [http-nio-8081-exec-2] o.s.web.servlet.DispatcherServlet        : Initializing Servlet 'dispatcherServlet'
2026-03-11T18:30:59.433+05:30  INFO 14376 --- [backend] [http-nio-8081-exec-2] o.s.web.servlet.DispatcherServlet        : Completed initialization in 18 ms
2026-03-11T18:31:00.267+05:30 DEBUG 14376 --- [backend] [http-nio-8081-exec-1] org.hibernate.SQL                        : select h1_0.id,h1_0.date,h1_0.description,h1_0.entry_fee,h1_0.mode,h1_0.prize_pool,h1_0.status,h1_0.time,h1_0.title from hackathons h1_0
2026-03-11T18:31:00.284+05:30 DEBUG 14376 --- [backend] [http-nio-8081-exec-2] org.hibernate.SQL                        : select c1_0.id,c1_0.bg_color,c1_0.border_color,c1_0.color,c1_0.description,c1_0.discount,c1_0.domain,c1_0.duration,c1_0.gradient,c1_0.icon_name,c1_0.level,c1_0.live_link,c1_0.name,c1_0.shadow,c1_0.slug,c1_0.total_fee from courses c1_0
2026-03-11T18:31:00.563+05:30 DEBUG 14376 --- [backend] [http-nio-8081-exec-4] org.hibernate.SQL                        : select t1_0.id,t1_0.course,t1_0.image,t1_0.message,t1_0.name,t1_0.thumbnail,t1_0.video_url from testimonials t1_0 where t1_0.video_url is null
2026-03-11T18:31:00.568+05:30 DEBUG 14376 --- [backend] [http-nio-8081-exec-3] org.hibernate.SQL                        : select t1_0.id,t1_0.course,t1_0.image,t1_0.message,t1_0.name,t1_0.thumbnail,t1_0.video_url from testimonials t1_0 where t1_0.video_url is not null
2026-03-11T18:31:00.991+05:30 DEBUG 14376 --- [backend] [http-nio-8081-exec-2] org.hibernate.SQL                        : select s1_0.course_id,s1_0.id,s1_0.title from sections s1_0 where s1_0.course_id=?
2026-03-11T18:31:01.043+05:30 DEBUG 14376 --- [backend] [http-nio-8081-exec-1] org.hibernate.SQL                        : select rui1_0.hackathon_id,rui1_0.registered_user_ids from hackathon_registered_user_ids rui1_0 where rui1_0.hackathon_id=?
2026-03-11T18:31:01.035+05:30 DEBUG 14376 --- [backend] [http-nio-8081-exec-5] org.hibernate.SQL                        : select t1_0.id,t1_0.course,t1_0.image,t1_0.message,t1_0.name,t1_0.thumbnail,t1_0.video_url from testimonials t1_0 where t1_0.video_url is not null
2026-03-11T18:31:01.063+05:30 DEBUG 14376 --- [backend] [http-nio-8081-exec-1] org.hibernate.SQL                        : select rui1_0.hackathon_id,rui1_0.registered_user_ids from hackathon_registered_user_ids rui1_0 where rui1_0.hackathon_id=?
2026-03-11T18:31:01.073+05:30 DEBUG 14376 --- [backend] [http-nio-8081-exec-6] org.hibernate.SQL                        : select t1_0.id,t1_0.course,t1_0.image,t1_0.message,t1_0.name,t1_0.thumbnail,t1_0.video_url from testimonials t1_0 where t1_0.video_url is null
2026-03-11T18:31:01.076+05:30 DEBUG 14376 --- [backend] [http-nio-8081-exec-1] org.hibernate.SQL                        : select rui1_0.hackathon_id,rui1_0.registered_user_ids from hackathon_registered_user_ids rui1_0 where rui1_0.hackathon_id=?
2026-03-11T18:31:01.118+05:30 DEBUG 14376 --- [backend] [http-nio-8081-exec-2] org.hibernate.SQL                        : select v1_0.section_id,v1_0.id,v1_0.duration,v1_0.title,v1_0.type,v1_0.url from videos v1_0 where v1_0.section_id=?
2026-03-11T18:31:01.163+05:30 DEBUG 14376 --- [backend] [http-nio-8081-exec-1] org.hibernate.SQL                        : select rui1_0.hackathon_id,rui1_0.registered_user_ids from hackathon_registered_user_ids rui1_0 where rui1_0.hackathon_id=?
2026-03-11T18:31:01.173+05:30 DEBUG 14376 --- [backend] [http-nio-8081-exec-1] org.hibernate.SQL                        : select rui1_0.hackathon_id,rui1_0.registered_user_ids from hackathon_registered_user_ids rui1_0 where rui1_0.hackathon_id=?
2026-03-11T18:31:01.183+05:30 DEBUG 14376 --- [backend] [http-nio-8081-exec-1] org.hibernate.SQL                        : select rui1_0.hackathon_id,rui1_0.registered_user_ids from hackathon_registered_user_ids rui1_0 where rui1_0.hackathon_id=?
2026-03-11T18:31:01.235+05:30 DEBUG 14376 --- [backend] [http-nio-8081-exec-7] org.hibernate.SQL                        : select h1_0.id,h1_0.date,h1_0.description,h1_0.entry_fee,h1_0.mode,h1_0.prize_pool,h1_0.status,h1_0.time,h1_0.title from hackathons h1_0
2026-03-11T18:31:01.252+05:30 DEBUG 14376 --- [backend] [http-nio-8081-exec-7] org.hibernate.SQL                        : select rui1_0.hackathon_id,rui1_0.registered_user_ids from hackathon_registered_user_ids rui1_0 where rui1_0.hackathon_id=?
2026-03-11T18:31:01.257+05:30 DEBUG 14376 --- [backend] [http-nio-8081-exec-2] org.hibernate.SQL                        : select q1_0.section_id,q1_0.id,q1_0.description,q1_0.title from quizzes q1_0 where q1_0.section_id in (select s1_0.id from sections s1_0 where s1_0.course_id=?)
2026-03-11T18:31:01.257+05:30 DEBUG 14376 --- [backend] [http-nio-8081-exec-7] org.hibernate.SQL                        : select rui1_0.hackathon_id,rui1_0.registered_user_ids from hackathon_registered_user_ids rui1_0 where rui1_0.hackathon_id=?
2026-03-11T18:31:01.263+05:30 DEBUG 14376 --- [backend] [http-nio-8081-exec-7] org.hibernate.SQL                        : select rui1_0.hackathon_id,rui1_0.registered_user_ids from hackathon_registered_user_ids rui1_0 where rui1_0.hackathon_id=?
2026-03-11T18:31:01.263+05:30 DEBUG 14376 --- [backend] [http-nio-8081-exec-7] org.hibernate.SQL                        : select rui1_0.hackathon_id,rui1_0.registered_user_ids from hackathon_registered_user_ids rui1_0 where rui1_0.hackathon_id=?
2026-03-11T18:31:01.268+05:30 DEBUG 14376 --- [backend] [http-nio-8081-exec-7] org.hibernate.SQL                        : select rui1_0.hackathon_id,rui1_0.registered_user_ids from hackathon_registered_user_ids rui1_0 where rui1_0.hackathon_id=?
2026-03-11T18:31:01.521+05:30 DEBUG 14376 --- [backend] [http-nio-8081-exec-7] org.hibernate.SQL                        : select rui1_0.hackathon_id,rui1_0.registered_user_ids from hackathon_registered_user_ids rui1_0 where rui1_0.hackathon_id=?
2026-03-11T18:31:01.523+05:30 DEBUG 14376 --- [backend] [http-nio-8081-exec-2] org.hibernate.SQL                        : select v1_0.section_id,v1_0.id,v1_0.duration,v1_0.title,v1_0.type,v1_0.url from videos v1_0 where v1_0.section_id=?
2026-03-11T18:31:01.553+05:30 DEBUG 14376 --- [backend] [http-nio-8081-exec-2] org.hibernate.SQL                        : select q1_0.quiz_id,q1_0.id,q1_0.correct_option_index,q1_0.question_text from questions q1_0 where q1_0.quiz_id=?
2026-03-11T18:31:01.574+05:30 DEBUG 14376 --- [backend] [http-nio-8081-exec-2] org.hibernate.SQL                        : select o1_0.question_id,o1_0.option_text from question_options o1_0 where o1_0.question_id=?
2026-03-11T18:31:01.583+05:30 DEBUG 14376 --- [backend] [http-nio-8081-exec-2] org.hibernate.SQL                        : select o1_0.question_id,o1_0.option_text from question_options o1_0 where o1_0.question_id=?
2026-03-11T18:31:01.589+05:30 DEBUG 14376 --- [backend] [http-nio-8081-exec-2] org.hibernate.SQL                        : select v1_0.section_id,v1_0.id,v1_0.duration,v1_0.title,v1_0.type,v1_0.url from videos v1_0 where v1_0.section_id=?
2026-03-11T18:31:01.594+05:30 DEBUG 14376 --- [backend] [http-nio-8081-exec-2] org.hibernate.SQL                        : select v1_0.section_id,v1_0.id,v1_0.duration,v1_0.title,v1_0.type,v1_0.url from videos v1_0 where v1_0.section_id=?
2026-03-11T18:31:01.601+05:30 DEBUG 14376 --- [backend] [http-nio-8081-exec-2] org.hibernate.SQL                        : select s1_0.course_id,s1_0.id,s1_0.title from sections s1_0 where s1_0.course_id=?
2026-03-11T18:31:01.606+05:30 DEBUG 14376 --- [backend] [http-nio-8081-exec-2] org.hibernate.SQL                        : select s1_0.course_id,s1_0.id,s1_0.title from sections s1_0 where s1_0.course_id=?
2026-03-11T18:31:01.614+05:30 DEBUG 14376 --- [backend] [http-nio-8081-exec-2] org.hibernate.SQL                        : select s1_0.course_id,s1_0.id,s1_0.title from sections s1_0 where s1_0.course_id=?
2026-03-11T18:31:01.616+05:30 DEBUG 14376 --- [backend] [http-nio-8081-exec-2] org.hibernate.SQL                        : select s1_0.course_id,s1_0.id,s1_0.title from sections s1_0 where s1_0.course_id=?
2026-03-11T18:31:01.624+05:30 DEBUG 14376 --- [backend] [http-nio-8081-exec-2] org.hibernate.SQL                        : select s1_0.course_id,s1_0.id,s1_0.title from sections s1_0 where s1_0.course_id=?
2026-03-11T18:31:01.626+05:30 DEBUG 14376 --- [backend] [http-nio-8081-exec-2] org.hibernate.SQL                        : select s1_0.course_id,s1_0.id,s1_0.title from sections s1_0 where s1_0.course_id=?
2026-03-11T18:31:01.674+05:30 DEBUG 14376 --- [backend] [http-nio-8081-exec-2] org.hibernate.SQL                        : select v1_0.section_id,v1_0.id,v1_0.duration,v1_0.title,v1_0.type,v1_0.url from videos v1_0 where v1_0.section_id=?
2026-03-11T18:31:01.678+05:30 DEBUG 14376 --- [backend] [http-nio-8081-exec-2] org.hibernate.SQL                        : select q1_0.section_id,q1_0.id,q1_0.description,q1_0.title from quizzes q1_0 where q1_0.section_id=?
2026-03-11T18:31:01.683+05:30 DEBUG 14376 --- [backend] [http-nio-8081-exec-2] org.hibernate.SQL                        : select s1_0.course_id,s1_0.id,s1_0.title from sections s1_0 where s1_0.course_id=?
2026-03-11T18:31:01.688+05:30 DEBUG 14376 --- [backend] [http-nio-8081-exec-2] org.hibernate.SQL                        : select s1_0.course_id,s1_0.id,s1_0.title from sections s1_0 where s1_0.course_id=?
2026-03-11T18:31:01.695+05:30 DEBUG 14376 --- [backend] [http-nio-8081-exec-2] org.hibernate.SQL                        : select s1_0.course_id,s1_0.id,s1_0.title from sections s1_0 where s1_0.course_id=?
2026-03-11T18:31:01.720+05:30 DEBUG 14376 --- [backend] [http-nio-8081-exec-8] org.hibernate.SQL                        : select c1_0.id,c1_0.bg_color,c1_0.border_color,c1_0.color,c1_0.description,c1_0.discount,c1_0.domain,c1_0.duration,c1_0.gradient,c1_0.icon_name,c1_0.level,c1_0.live_link,c1_0.name,c1_0.shadow,c1_0.slug,c1_0.total_fee from courses c1_0
2026-03-11T18:31:01.737+05:30 DEBUG 14376 --- [backend] [http-nio-8081-exec-8] org.hibernate.SQL                        : select s1_0.course_id,s1_0.id,s1_0.title from sections s1_0 where s1_0.course_id=?
2026-03-11T18:31:01.745+05:30 DEBUG 14376 --- [backend] [http-nio-8081-exec-8] org.hibernate.SQL                        : select v1_0.section_id,v1_0.id,v1_0.duration,v1_0.title,v1_0.type,v1_0.url from videos v1_0 where v1_0.section_id=?
2026-03-11T18:31:01.750+05:30 DEBUG 14376 --- [backend] [http-nio-8081-exec-8] org.hibernate.SQL                        : select q1_0.section_id,q1_0.id,q1_0.description,q1_0.title from quizzes q1_0 where q1_0.section_id in (select s1_0.id from sections s1_0 where s1_0.course_id=?)
2026-03-11T18:31:01.753+05:30 DEBUG 14376 --- [backend] [http-nio-8081-exec-8] org.hibernate.SQL                        : select v1_0.section_id,v1_0.id,v1_0.duration,v1_0.title,v1_0.type,v1_0.url from videos v1_0 where v1_0.section_id=?
2026-03-11T18:31:01.756+05:30 DEBUG 14376 --- [backend] [http-nio-8081-exec-8] org.hibernate.SQL                        : select q1_0.quiz_id,q1_0.id,q1_0.correct_option_index,q1_0.question_text from questions q1_0 where q1_0.quiz_id=?
2026-03-11T18:31:01.762+05:30 DEBUG 14376 --- [backend] [http-nio-8081-exec-8] org.hibernate.SQL                        : select o1_0.question_id,o1_0.option_text from question_options o1_0 where o1_0.question_id=?
2026-03-11T18:31:01.774+05:30 DEBUG 14376 --- [backend] [http-nio-8081-exec-8] org.hibernate.SQL                        : select o1_0.question_id,o1_0.option_text from question_options o1_0 where o1_0.question_id=?
2026-03-11T18:31:01.788+05:30 DEBUG 14376 --- [backend] [http-nio-8081-exec-8] org.hibernate.SQL                        : select v1_0.section_id,v1_0.id,v1_0.duration,v1_0.title,v1_0.type,v1_0.url from videos v1_0 where v1_0.section_id=?
2026-03-11T18:31:01.792+05:30 DEBUG 14376 --- [backend] [http-nio-8081-exec-8] org.hibernate.SQL                        : select v1_0.section_id,v1_0.id,v1_0.duration,v1_0.title,v1_0.type,v1_0.url from videos v1_0 where v1_0.section_id=?
2026-03-11T18:31:01.797+05:30 DEBUG 14376 --- [backend] [http-nio-8081-exec-8] org.hibernate.SQL                        : select s1_0.course_id,s1_0.id,s1_0.title from sections s1_0 where s1_0.course_id=?
2026-03-11T18:31:01.809+05:30 DEBUG 14376 --- [backend] [http-nio-8081-exec-8] org.hibernate.SQL                        : select s1_0.course_id,s1_0.id,s1_0.title from sections s1_0 where s1_0.course_id=?
2026-03-11T18:31:01.813+05:30 DEBUG 14376 --- [backend] [http-nio-8081-exec-8] org.hibernate.SQL                        : select s1_0.course_id,s1_0.id,s1_0.title from sections s1_0 where s1_0.course_id=?
2026-03-11T18:31:01.819+05:30 DEBUG 14376 --- [backend] [http-nio-8081-exec-8] org.hibernate.SQL                        : select s1_0.course_id,s1_0.id,s1_0.title from sections s1_0 where s1_0.course_id=?
2026-03-11T18:31:01.824+05:30 DEBUG 14376 --- [backend] [http-nio-8081-exec-8] org.hibernate.SQL                        : select s1_0.course_id,s1_0.id,s1_0.title from sections s1_0 where s1_0.course_id=?
2026-03-11T18:31:01.827+05:30 DEBUG 14376 --- [backend] [http-nio-8081-exec-8] org.hibernate.SQL                        : select s1_0.course_id,s1_0.id,s1_0.title from sections s1_0 where s1_0.course_id=?
2026-03-11T18:31:01.833+05:30 DEBUG 14376 --- [backend] [http-nio-8081-exec-8] org.hibernate.SQL                        : select v1_0.section_id,v1_0.id,v1_0.duration,v1_0.title,v1_0.type,v1_0.url from videos v1_0 where v1_0.section_id=?
2026-03-11T18:31:01.836+05:30 DEBUG 14376 --- [backend] [http-nio-8081-exec-8] org.hibernate.SQL                        : select q1_0.section_id,q1_0.id,q1_0.description,q1_0.title from quizzes q1_0 where q1_0.section_id=?
2026-03-11T18:31:01.840+05:30 DEBUG 14376 --- [backend] [http-nio-8081-exec-8] org.hibernate.SQL                        : select s1_0.course_id,s1_0.id,s1_0.title from sections s1_0 where s1_0.course_id=?
2026-03-11T18:31:01.844+05:30 DEBUG 14376 --- [backend] [http-nio-8081-exec-8] org.hibernate.SQL                        : select s1_0.course_id,s1_0.id,s1_0.title from sections s1_0 where s1_0.course_id=?
2026-03-11T18:31:01.869+05:30 DEBUG 14376 --- [backend] [http-nio-8081-exec-8] org.hibernate.SQL                        : select s1_0.course_id,s1_0.id,s1_0.title from sections s1_0 where s1_0.course_id=?
2026-03-11T18:31:01.894+05:30 DEBUG 14376 --- [backend] [http-nio-8081-exec-9] org.hibernate.SQL                        : select c1_0.id,c1_0.bg_color,c1_0.border_color,c1_0.color,c1_0.description,c1_0.discount,c1_0.domain,c1_0.duration,c1_0.gradient,c1_0.icon_name,c1_0.level,c1_0.live_link,c1_0.name,c1_0.shadow,c1_0.slug,c1_0.total_fee from courses c1_0
2026-03-11T18:31:01.913+05:30 DEBUG 14376 --- [backend] [http-nio-8081-exec-9] org.hibernate.SQL                        : select s1_0.course_id,s1_0.id,s1_0.title from sections s1_0 where s1_0.course_id=?
2026-03-11T18:31:01.919+05:30 DEBUG 14376 --- [backend] [http-nio-8081-exec-9] org.hibernate.SQL                        : select v1_0.section_id,v1_0.id,v1_0.duration,v1_0.title,v1_0.type,v1_0.url from videos v1_0 where v1_0.section_id=?
2026-03-11T18:31:01.927+05:30 DEBUG 14376 --- [backend] [http-nio-8081-exec-9] org.hibernate.SQL                        : select q1_0.section_id,q1_0.id,q1_0.description,q1_0.title from quizzes q1_0 where q1_0.section_id in (select s1_0.id from sections s1_0 where s1_0.course_id=?)
2026-03-11T18:31:01.933+05:30 DEBUG 14376 --- [backend] [http-nio-8081-exec-9] org.hibernate.SQL                        : select v1_0.section_id,v1_0.id,v1_0.duration,v1_0.title,v1_0.type,v1_0.url from videos v1_0 where v1_0.section_id=?
2026-03-11T18:31:01.938+05:30 DEBUG 14376 --- [backend] [http-nio-8081-exec-9] org.hibernate.SQL                        : select q1_0.quiz_id,q1_0.id,q1_0.correct_option_index,q1_0.question_text from questions q1_0 where q1_0.quiz_id=?
2026-03-11T18:31:01.948+05:30 DEBUG 14376 --- [backend] [http-nio-8081-exec-9] org.hibernate.SQL                        : select o1_0.question_id,o1_0.option_text from question_options o1_0 where o1_0.question_id=?
2026-03-11T18:31:01.953+05:30 DEBUG 14376 --- [backend] [http-nio-8081-exec-9] org.hibernate.SQL                        : select o1_0.question_id,o1_0.option_text from question_options o1_0 where o1_0.question_id=?
2026-03-11T18:31:01.953+05:30 DEBUG 14376 --- [backend] [http-nio-8081-exec-9] org.hibernate.SQL                        : select v1_0.section_id,v1_0.id,v1_0.duration,v1_0.title,v1_0.type,v1_0.url from videos v1_0 where v1_0.section_id=?
2026-03-11T18:31:01.964+05:30 DEBUG 14376 --- [backend] [http-nio-8081-exec-9] org.hibernate.SQL                        : select v1_0.section_id,v1_0.id,v1_0.duration,v1_0.title,v1_0.type,v1_0.url from videos v1_0 where v1_0.section_id=?
2026-03-11T18:31:01.972+05:30 DEBUG 14376 --- [backend] [http-nio-8081-exec-9] org.hibernate.SQL                        : select s1_0.course_id,s1_0.id,s1_0.title from sections s1_0 where s1_0.course_id=?
2026-03-11T18:31:02.023+05:30 DEBUG 14376 --- [backend] [http-nio-8081-exec-9] org.hibernate.SQL                        : select s1_0.course_id,s1_0.id,s1_0.title from sections s1_0 where s1_0.course_id=?
2026-03-11T18:31:02.025+05:30 DEBUG 14376 --- [backend] [http-nio-8081-exec-9] org.hibernate.SQL                        : select s1_0.course_id,s1_0.id,s1_0.title from sections s1_0 where s1_0.course_id=?
2026-03-11T18:31:02.037+05:30 DEBUG 14376 --- [backend] [http-nio-8081-exec-9] org.hibernate.SQL                        : select s1_0.course_id,s1_0.id,s1_0.title from sections s1_0 where s1_0.course_id=?
2026-03-11T18:31:02.041+05:30 DEBUG 14376 --- [backend] [http-nio-8081-exec-9] org.hibernate.SQL                        : select s1_0.course_id,s1_0.id,s1_0.title from sections s1_0 where s1_0.course_id=?
2026-03-11T18:31:02.049+05:30 DEBUG 14376 --- [backend] [http-nio-8081-exec-9] org.hibernate.SQL                        : select s1_0.course_id,s1_0.id,s1_0.title from sections s1_0 where s1_0.course_id=?
2026-03-11T18:31:02.051+05:30 DEBUG 14376 --- [backend] [http-nio-8081-exec-9] org.hibernate.SQL                        : select v1_0.section_id,v1_0.id,v1_0.duration,v1_0.title,v1_0.type,v1_0.url from videos v1_0 where v1_0.section_id=?
2026-03-11T18:31:02.055+05:30 DEBUG 14376 --- [backend] [http-nio-8081-exec-9] org.hibernate.SQL                        : select q1_0.section_id,q1_0.id,q1_0.description,q1_0.title from quizzes q1_0 where q1_0.section_id=?
2026-03-11T18:31:02.059+05:30 DEBUG 14376 --- [backend] [http-nio-8081-exec-9] org.hibernate.SQL                        : select s1_0.course_id,s1_0.id,s1_0.title from sections s1_0 where s1_0.course_id=?
2026-03-11T18:31:02.063+05:30 DEBUG 14376 --- [backend] [http-nio-8081-exec-9] org.hibernate.SQL                        : select s1_0.course_id,s1_0.id,s1_0.title from sections s1_0 where s1_0.course_id=?
2026-03-11T18:31:02.065+05:30 DEBUG 14376 --- [backend] [http-nio-8081-exec-9] org.hibernate.SQL                        : select s1_0.course_id,s1_0.id,s1_0.title from sections s1_0 where s1_0.course_id=?
2026-03-11T18:31:02.095+05:30 DEBUG 14376 --- [backend] [http-nio-8081-exec-9] org.hibernate.SQL                        : select c1_0.id,c1_0.bg_color,c1_0.border_color,c1_0.color,c1_0.description,c1_0.discount,c1_0.domain,c1_0.duration,c1_0.gradient,c1_0.icon_name,c1_0.level,c1_0.live_link,c1_0.name,c1_0.shadow,c1_0.slug,c1_0.total_fee from courses c1_0
2026-03-11T18:31:02.114+05:30 DEBUG 14376 --- [backend] [http-nio-8081-exec-9] org.hibernate.SQL                        : select s1_0.course_id,s1_0.id,s1_0.title from sections s1_0 where s1_0.course_id=?
2026-03-11T18:31:02.114+05:30 DEBUG 14376 --- [backend] [http-nio-8081-exec-9] org.hibernate.SQL                        : select v1_0.section_id,v1_0.id,v1_0.duration,v1_0.title,v1_0.type,v1_0.url from videos v1_0 where v1_0.section_id=?
2026-03-11T18:31:02.129+05:30 DEBUG 14376 --- [backend] [http-nio-8081-exec-9] org.hibernate.SQL                        : select q1_0.section_id,q1_0.id,q1_0.description,q1_0.title from quizzes q1_0 where q1_0.section_id in (select s1_0.id from sections s1_0 where s1_0.course_id=?)
2026-03-11T18:31:02.133+05:30 DEBUG 14376 --- [backend] [http-nio-8081-exec-9] org.hibernate.SQL                        : select v1_0.section_id,v1_0.id,v1_0.duration,v1_0.title,v1_0.type,v1_0.url from videos v1_0 where v1_0.section_id=?
2026-03-11T18:31:02.140+05:30 DEBUG 14376 --- [backend] [http-nio-8081-exec-9] org.hibernate.SQL                        : select q1_0.quiz_id,q1_0.id,q1_0.correct_option_index,q1_0.question_text from questions q1_0 where q1_0.quiz_id=?
2026-03-11T18:31:02.148+05:30 DEBUG 14376 --- [backend] [http-nio-8081-exec-9] org.hibernate.SQL                        : select o1_0.question_id,o1_0.option_text from question_options o1_0 where o1_0.question_id=?
2026-03-11T18:31:02.153+05:30 DEBUG 14376 --- [backend] [http-nio-8081-exec-9] org.hibernate.SQL                        : select o1_0.question_id,o1_0.option_text from question_options o1_0 where o1_0.question_id=?
2026-03-11T18:31:02.164+05:30 DEBUG 14376 --- [backend] [http-nio-8081-exec-9] org.hibernate.SQL                        : select v1_0.section_id,v1_0.id,v1_0.duration,v1_0.title,v1_0.type,v1_0.url from videos v1_0 where v1_0.section_id=?
2026-03-11T18:31:02.165+05:30 DEBUG 14376 --- [backend] [http-nio-8081-exec-9] org.hibernate.SQL                        : select v1_0.section_id,v1_0.id,v1_0.duration,v1_0.title,v1_0.type,v1_0.url from videos v1_0 where v1_0.section_id=?
2026-03-11T18:31:02.176+05:30 DEBUG 14376 --- [backend] [http-nio-8081-exec-9] org.hibernate.SQL                        : select s1_0.course_id,s1_0.id,s1_0.title from sections s1_0 where s1_0.course_id=?
2026-03-11T18:31:02.183+05:30 DEBUG 14376 --- [backend] [http-nio-8081-exec-9] org.hibernate.SQL                        : select s1_0.course_id,s1_0.id,s1_0.title from sections s1_0 where s1_0.course_id=?
2026-03-11T18:31:02.190+05:30 DEBUG 14376 --- [backend] [http-nio-8081-exec-9] org.hibernate.SQL                        : select s1_0.course_id,s1_0.id,s1_0.title from sections s1_0 where s1_0.course_id=?
2026-03-11T18:31:02.213+05:30 DEBUG 14376 --- [backend] [http-nio-8081-exec-9] org.hibernate.SQL                        : select s1_0.course_id,s1_0.id,s1_0.title from sections s1_0 where s1_0.course_id=?
2026-03-11T18:31:02.223+05:30 DEBUG 14376 --- [backend] [http-nio-8081-exec-9] org.hibernate.SQL                        : select s1_0.course_id,s1_0.id,s1_0.title from sections s1_0 where s1_0.course_id=?
2026-03-11T18:31:02.296+05:30 DEBUG 14376 --- [backend] [http-nio-8081-exec-9] org.hibernate.SQL                        : select s1_0.course_id,s1_0.id,s1_0.title from sections s1_0 where s1_0.course_id=?
2026-03-11T18:31:02.301+05:30 DEBUG 14376 --- [backend] [http-nio-8081-exec-9] org.hibernate.SQL                        : select v1_0.section_id,v1_0.id,v1_0.duration,v1_0.title,v1_0.type,v1_0.url from videos v1_0 where v1_0.section_id=?
2026-03-11T18:31:02.307+05:30 DEBUG 14376 --- [backend] [http-nio-8081-exec-9] org.hibernate.SQL                        : select q1_0.section_id,q1_0.id,q1_0.description,q1_0.title from quizzes q1_0 where q1_0.section_id=?
2026-03-11T18:31:02.313+05:30 DEBUG 14376 --- [backend] [http-nio-8081-exec-9] org.hibernate.SQL                        : select s1_0.course_id,s1_0.id,s1_0.title from sections s1_0 where s1_0.course_id=?
2026-03-11T18:31:02.321+05:30 DEBUG 14376 --- [backend] [http-nio-8081-exec-9] org.hibernate.SQL                        : select s1_0.course_id,s1_0.id,s1_0.title from sections s1_0 where s1_0.course_id=?
2026-03-11T18:31:02.324+05:30 DEBUG 14376 --- [backend] [http-nio-8081-exec-9] org.hibernate.SQL                        : select s1_0.course_id,s1_0.id,s1_0.title from sections s1_0 where s1_0.course_id=?
2026-03-11T18:31:02.346+05:30 DEBUG 14376 --- [backend] [http-nio-8081-exec-4] org.hibernate.SQL                        : select c1_0.id,c1_0.bg_color,c1_0.border_color,c1_0.color,c1_0.description,c1_0.discount,c1_0.domain,c1_0.duration,c1_0.gradient,c1_0.icon_name,c1_0.level,c1_0.live_link,c1_0.name,c1_0.shadow,c1_0.slug,c1_0.total_fee from courses c1_0
2026-03-11T18:31:02.373+05:30 DEBUG 14376 --- [backend] [http-nio-8081-exec-4] org.hibernate.SQL                        : select s1_0.course_id,s1_0.id,s1_0.title from sections s1_0 where s1_0.course_id=?
2026-03-11T18:31:02.385+05:30 DEBUG 14376 --- [backend] [http-nio-8081-exec-4] org.hibernate.SQL                        : select v1_0.section_id,v1_0.id,v1_0.duration,v1_0.title,v1_0.type,v1_0.url from videos v1_0 where v1_0.section_id=?
2026-03-11T18:31:02.391+05:30 DEBUG 14376 --- [backend] [http-nio-8081-exec-4] org.hibernate.SQL                        : select q1_0.section_id,q1_0.id,q1_0.description,q1_0.title from quizzes q1_0 where q1_0.section_id in (select s1_0.id from sections s1_0 where s1_0.course_id=?)
2026-03-11T18:31:02.396+05:30 DEBUG 14376 --- [backend] [http-nio-8081-exec-4] org.hibernate.SQL                        : select v1_0.section_id,v1_0.id,v1_0.duration,v1_0.title,v1_0.type,v1_0.url from videos v1_0 where v1_0.section_id=?
2026-03-11T18:31:02.405+05:30 DEBUG 14376 --- [backend] [http-nio-8081-exec-4] org.hibernate.SQL                        : select q1_0.quiz_id,q1_0.id,q1_0.correct_option_index,q1_0.question_text from questions q1_0 where q1_0.quiz_id=?
2026-03-11T18:31:02.495+05:30 DEBUG 14376 --- [backend] [http-nio-8081-exec-4] org.hibernate.SQL                        : select o1_0.question_id,o1_0.option_text from question_options o1_0 where o1_0.question_id=?
2026-03-11T18:31:02.499+05:30 DEBUG 14376 --- [backend] [http-nio-8081-exec-4] org.hibernate.SQL                        : select o1_0.question_id,o1_0.option_text from question_options o1_0 where o1_0.question_id=?
2026-03-11T18:31:02.504+05:30 DEBUG 14376 --- [backend] [http-nio-8081-exec-4] org.hibernate.SQL                        : select v1_0.section_id,v1_0.id,v1_0.duration,v1_0.title,v1_0.type,v1_0.url from videos v1_0 where v1_0.section_id=?
2026-03-11T18:31:02.507+05:30 DEBUG 14376 --- [backend] [http-nio-8081-exec-4] org.hibernate.SQL                        : select v1_0.section_id,v1_0.id,v1_0.duration,v1_0.title,v1_0.type,v1_0.url from videos v1_0 where v1_0.section_id=?
2026-03-11T18:31:02.513+05:30 DEBUG 14376 --- [backend] [http-nio-8081-exec-4] org.hibernate.SQL                        : select s1_0.course_id,s1_0.id,s1_0.title from sections s1_0 where s1_0.course_id=?
2026-03-11T18:31:02.516+05:30 DEBUG 14376 --- [backend] [http-nio-8081-exec-4] org.hibernate.SQL                        : select s1_0.course_id,s1_0.id,s1_0.title from sections s1_0 where s1_0.course_id=?
2026-03-11T18:31:02.523+05:30 DEBUG 14376 --- [backend] [http-nio-8081-exec-4] org.hibernate.SQL                        : select s1_0.course_id,s1_0.id,s1_0.title from sections s1_0 where s1_0.course_id=?
2026-03-11T18:31:02.528+05:30 DEBUG 14376 --- [backend] [http-nio-8081-exec-4] org.hibernate.SQL                        : select s1_0.course_id,s1_0.id,s1_0.title from sections s1_0 where s1_0.course_id=?
2026-03-11T18:31:02.532+05:30 DEBUG 14376 --- [backend] [http-nio-8081-exec-4] org.hibernate.SQL                        : select s1_0.course_id,s1_0.id,s1_0.title from sections s1_0 where s1_0.course_id=?
2026-03-11T18:31:02.537+05:30 DEBUG 14376 --- [backend] [http-nio-8081-exec-4] org.hibernate.SQL                        : select s1_0.course_id,s1_0.id,s1_0.title from sections s1_0 where s1_0.course_id=?
2026-03-11T18:31:02.544+05:30 DEBUG 14376 --- [backend] [http-nio-8081-exec-4] org.hibernate.SQL                        : select v1_0.section_id,v1_0.id,v1_0.duration,v1_0.title,v1_0.type,v1_0.url from videos v1_0 where v1_0.section_id=?
2026-03-11T18:31:02.550+05:30 DEBUG 14376 --- [backend] [http-nio-8081-exec-4] org.hibernate.SQL                        : select q1_0.section_id,q1_0.id,q1_0.description,q1_0.title from quizzes q1_0 where q1_0.section_id=?
2026-03-11T18:31:02.553+05:30 DEBUG 14376 --- [backend] [http-nio-8081-exec-4] org.hibernate.SQL                        : select s1_0.course_id,s1_0.id,s1_0.title from sections s1_0 where s1_0.course_id=?
2026-03-11T18:31:02.557+05:30 DEBUG 14376 --- [backend] [http-nio-8081-exec-4] org.hibernate.SQL                        : select s1_0.course_id,s1_0.id,s1_0.title from sections s1_0 where s1_0.course_id=?
2026-03-11T18:31:02.563+05:30 DEBUG 14376 --- [backend] [http-nio-8081-exec-4] org.hibernate.SQL                        : select s1_0.course_id,s1_0.id,s1_0.title from sections s1_0 where s1_0.course_id=?
2026-03-11T18:31:02.588+05:30 DEBUG 14376 --- [backend] [http-nio-8081-exec-3] org.hibernate.SQL                        : select c1_0.id,c1_0.bg_color,c1_0.border_color,c1_0.color,c1_0.description,c1_0.discount,c1_0.domain,c1_0.duration,c1_0.gradient,c1_0.icon_name,c1_0.level,c1_0.live_link,c1_0.name,c1_0.shadow,c1_0.slug,c1_0.total_fee from courses c1_0
2026-03-11T18:31:02.620+05:30 DEBUG 14376 --- [backend] [http-nio-8081-exec-3] org.hibernate.SQL                        : select s1_0.course_id,s1_0.id,s1_0.title from sections s1_0 where s1_0.course_id=?
2026-03-11T18:31:02.637+05:30 DEBUG 14376 --- [backend] [http-nio-8081-exec-3] org.hibernate.SQL                        : select v1_0.section_id,v1_0.id,v1_0.duration,v1_0.title,v1_0.type,v1_0.url from videos v1_0 where v1_0.section_id=?
2026-03-11T18:31:02.790+05:30 DEBUG 14376 --- [backend] [http-nio-8081-exec-3] org.hibernate.SQL                        : select q1_0.section_id,q1_0.id,q1_0.description,q1_0.title from quizzes q1_0 where q1_0.section_id in (select s1_0.id from sections s1_0 where s1_0.course_id=?)
2026-03-11T18:31:02.796+05:30 DEBUG 14376 --- [backend] [http-nio-8081-exec-3] org.hibernate.SQL                        : select v1_0.section_id,v1_0.id,v1_0.duration,v1_0.title,v1_0.type,v1_0.url from videos v1_0 where v1_0.section_id=?
2026-03-11T18:31:02.802+05:30 DEBUG 14376 --- [backend] [http-nio-8081-exec-3] org.hibernate.SQL                        : select q1_0.quiz_id,q1_0.id,q1_0.correct_option_index,q1_0.question_text from questions q1_0 where q1_0.quiz_id=?
2026-03-11T18:31:02.808+05:30 DEBUG 14376 --- [backend] [http-nio-8081-exec-3] org.hibernate.SQL                        : select o1_0.question_id,o1_0.option_text from question_options o1_0 where o1_0.question_id=?
2026-03-11T18:31:02.813+05:30 DEBUG 14376 --- [backend] [http-nio-8081-exec-3] org.hibernate.SQL                        : select o1_0.question_id,o1_0.option_text from question_options o1_0 where o1_0.question_id=?
2026-03-11T18:31:02.818+05:30 DEBUG 14376 --- [backend] [http-nio-8081-exec-3] org.hibernate.SQL                        : select v1_0.section_id,v1_0.id,v1_0.duration,v1_0.title,v1_0.type,v1_0.url from videos v1_0 where v1_0.section_id=?
2026-03-11T18:31:02.823+05:30 DEBUG 14376 --- [backend] [http-nio-8081-exec-3] org.hibernate.SQL                        : select v1_0.section_id,v1_0.id,v1_0.duration,v1_0.title,v1_0.type,v1_0.url from videos v1_0 where v1_0.section_id=?
2026-03-11T18:31:02.833+05:30 DEBUG 14376 --- [backend] [http-nio-8081-exec-3] org.hibernate.SQL                        : select s1_0.course_id,s1_0.id,s1_0.title from sections s1_0 where s1_0.course_id=?
2026-03-11T18:31:02.834+05:30 DEBUG 14376 --- [backend] [http-nio-8081-exec-3] org.hibernate.SQL                        : select s1_0.course_id,s1_0.id,s1_0.title from sections s1_0 where s1_0.course_id=?
2026-03-11T18:31:02.842+05:30 DEBUG 14376 --- [backend] [http-nio-8081-exec-3] org.hibernate.SQL                        : select s1_0.course_id,s1_0.id,s1_0.title from sections s1_0 where s1_0.course_id=?
2026-03-11T18:31:02.848+05:30 DEBUG 14376 --- [backend] [http-nio-8081-exec-3] org.hibernate.SQL                        : select s1_0.course_id,s1_0.id,s1_0.title from sections s1_0 where s1_0.course_id=?
2026-03-11T18:31:02.853+05:30 DEBUG 14376 --- [backend] [http-nio-8081-exec-3] org.hibernate.SQL                        : select s1_0.course_id,s1_0.id,s1_0.title from sections s1_0 where s1_0.course_id=?
2026-03-11T18:31:02.855+05:30 DEBUG 14376 --- [backend] [http-nio-8081-exec-3] org.hibernate.SQL                        : select s1_0.course_id,s1_0.id,s1_0.title from sections s1_0 where s1_0.course_id=?
2026-03-11T18:31:02.861+05:30 DEBUG 14376 --- [backend] [http-nio-8081-exec-3] org.hibernate.SQL                        : select v1_0.section_id,v1_0.id,v1_0.duration,v1_0.title,v1_0.type,v1_0.url from videos v1_0 where v1_0.section_id=?
2026-03-11T18:31:02.863+05:30 DEBUG 14376 --- [backend] [http-nio-8081-exec-3] org.hibernate.SQL                        : select q1_0.section_id,q1_0.id,q1_0.description,q1_0.title from quizzes q1_0 where q1_0.section_id=?
2026-03-11T18:31:02.868+05:30 DEBUG 14376 --- [backend] [http-nio-8081-exec-3] org.hibernate.SQL                        : select s1_0.course_id,s1_0.id,s1_0.title from sections s1_0 where s1_0.course_id=?
2026-03-11T18:31:02.874+05:30 DEBUG 14376 --- [backend] [http-nio-8081-exec-3] org.hibernate.SQL                        : select s1_0.course_id,s1_0.id,s1_0.title from sections s1_0 where s1_0.course_id=?
2026-03-11T18:31:02.877+05:30 DEBUG 14376 --- [backend] [http-nio-8081-exec-3] org.hibernate.SQL                        : select s1_0.course_id,s1_0.id,s1_0.title from sections s1_0 where s1_0.course_id=?
2026-03-11T18:31:02.901+05:30 DEBUG 14376 --- [backend] [http-nio-8081-exec-5] org.hibernate.SQL                        : select c1_0.id,c1_0.bg_color,c1_0.border_color,c1_0.color,c1_0.description,c1_0.discount,c1_0.domain,c1_0.duration,c1_0.gradient,c1_0.icon_name,c1_0.level,c1_0.live_link,c1_0.name,c1_0.shadow,c1_0.slug,c1_0.total_fee from courses c1_0
2026-03-11T18:31:02.922+05:30 DEBUG 14376 --- [backend] [http-nio-8081-exec-5] org.hibernate.SQL                        : select s1_0.course_id,s1_0.id,s1_0.title from sections s1_0 where s1_0.course_id=?
2026-03-11T18:31:02.927+05:30 DEBUG 14376 --- [backend] [http-nio-8081-exec-5] org.hibernate.SQL                        : select v1_0.section_id,v1_0.id,v1_0.duration,v1_0.title,v1_0.type,v1_0.url from videos v1_0 where v1_0.section_id=?
2026-03-11T18:31:02.935+05:30 DEBUG 14376 --- [backend] [http-nio-8081-exec-5] org.hibernate.SQL                        : select q1_0.section_id,q1_0.id,q1_0.description,q1_0.title from quizzes q1_0 where q1_0.section_id in (select s1_0.id from sections s1_0 where s1_0.course_id=?)
2026-03-11T18:31:02.943+05:30 DEBUG 14376 --- [backend] [http-nio-8081-exec-5] org.hibernate.SQL                        : select v1_0.section_id,v1_0.id,v1_0.duration,v1_0.title,v1_0.type,v1_0.url from videos v1_0 where v1_0.section_id=?
2026-03-11T18:31:02.948+05:30 DEBUG 14376 --- [backend] [http-nio-8081-exec-5] org.hibernate.SQL                        : select q1_0.quiz_id,q1_0.id,q1_0.correct_option_index,q1_0.question_text from questions q1_0 where q1_0.quiz_id=?
2026-03-11T18:31:02.954+05:30 DEBUG 14376 --- [backend] [http-nio-8081-exec-5] org.hibernate.SQL                        : select o1_0.question_id,o1_0.option_text from question_options o1_0 where o1_0.question_id=?
2026-03-11T18:31:02.963+05:30 DEBUG 14376 --- [backend] [http-nio-8081-exec-5] org.hibernate.SQL                        : select o1_0.question_id,o1_0.option_text from question_options o1_0 where o1_0.question_id=?
2026-03-11T18:31:02.968+05:30 DEBUG 14376 --- [backend] [http-nio-8081-exec-5] org.hibernate.SQL                        : select v1_0.section_id,v1_0.id,v1_0.duration,v1_0.title,v1_0.type,v1_0.url from videos v1_0 where v1_0.section_id=?
2026-03-11T18:31:02.979+05:30 DEBUG 14376 --- [backend] [http-nio-8081-exec-5] org.hibernate.SQL                        : select v1_0.section_id,v1_0.id,v1_0.duration,v1_0.title,v1_0.type,v1_0.url from videos v1_0 where v1_0.section_id=?
2026-03-11T18:31:02.989+05:30 DEBUG 14376 --- [backend] [http-nio-8081-exec-5] org.hibernate.SQL                        : select s1_0.course_id,s1_0.id,s1_0.title from sections s1_0 where s1_0.course_id=?
2026-03-11T18:31:02.993+05:30 DEBUG 14376 --- [backend] [http-nio-8081-exec-5] org.hibernate.SQL                        : select s1_0.course_id,s1_0.id,s1_0.title from sections s1_0 where s1_0.course_id=?
2026-03-11T18:31:03.011+05:30 DEBUG 14376 --- [backend] [http-nio-8081-exec-5] org.hibernate.SQL                        : select s1_0.course_id,s1_0.id,s1_0.title from sections s1_0 where s1_0.course_id=?
2026-03-11T18:31:03.016+05:30 DEBUG 14376 --- [backend] [http-nio-8081-exec-5] org.hibernate.SQL                        : select s1_0.course_id,s1_0.id,s1_0.title from sections s1_0 where s1_0.course_id=?
2026-03-11T18:31:03.018+05:30 DEBUG 14376 --- [backend] [http-nio-8081-exec-5] org.hibernate.SQL                        : select s1_0.course_id,s1_0.id,s1_0.title from sections s1_0 where s1_0.course_id=?
2026-03-11T18:31:03.023+05:30 DEBUG 14376 --- [backend] [http-nio-8081-exec-5] org.hibernate.SQL                        : select s1_0.course_id,s1_0.id,s1_0.title from sections s1_0 where s1_0.course_id=?
2026-03-11T18:31:03.029+05:30 DEBUG 14376 --- [backend] [http-nio-8081-exec-5] org.hibernate.SQL                        : select v1_0.section_id,v1_0.id,v1_0.duration,v1_0.title,v1_0.type,v1_0.url from videos v1_0 where v1_0.section_id=?
2026-03-11T18:31:03.034+05:30 DEBUG 14376 --- [backend] [http-nio-8081-exec-5] org.hibernate.SQL                        : select q1_0.section_id,q1_0.id,q1_0.description,q1_0.title from quizzes q1_0 where q1_0.section_id=?
2026-03-11T18:31:03.034+05:30 DEBUG 14376 --- [backend] [http-nio-8081-exec-5] org.hibernate.SQL                        : select s1_0.course_id,s1_0.id,s1_0.title from sections s1_0 where s1_0.course_id=?
2026-03-11T18:31:03.043+05:30 DEBUG 14376 --- [backend] [http-nio-8081-exec-5] org.hibernate.SQL                        : select s1_0.course_id,s1_0.id,s1_0.title from sections s1_0 where s1_0.course_id=?
2026-03-11T18:31:03.048+05:30 DEBUG 14376 --- [backend] [http-nio-8081-exec-5] org.hibernate.SQL                        : select s1_0.course_id,s1_0.id,s1_0.title from sections s1_0 where s1_0.course_id=?
2026-03-11T18:31:03.068+05:30 DEBUG 14376 --- [backend] [http-nio-8081-exec-6] org.hibernate.SQL                        : select c1_0.id,c1_0.bg_color,c1_0.border_color,c1_0.color,c1_0.description,c1_0.discount,c1_0.domain,c1_0.duration,c1_0.gradient,c1_0.icon_name,c1_0.level,c1_0.live_link,c1_0.name,c1_0.shadow,c1_0.slug,c1_0.total_fee from courses c1_0
2026-03-11T18:31:03.086+05:30 DEBUG 14376 --- [backend] [http-nio-8081-exec-6] org.hibernate.SQL                        : select s1_0.course_id,s1_0.id,s1_0.title from sections s1_0 where s1_0.course_id=?
2026-03-11T18:31:03.092+05:30 DEBUG 14376 --- [backend] [http-nio-8081-exec-6] org.hibernate.SQL                        : select v1_0.section_id,v1_0.id,v1_0.duration,v1_0.title,v1_0.type,v1_0.url from videos v1_0 where v1_0.section_id=?
2026-03-11T18:31:03.100+05:30 DEBUG 14376 --- [backend] [http-nio-8081-exec-6] org.hibernate.SQL                        : select q1_0.section_id,q1_0.id,q1_0.description,q1_0.title from quizzes q1_0 where q1_0.section_id in (select s1_0.id from sections s1_0 where s1_0.course_id=?)
2026-03-11T18:31:03.108+05:30 DEBUG 14376 --- [backend] [http-nio-8081-exec-6] org.hibernate.SQL                        : select v1_0.section_id,v1_0.id,v1_0.duration,v1_0.title,v1_0.type,v1_0.url from videos v1_0 where v1_0.section_id=?
2026-03-11T18:31:03.113+05:30 DEBUG 14376 --- [backend] [http-nio-8081-exec-6] org.hibernate.SQL                        : select q1_0.quiz_id,q1_0.id,q1_0.correct_option_index,q1_0.question_text from questions q1_0 where q1_0.quiz_id=?
2026-03-11T18:31:03.117+05:30 DEBUG 14376 --- [backend] [http-nio-8081-exec-6] org.hibernate.SQL                        : select o1_0.question_id,o1_0.option_text from question_options o1_0 where o1_0.question_id=?
2026-03-11T18:31:03.121+05:30 DEBUG 14376 --- [backend] [http-nio-8081-exec-6] org.hibernate.SQL                        : select o1_0.question_id,o1_0.option_text from question_options o1_0 where o1_0.question_id=?
2026-03-11T18:31:03.125+05:30 DEBUG 14376 --- [backend] [http-nio-8081-exec-6] org.hibernate.SQL                        : select v1_0.section_id,v1_0.id,v1_0.duration,v1_0.title,v1_0.type,v1_0.url from videos v1_0 where v1_0.section_id=?
2026-03-11T18:31:03.125+05:30 DEBUG 14376 --- [backend] [http-nio-8081-exec-6] org.hibernate.SQL                        : select v1_0.section_id,v1_0.id,v1_0.duration,v1_0.title,v1_0.type,v1_0.url from videos v1_0 where v1_0.section_id=?
2026-03-11T18:31:03.134+05:30 DEBUG 14376 --- [backend] [http-nio-8081-exec-6] org.hibernate.SQL                        : select s1_0.course_id,s1_0.id,s1_0.title from sections s1_0 where s1_0.course_id=?
2026-03-11T18:31:03.138+05:30 DEBUG 14376 --- [backend] [http-nio-8081-exec-6] org.hibernate.SQL                        : select s1_0.course_id,s1_0.id,s1_0.title from sections s1_0 where s1_0.course_id=?
2026-03-11T18:31:03.141+05:30 DEBUG 14376 --- [backend] [http-nio-8081-exec-6] org.hibernate.SQL                        : select s1_0.course_id,s1_0.id,s1_0.title from sections s1_0 where s1_0.course_id=?
2026-03-11T18:31:03.143+05:30 DEBUG 14376 --- [backend] [http-nio-8081-exec-6] org.hibernate.SQL                        : select s1_0.course_id,s1_0.id,s1_0.title from sections s1_0 where s1_0.course_id=?
2026-03-11T18:31:03.173+05:30 DEBUG 14376 --- [backend] [http-nio-8081-exec-6] org.hibernate.SQL                        : select s1_0.course_id,s1_0.id,s1_0.title from sections s1_0 where s1_0.course_id=?
2026-03-11T18:31:03.175+05:30 DEBUG 14376 --- [backend] [http-nio-8081-exec-6] org.hibernate.SQL                        : select s1_0.course_id,s1_0.id,s1_0.title from sections s1_0 where s1_0.course_id=?
2026-03-11T18:31:03.175+05:30 DEBUG 14376 --- [backend] [http-nio-8081-exec-6] org.hibernate.SQL                        : select v1_0.section_id,v1_0.id,v1_0.duration,v1_0.title,v1_0.type,v1_0.url from videos v1_0 where v1_0.section_id=?
2026-03-11T18:31:03.183+05:30 DEBUG 14376 --- [backend] [http-nio-8081-exec-6] org.hibernate.SQL                        : select q1_0.section_id,q1_0.id,q1_0.description,q1_0.title from quizzes q1_0 where q1_0.section_id=?
2026-03-11T18:31:03.187+05:30 DEBUG 14376 --- [backend] [http-nio-8081-exec-6] org.hibernate.SQL                        : select s1_0.course_id,s1_0.id,s1_0.title from sections s1_0 where s1_0.course_id=?
2026-03-11T18:31:03.191+05:30 DEBUG 14376 --- [backend] [http-nio-8081-exec-6] org.hibernate.SQL                        : select s1_0.course_id,s1_0.id,s1_0.title from sections s1_0 where s1_0.course_id=?
2026-03-11T18:31:03.194+05:30 DEBUG 14376 --- [backend] [http-nio-8081-exec-6] org.hibernate.SQL                        : select s1_0.course_id,s1_0.id,s1_0.title from sections s1_0 where s1_0.course_id=?
2026-03-11T18:31:03.216+05:30 DEBUG 14376 --- [backend] [http-nio-8081-exec-1] org.hibernate.SQL                        : select c1_0.id,c1_0.bg_color,c1_0.border_color,c1_0.color,c1_0.description,c1_0.discount,c1_0.domain,c1_0.duration,c1_0.gradient,c1_0.icon_name,c1_0.level,c1_0.live_link,c1_0.name,c1_0.shadow,c1_0.slug,c1_0.total_fee from courses c1_0
2026-03-11T18:31:03.228+05:30 DEBUG 14376 --- [backend] [http-nio-8081-exec-1] org.hibernate.SQL                        : select s1_0.course_id,s1_0.id,s1_0.title from sections s1_0 where s1_0.course_id=?
2026-03-11T18:31:03.238+05:30 DEBUG 14376 --- [backend] [http-nio-8081-exec-1] org.hibernate.SQL                        : select v1_0.section_id,v1_0.id,v1_0.duration,v1_0.title,v1_0.type,v1_0.url from videos v1_0 where v1_0.section_id=?
2026-03-11T18:31:03.243+05:30 DEBUG 14376 --- [backend] [http-nio-8081-exec-1] org.hibernate.SQL                        : select q1_0.section_id,q1_0.id,q1_0.description,q1_0.title from quizzes q1_0 where q1_0.section_id in (select s1_0.id from sections s1_0 where s1_0.course_id=?)
2026-03-11T18:31:03.248+05:30 DEBUG 14376 --- [backend] [http-nio-8081-exec-1] org.hibernate.SQL                        : select v1_0.section_id,v1_0.id,v1_0.duration,v1_0.title,v1_0.type,v1_0.url from videos v1_0 where v1_0.section_id=?
2026-03-11T18:31:03.258+05:30 DEBUG 14376 --- [backend] [http-nio-8081-exec-1] org.hibernate.SQL                        : select q1_0.quiz_id,q1_0.id,q1_0.correct_option_index,q1_0.question_text from questions q1_0 where q1_0.quiz_id=?
2026-03-11T18:31:03.264+05:30 DEBUG 14376 --- [backend] [http-nio-8081-exec-1] org.hibernate.SQL                        : select o1_0.question_id,o1_0.option_text from question_options o1_0 where o1_0.question_id=?
2026-03-11T18:31:03.267+05:30 DEBUG 14376 --- [backend] [http-nio-8081-exec-1] org.hibernate.SQL                        : select o1_0.question_id,o1_0.option_text from question_options o1_0 where o1_0.question_id=?
2026-03-11T18:31:03.278+05:30 DEBUG 14376 --- [backend] [http-nio-8081-exec-1] org.hibernate.SQL                        : select v1_0.section_id,v1_0.id,v1_0.duration,v1_0.title,v1_0.type,v1_0.url from videos v1_0 where v1_0.section_id=?
2026-03-11T18:31:03.283+05:30 DEBUG 14376 --- [backend] [http-nio-8081-exec-1] org.hibernate.SQL                        : select v1_0.section_id,v1_0.id,v1_0.duration,v1_0.title,v1_0.type,v1_0.url from videos v1_0 where v1_0.section_id=?
2026-03-11T18:31:03.287+05:30 DEBUG 14376 --- [backend] [http-nio-8081-exec-1] org.hibernate.SQL                        : select s1_0.course_id,s1_0.id,s1_0.title from sections s1_0 where s1_0.course_id=?
2026-03-11T18:31:03.293+05:30 DEBUG 14376 --- [backend] [http-nio-8081-exec-1] org.hibernate.SQL                        : select s1_0.course_id,s1_0.id,s1_0.title from sections s1_0 where s1_0.course_id=?
2026-03-11T18:31:03.299+05:30 DEBUG 14376 --- [backend] [http-nio-8081-exec-1] org.hibernate.SQL                        : select s1_0.course_id,s1_0.id,s1_0.title from sections s1_0 where s1_0.course_id=?
2026-03-11T18:31:03.304+05:30 DEBUG 14376 --- [backend] [http-nio-8081-exec-1] org.hibernate.SQL                        : select s1_0.course_id,s1_0.id,s1_0.title from sections s1_0 where s1_0.course_id=?
2026-03-11T18:31:03.306+05:30 DEBUG 14376 --- [backend] [http-nio-8081-exec-1] org.hibernate.SQL                        : select s1_0.course_id,s1_0.id,s1_0.title from sections s1_0 where s1_0.course_id=?
2026-03-11T18:31:03.315+05:30 DEBUG 14376 --- [backend] [http-nio-8081-exec-1] org.hibernate.SQL                        : select s1_0.course_id,s1_0.id,s1_0.title from sections s1_0 where s1_0.course_id=?
2026-03-11T18:31:03.315+05:30 DEBUG 14376 --- [backend] [http-nio-8081-exec-1] org.hibernate.SQL                        : select v1_0.section_id,v1_0.id,v1_0.duration,v1_0.title,v1_0.type,v1_0.url from videos v1_0 where v1_0.section_id=?
2026-03-11T18:31:03.315+05:30 DEBUG 14376 --- [backend] [http-nio-8081-exec-1] org.hibernate.SQL                        : select q1_0.section_id,q1_0.id,q1_0.description,q1_0.title from quizzes q1_0 where q1_0.section_id=?
2026-03-11T18:31:03.325+05:30 DEBUG 14376 --- [backend] [http-nio-8081-exec-1] org.hibernate.SQL                        : select s1_0.course_id,s1_0.id,s1_0.title from sections s1_0 where s1_0.course_id=?
2026-03-11T18:31:03.327+05:30 DEBUG 14376 --- [backend] [http-nio-8081-exec-1] org.hibernate.SQL                        : select s1_0.course_id,s1_0.id,s1_0.title from sections s1_0 where s1_0.course_id=?
2026-03-11T18:31:03.334+05:30 DEBUG 14376 --- [backend] [http-nio-8081-exec-1] org.hibernate.SQL                        : select s1_0.course_id,s1_0.id,s1_0.title from sections s1_0 where s1_0.course_id=?
2026-03-11T18:31:03.353+05:30 DEBUG 14376 --- [backend] [http-nio-8081-exec-7] org.hibernate.SQL                        : select c1_0.id,c1_0.bg_color,c1_0.border_color,c1_0.color,c1_0.description,c1_0.discount,c1_0.domain,c1_0.duration,c1_0.gradient,c1_0.icon_name,c1_0.level,c1_0.live_link,c1_0.name,c1_0.shadow,c1_0.slug,c1_0.total_fee from courses c1_0
2026-03-11T18:31:03.366+05:30 DEBUG 14376 --- [backend] [http-nio-8081-exec-7] org.hibernate.SQL                        : select s1_0.course_id,s1_0.id,s1_0.title from sections s1_0 where s1_0.course_id=?
2026-03-11T18:31:03.366+05:30 DEBUG 14376 --- [backend] [http-nio-8081-exec-7] org.hibernate.SQL                        : select v1_0.section_id,v1_0.id,v1_0.duration,v1_0.title,v1_0.type,v1_0.url from videos v1_0 where v1_0.section_id=?
2026-03-11T18:31:03.374+05:30 DEBUG 14376 --- [backend] [http-nio-8081-exec-7] org.hibernate.SQL                        : select q1_0.section_id,q1_0.id,q1_0.description,q1_0.title from quizzes q1_0 where q1_0.section_id in (select s1_0.id from sections s1_0 where s1_0.course_id=?)
2026-03-11T18:31:03.376+05:30 DEBUG 14376 --- [backend] [http-nio-8081-exec-7] org.hibernate.SQL                        : select v1_0.section_id,v1_0.id,v1_0.duration,v1_0.title,v1_0.type,v1_0.url from videos v1_0 where v1_0.section_id=?
2026-03-11T18:31:03.388+05:30 DEBUG 14376 --- [backend] [http-nio-8081-exec-7] org.hibernate.SQL                        : select q1_0.quiz_id,q1_0.id,q1_0.correct_option_index,q1_0.question_text from questions q1_0 where q1_0.quiz_id=?
2026-03-11T18:31:03.388+05:30 DEBUG 14376 --- [backend] [http-nio-8081-exec-7] org.hibernate.SQL                        : select o1_0.question_id,o1_0.option_text from question_options o1_0 where o1_0.question_id=?
2026-03-11T18:31:03.394+05:30 DEBUG 14376 --- [backend] [http-nio-8081-exec-7] org.hibernate.SQL                        : select o1_0.question_id,o1_0.option_text from question_options o1_0 where o1_0.question_id=?
2026-03-11T18:31:03.397+05:30 DEBUG 14376 --- [backend] [http-nio-8081-exec-7] org.hibernate.SQL                        : select v1_0.section_id,v1_0.id,v1_0.duration,v1_0.title,v1_0.type,v1_0.url from videos v1_0 where v1_0.section_id=?
2026-03-11T18:31:03.406+05:30 DEBUG 14376 --- [backend] [http-nio-8081-exec-7] org.hibernate.SQL                        : select v1_0.section_id,v1_0.id,v1_0.duration,v1_0.title,v1_0.type,v1_0.url from videos v1_0 where v1_0.section_id=?
2026-03-11T18:31:03.413+05:30 DEBUG 14376 --- [backend] [http-nio-8081-exec-7] org.hibernate.SQL                        : select s1_0.course_id,s1_0.id,s1_0.title from sections s1_0 where s1_0.course_id=?
2026-03-11T18:31:03.415+05:30 DEBUG 14376 --- [backend] [http-nio-8081-exec-7] org.hibernate.SQL                        : select s1_0.course_id,s1_0.id,s1_0.title from sections s1_0 where s1_0.course_id=?
2026-03-11T18:31:03.419+05:30 DEBUG 14376 --- [backend] [http-nio-8081-exec-7] org.hibernate.SQL                        : select s1_0.course_id,s1_0.id,s1_0.title from sections s1_0 where s1_0.course_id=?
2026-03-11T18:31:03.421+05:30 DEBUG 14376 --- [backend] [http-nio-8081-exec-7] org.hibernate.SQL                        : select s1_0.course_id,s1_0.id,s1_0.title from sections s1_0 where s1_0.course_id=?
2026-03-11T18:31:03.426+05:30 DEBUG 14376 --- [backend] [http-nio-8081-exec-7] org.hibernate.SQL                        : select s1_0.course_id,s1_0.id,s1_0.title from sections s1_0 where s1_0.course_id=?
2026-03-11T18:31:03.429+05:30 DEBUG 14376 --- [backend] [http-nio-8081-exec-7] org.hibernate.SQL                        : select s1_0.course_id,s1_0.id,s1_0.title from sections s1_0 where s1_0.course_id=?
2026-03-11T18:31:03.433+05:30 DEBUG 14376 --- [backend] [http-nio-8081-exec-7] org.hibernate.SQL                        : select v1_0.section_id,v1_0.id,v1_0.duration,v1_0.title,v1_0.type,v1_0.url from videos v1_0 where v1_0.section_id=?
2026-03-11T18:31:03.437+05:30 DEBUG 14376 --- [backend] [http-nio-8081-exec-7] org.hibernate.SQL                        : select q1_0.section_id,q1_0.id,q1_0.description,q1_0.title from quizzes q1_0 where q1_0.section_id=?
2026-03-11T18:31:03.437+05:30 DEBUG 14376 --- [backend] [http-nio-8081-exec-7] org.hibernate.SQL                        : select s1_0.course_id,s1_0.id,s1_0.title from sections s1_0 where s1_0.course_id=?
2026-03-11T18:31:03.446+05:30 DEBUG 14376 --- [backend] [http-nio-8081-exec-7] org.hibernate.SQL                        : select s1_0.course_id,s1_0.id,s1_0.title from sections s1_0 where s1_0.course_id=?
2026-03-11T18:31:03.450+05:30 DEBUG 14376 --- [backend] [http-nio-8081-exec-7] org.hibernate.SQL                        : select s1_0.course_id,s1_0.id,s1_0.title from sections s1_0 where s1_0.course_id=?
2026-03-11T18:31:03.478+05:30 DEBUG 14376 --- [backend] [http-nio-8081-exec-2] org.hibernate.SQL                        : select c1_0.id,c1_0.bg_color,c1_0.border_color,c1_0.color,c1_0.description,c1_0.discount,c1_0.domain,c1_0.duration,c1_0.gradient,c1_0.icon_name,c1_0.level,c1_0.live_link,c1_0.name,c1_0.shadow,c1_0.slug,c1_0.total_fee from courses c1_0
2026-03-11T18:31:03.502+05:30 DEBUG 14376 --- [backend] [http-nio-8081-exec-2] org.hibernate.SQL                        : select s1_0.course_id,s1_0.id,s1_0.title from sections s1_0 where s1_0.course_id=?
2026-03-11T18:31:03.507+05:30 DEBUG 14376 --- [backend] [http-nio-8081-exec-2] org.hibernate.SQL                        : select v1_0.section_id,v1_0.id,v1_0.duration,v1_0.title,v1_0.type,v1_0.url from videos v1_0 where v1_0.section_id=?
2026-03-11T18:31:03.513+05:30 DEBUG 14376 --- [backend] [http-nio-8081-exec-2] org.hibernate.SQL                        : select q1_0.section_id,q1_0.id,q1_0.description,q1_0.title from quizzes q1_0 where q1_0.section_id in (select s1_0.id from sections s1_0 where s1_0.course_id=?)
2026-03-11T18:31:03.516+05:30 DEBUG 14376 --- [backend] [http-nio-8081-exec-2] org.hibernate.SQL                        : select v1_0.section_id,v1_0.id,v1_0.duration,v1_0.title,v1_0.type,v1_0.url from videos v1_0 where v1_0.section_id=?
2026-03-11T18:31:03.520+05:30 DEBUG 14376 --- [backend] [http-nio-8081-exec-2] org.hibernate.SQL                        : select q1_0.quiz_id,q1_0.id,q1_0.correct_option_index,q1_0.question_text from questions q1_0 where q1_0.quiz_id=?
2026-03-11T18:31:03.523+05:30 DEBUG 14376 --- [backend] [http-nio-8081-exec-2] org.hibernate.SQL                        : select o1_0.question_id,o1_0.option_text from question_options o1_0 where o1_0.question_id=?
2026-03-11T18:31:03.528+05:30 DEBUG 14376 --- [backend] [http-nio-8081-exec-2] org.hibernate.SQL                        : select o1_0.question_id,o1_0.option_text from question_options o1_0 where o1_0.question_id=?
2026-03-11T18:31:03.533+05:30 DEBUG 14376 --- [backend] [http-nio-8081-exec-2] org.hibernate.SQL                        : select v1_0.section_id,v1_0.id,v1_0.duration,v1_0.title,v1_0.type,v1_0.url from videos v1_0 where v1_0.section_id=?
2026-03-11T18:31:03.536+05:30 DEBUG 14376 --- [backend] [http-nio-8081-exec-2] org.hibernate.SQL                        : select v1_0.section_id,v1_0.id,v1_0.duration,v1_0.title,v1_0.type,v1_0.url from videos v1_0 where v1_0.section_id=?
2026-03-11T18:31:03.545+05:30 DEBUG 14376 --- [backend] [http-nio-8081-exec-2] org.hibernate.SQL                        : select s1_0.course_id,s1_0.id,s1_0.title from sections s1_0 where s1_0.course_id=?
2026-03-11T18:31:03.553+05:30 DEBUG 14376 --- [backend] [http-nio-8081-exec-2] org.hibernate.SQL                        : select s1_0.course_id,s1_0.id,s1_0.title from sections s1_0 where s1_0.course_id=?
2026-03-11T18:31:03.700+05:30 DEBUG 14376 --- [backend] [http-nio-8081-exec-2] org.hibernate.SQL                        : select s1_0.course_id,s1_0.id,s1_0.title from sections s1_0 where s1_0.course_id=?
2026-03-11T18:31:03.704+05:30 DEBUG 14376 --- [backend] [http-nio-8081-exec-2] org.hibernate.SQL                        : select s1_0.course_id,s1_0.id,s1_0.title from sections s1_0 where s1_0.course_id=?
2026-03-11T18:31:03.708+05:30 DEBUG 14376 --- [backend] [http-nio-8081-exec-2] org.hibernate.SQL                        : select s1_0.course_id,s1_0.id,s1_0.title from sections s1_0 where s1_0.course_id=?
2026-03-11T18:31:03.713+05:30 DEBUG 14376 --- [backend] [http-nio-8081-exec-2] org.hibernate.SQL                        : select s1_0.course_id,s1_0.id,s1_0.title from sections s1_0 where s1_0.course_id=?
2026-03-11T18:31:03.717+05:30 DEBUG 14376 --- [backend] [http-nio-8081-exec-2] org.hibernate.SQL                        : select v1_0.section_id,v1_0.id,v1_0.duration,v1_0.title,v1_0.type,v1_0.url from videos v1_0 where v1_0.section_id=?
2026-03-11T18:31:03.722+05:30 DEBUG 14376 --- [backend] [http-nio-8081-exec-2] org.hibernate.SQL                        : select q1_0.section_id,q1_0.id,q1_0.description,q1_0.title from quizzes q1_0 where q1_0.section_id=?
2026-03-11T18:31:03.724+05:30 DEBUG 14376 --- [backend] [http-nio-8081-exec-2] org.hibernate.SQL                        : select s1_0.course_id,s1_0.id,s1_0.title from sections s1_0 where s1_0.course_id=?
2026-03-11T18:31:03.729+05:30 DEBUG 14376 --- [backend] [http-nio-8081-exec-2] org.hibernate.SQL                        : select s1_0.course_id,s1_0.id,s1_0.title from sections s1_0 where s1_0.course_id=?
2026-03-11T18:31:03.733+05:30 DEBUG 14376 --- [backend] [http-nio-8081-exec-2] org.hibernate.SQL                        : select s1_0.course_id,s1_0.id,s1_0.title from sections s1_0 where s1_0.course_id=?
2026-03-11T18:31:03.749+05:30 DEBUG 14376 --- [backend] [http-nio-8081-exec-8] org.hibernate.SQL                        : select c1_0.id,c1_0.bg_color,c1_0.border_color,c1_0.color,c1_0.description,c1_0.discount,c1_0.domain,c1_0.duration,c1_0.gradient,c1_0.icon_name,c1_0.level,c1_0.live_link,c1_0.name,c1_0.shadow,c1_0.slug,c1_0.total_fee from courses c1_0
2026-03-11T18:31:03.757+05:30 DEBUG 14376 --- [backend] [http-nio-8081-exec-8] org.hibernate.SQL                        : select s1_0.course_id,s1_0.id,s1_0.title from sections s1_0 where s1_0.course_id=?
2026-03-11T18:31:03.763+05:30 DEBUG 14376 --- [backend] [http-nio-8081-exec-8] org.hibernate.SQL                        : select v1_0.section_id,v1_0.id,v1_0.duration,v1_0.title,v1_0.type,v1_0.url from videos v1_0 where v1_0.section_id=?
2026-03-11T18:31:03.771+05:30 DEBUG 14376 --- [backend] [http-nio-8081-exec-8] org.hibernate.SQL                        : select q1_0.section_id,q1_0.id,q1_0.description,q1_0.title from quizzes q1_0 where q1_0.section_id in (select s1_0.id from sections s1_0 where s1_0.course_id=?)
2026-03-11T18:31:03.773+05:30 DEBUG 14376 --- [backend] [http-nio-8081-exec-8] org.hibernate.SQL                        : select v1_0.section_id,v1_0.id,v1_0.duration,v1_0.title,v1_0.type,v1_0.url from videos v1_0 where v1_0.section_id=?
2026-03-11T18:31:03.778+05:30 DEBUG 14376 --- [backend] [http-nio-8081-exec-8] org.hibernate.SQL                        : select q1_0.quiz_id,q1_0.id,q1_0.correct_option_index,q1_0.question_text from questions q1_0 where q1_0.quiz_id=?
2026-03-11T18:31:03.783+05:30 DEBUG 14376 --- [backend] [http-nio-8081-exec-8] org.hibernate.SQL                        : select o1_0.question_id,o1_0.option_text from question_options o1_0 where o1_0.question_id=?
2026-03-11T18:31:03.786+05:30 DEBUG 14376 --- [backend] [http-nio-8081-exec-8] org.hibernate.SQL                        : select o1_0.question_id,o1_0.option_text from question_options o1_0 where o1_0.question_id=?
2026-03-11T18:31:03.791+05:30 DEBUG 14376 --- [backend] [http-nio-8081-exec-8] org.hibernate.SQL                        : select v1_0.section_id,v1_0.id,v1_0.duration,v1_0.title,v1_0.type,v1_0.url from videos v1_0 where v1_0.section_id=?
2026-03-11T18:31:03.794+05:30 DEBUG 14376 --- [backend] [http-nio-8081-exec-8] org.hibernate.SQL                        : select v1_0.section_id,v1_0.id,v1_0.duration,v1_0.title,v1_0.type,v1_0.url from videos v1_0 where v1_0.section_id=?
2026-03-11T18:31:03.800+05:30 DEBUG 14376 --- [backend] [http-nio-8081-exec-8] org.hibernate.SQL                        : select s1_0.course_id,s1_0.id,s1_0.title from sections s1_0 where s1_0.course_id=?
2026-03-11T18:31:03.803+05:30 DEBUG 14376 --- [backend] [http-nio-8081-exec-8] org.hibernate.SQL                        : select s1_0.course_id,s1_0.id,s1_0.title from sections s1_0 where s1_0.course_id=?
2026-03-11T18:31:03.807+05:30 DEBUG 14376 --- [backend] [http-nio-8081-exec-8] org.hibernate.SQL                        : select s1_0.course_id,s1_0.id,s1_0.title from sections s1_0 where s1_0.course_id=?
2026-03-11T18:31:03.807+05:30 DEBUG 14376 --- [backend] [http-nio-8081-exec-8] org.hibernate.SQL                        : select s1_0.course_id,s1_0.id,s1_0.title from sections s1_0 where s1_0.course_id=?
2026-03-11T18:31:03.813+05:30 DEBUG 14376 --- [backend] [http-nio-8081-exec-8] org.hibernate.SQL                        : select s1_0.course_id,s1_0.id,s1_0.title from sections s1_0 where s1_0.course_id=?
2026-03-11T18:31:03.817+05:30 DEBUG 14376 --- [backend] [http-nio-8081-exec-8] org.hibernate.SQL                        : select s1_0.course_id,s1_0.id,s1_0.title from sections s1_0 where s1_0.course_id=?
2026-03-11T18:31:03.824+05:30 DEBUG 14376 --- [backend] [http-nio-8081-exec-8] org.hibernate.SQL                        : select v1_0.section_id,v1_0.id,v1_0.duration,v1_0.title,v1_0.type,v1_0.url from videos v1_0 where v1_0.section_id=?
2026-03-11T18:31:03.827+05:30 DEBUG 14376 --- [backend] [http-nio-8081-exec-8] org.hibernate.SQL                        : select q1_0.section_id,q1_0.id,q1_0.description,q1_0.title from quizzes q1_0 where q1_0.section_id=?
2026-03-11T18:31:03.827+05:30 DEBUG 14376 --- [backend] [http-nio-8081-exec-8] org.hibernate.SQL                        : select s1_0.course_id,s1_0.id,s1_0.title from sections s1_0 where s1_0.course_id=?
2026-03-11T18:31:03.833+05:30 DEBUG 14376 --- [backend] [http-nio-8081-exec-8] org.hibernate.SQL                        : select s1_0.course_id,s1_0.id,s1_0.title from sections s1_0 where s1_0.course_id=?
2026-03-11T18:31:03.836+05:30 DEBUG 14376 --- [backend] [http-nio-8081-exec-8] org.hibernate.SQL                        : select s1_0.course_id,s1_0.id,s1_0.title from sections s1_0 where s1_0.course_id=?
2026-03-11T18:31:03.853+05:30 DEBUG 14376 --- [backend] [http-nio-8081-exec-10] org.hibernate.SQL                        : select c1_0.id,c1_0.bg_color,c1_0.border_color,c1_0.color,c1_0.description,c1_0.discount,c1_0.domain,c1_0.duration,c1_0.gradient,c1_0.icon_name,c1_0.level,c1_0.live_link,c1_0.name,c1_0.shadow,c1_0.slug,c1_0.total_fee from courses c1_0
2026-03-11T18:31:03.865+05:30 DEBUG 14376 --- [backend] [http-nio-8081-exec-10] org.hibernate.SQL                        : select s1_0.course_id,s1_0.id,s1_0.title from sections s1_0 where s1_0.course_id=?
2026-03-11T18:31:03.869+05:30 DEBUG 14376 --- [backend] [http-nio-8081-exec-10] org.hibernate.SQL                        : select v1_0.section_id,v1_0.id,v1_0.duration,v1_0.title,v1_0.type,v1_0.url from videos v1_0 where v1_0.section_id=?
2026-03-11T18:31:03.874+05:30 DEBUG 14376 --- [backend] [http-nio-8081-exec-10] org.hibernate.SQL                        : select q1_0.section_id,q1_0.id,q1_0.description,q1_0.title from quizzes q1_0 where q1_0.section_id in (select s1_0.id from sections s1_0 where s1_0.course_id=?)
2026-03-11T18:31:03.877+05:30 DEBUG 14376 --- [backend] [http-nio-8081-exec-10] org.hibernate.SQL                        : select v1_0.section_id,v1_0.id,v1_0.duration,v1_0.title,v1_0.type,v1_0.url from videos v1_0 where v1_0.section_id=?
2026-03-11T18:31:03.885+05:30 DEBUG 14376 --- [backend] [http-nio-8081-exec-10] org.hibernate.SQL                        : select q1_0.quiz_id,q1_0.id,q1_0.correct_option_index,q1_0.question_text from questions q1_0 where q1_0.quiz_id=?
2026-03-11T18:31:03.891+05:30 DEBUG 14376 --- [backend] [http-nio-8081-exec-10] org.hibernate.SQL                        : select o1_0.question_id,o1_0.option_text from question_options o1_0 where o1_0.question_id=?
2026-03-11T18:31:03.893+05:30 DEBUG 14376 --- [backend] [http-nio-8081-exec-10] org.hibernate.SQL                        : select o1_0.question_id,o1_0.option_text from question_options o1_0 where o1_0.question_id=?
2026-03-11T18:31:03.903+05:30 DEBUG 14376 --- [backend] [http-nio-8081-exec-10] org.hibernate.SQL                        : select v1_0.section_id,v1_0.id,v1_0.duration,v1_0.title,v1_0.type,v1_0.url from videos v1_0 where v1_0.section_id=?
2026-03-11T18:31:03.910+05:30 DEBUG 14376 --- [backend] [http-nio-8081-exec-10] org.hibernate.SQL                        : select v1_0.section_id,v1_0.id,v1_0.duration,v1_0.title,v1_0.type,v1_0.url from videos v1_0 where v1_0.section_id=?
2026-03-11T18:31:03.915+05:30 DEBUG 14376 --- [backend] [http-nio-8081-exec-10] org.hibernate.SQL                        : select s1_0.course_id,s1_0.id,s1_0.title from sections s1_0 where s1_0.course_id=?
2026-03-11T18:31:03.922+05:30 DEBUG 14376 --- [backend] [http-nio-8081-exec-10] org.hibernate.SQL                        : select s1_0.course_id,s1_0.id,s1_0.title from sections s1_0 where s1_0.course_id=?
2026-03-11T18:31:03.927+05:30 DEBUG 14376 --- [backend] [http-nio-8081-exec-10] org.hibernate.SQL                        : select s1_0.course_id,s1_0.id,s1_0.title from sections s1_0 where s1_0.course_id=?
2026-03-11T18:31:03.929+05:30 DEBUG 14376 --- [backend] [http-nio-8081-exec-10] org.hibernate.SQL                        : select s1_0.course_id,s1_0.id,s1_0.title from sections s1_0 where s1_0.course_id=?
2026-03-11T18:31:03.935+05:30 DEBUG 14376 --- [backend] [http-nio-8081-exec-10] org.hibernate.SQL                        : select s1_0.course_id,s1_0.id,s1_0.title from sections s1_0 where s1_0.course_id=?
2026-03-11T18:31:03.943+05:30 DEBUG 14376 --- [backend] [http-nio-8081-exec-10] org.hibernate.SQL                        : select s1_0.course_id,s1_0.id,s1_0.title from sections s1_0 where s1_0.course_id=?
2026-03-11T18:31:03.951+05:30 DEBUG 14376 --- [backend] [http-nio-8081-exec-10] org.hibernate.SQL                        : select v1_0.section_id,v1_0.id,v1_0.duration,v1_0.title,v1_0.type,v1_0.url from videos v1_0 where v1_0.section_id=?
2026-03-11T18:31:03.955+05:30 DEBUG 14376 --- [backend] [http-nio-8081-exec-10] org.hibernate.SQL                        : select q1_0.section_id,q1_0.id,q1_0.description,q1_0.title from quizzes q1_0 where q1_0.section_id=?
2026-03-11T18:31:03.968+05:30 DEBUG 14376 --- [backend] [http-nio-8081-exec-10] org.hibernate.SQL                        : select s1_0.course_id,s1_0.id,s1_0.title from sections s1_0 where s1_0.course_id=?
2026-03-11T18:31:03.976+05:30 DEBUG 14376 --- [backend] [http-nio-8081-exec-10] org.hibernate.SQL                        : select s1_0.course_id,s1_0.id,s1_0.title from sections s1_0 where s1_0.course_id=?
2026-03-11T18:31:03.976+05:30 DEBUG 14376 --- [backend] [http-nio-8081-exec-10] org.hibernate.SQL                        : select s1_0.course_id,s1_0.id,s1_0.title from sections s1_0 where s1_0.course_id=?
2026-03-11T18:31:04.006+05:30 DEBUG 14376 --- [backend] [http-nio-8081-exec-9] org.hibernate.SQL                        : select c1_0.id,c1_0.bg_color,c1_0.border_color,c1_0.color,c1_0.description,c1_0.discount,c1_0.domain,c1_0.duration,c1_0.gradient,c1_0.icon_name,c1_0.level,c1_0.live_link,c1_0.name,c1_0.shadow,c1_0.slug,c1_0.total_fee from courses c1_0
2026-03-11T18:31:04.033+05:30 DEBUG 14376 --- [backend] [http-nio-8081-exec-9] org.hibernate.SQL                        : select s1_0.course_id,s1_0.id,s1_0.title from sections s1_0 where s1_0.course_id=?
2026-03-11T18:31:04.039+05:30 DEBUG 14376 --- [backend] [http-nio-8081-exec-9] org.hibernate.SQL                        : select v1_0.section_id,v1_0.id,v1_0.duration,v1_0.title,v1_0.type,v1_0.url from videos v1_0 where v1_0.section_id=?
2026-03-11T18:31:04.047+05:30 DEBUG 14376 --- [backend] [http-nio-8081-exec-9] org.hibernate.SQL                        : select q1_0.section_id,q1_0.id,q1_0.description,q1_0.title from quizzes q1_0 where q1_0.section_id in (select s1_0.id from sections s1_0 where s1_0.course_id=?)
2026-03-11T18:31:04.053+05:30 DEBUG 14376 --- [backend] [http-nio-8081-exec-9] org.hibernate.SQL                        : select v1_0.section_id,v1_0.id,v1_0.duration,v1_0.title,v1_0.type,v1_0.url from videos v1_0 where v1_0.section_id=?
2026-03-11T18:31:04.054+05:30 DEBUG 14376 --- [backend] [http-nio-8081-exec-9] org.hibernate.SQL                        : select q1_0.quiz_id,q1_0.id,q1_0.correct_option_index,q1_0.question_text from questions q1_0 where q1_0.quiz_id=?
2026-03-11T18:31:04.057+05:30 DEBUG 14376 --- [backend] [http-nio-8081-exec-9] org.hibernate.SQL                        : select o1_0.question_id,o1_0.option_text from question_options o1_0 where o1_0.question_id=?
2026-03-11T18:31:04.063+05:30 DEBUG 14376 --- [backend] [http-nio-8081-exec-9] org.hibernate.SQL                        : select o1_0.question_id,o1_0.option_text from question_options o1_0 where o1_0.question_id=?
2026-03-11T18:31:04.067+05:30 DEBUG 14376 --- [backend] [http-nio-8081-exec-9] org.hibernate.SQL                        : select v1_0.section_id,v1_0.id,v1_0.duration,v1_0.title,v1_0.type,v1_0.url from videos v1_0 where v1_0.section_id=?
2026-03-11T18:31:04.067+05:30 DEBUG 14376 --- [backend] [http-nio-8081-exec-9] org.hibernate.SQL                        : select v1_0.section_id,v1_0.id,v1_0.duration,v1_0.title,v1_0.type,v1_0.url from videos v1_0 where v1_0.section_id=?
2026-03-11T18:31:04.075+05:30 DEBUG 14376 --- [backend] [http-nio-8081-exec-9] org.hibernate.SQL                        : select s1_0.course_id,s1_0.id,s1_0.title from sections s1_0 where s1_0.course_id=?
2026-03-11T18:31:04.081+05:30 DEBUG 14376 --- [backend] [http-nio-8081-exec-9] org.hibernate.SQL                        : select s1_0.course_id,s1_0.id,s1_0.title from sections s1_0 where s1_0.course_id=?
2026-03-11T18:31:04.089+05:30 DEBUG 14376 --- [backend] [http-nio-8081-exec-9] org.hibernate.SQL                        : select s1_0.course_id,s1_0.id,s1_0.title from sections s1_0 where s1_0.course_id=?
2026-03-11T18:31:04.099+05:30 DEBUG 14376 --- [backend] [http-nio-8081-exec-9] org.hibernate.SQL                        : select s1_0.course_id,s1_0.id,s1_0.title from sections s1_0 where s1_0.course_id=?
2026-03-11T18:31:04.106+05:30 DEBUG 14376 --- [backend] [http-nio-8081-exec-9] org.hibernate.SQL                        : select s1_0.course_id,s1_0.id,s1_0.title from sections s1_0 where s1_0.course_id=?
2026-03-11T18:31:04.114+05:30 DEBUG 14376 --- [backend] [http-nio-8081-exec-9] org.hibernate.SQL                        : select s1_0.course_id,s1_0.id,s1_0.title from sections s1_0 where s1_0.course_id=?
2026-03-11T18:31:04.117+05:30 DEBUG 14376 --- [backend] [http-nio-8081-exec-9] org.hibernate.SQL                        : select v1_0.section_id,v1_0.id,v1_0.duration,v1_0.title,v1_0.type,v1_0.url from videos v1_0 where v1_0.section_id=?
2026-03-11T18:31:04.124+05:30 DEBUG 14376 --- [backend] [http-nio-8081-exec-9] org.hibernate.SQL                        : select q1_0.section_id,q1_0.id,q1_0.description,q1_0.title from quizzes q1_0 where q1_0.section_id=?
2026-03-11T18:31:04.133+05:30 DEBUG 14376 --- [backend] [http-nio-8081-exec-9] org.hibernate.SQL                        : select s1_0.course_id,s1_0.id,s1_0.title from sections s1_0 where s1_0.course_id=?
2026-03-11T18:31:04.140+05:30 DEBUG 14376 --- [backend] [http-nio-8081-exec-9] org.hibernate.SQL                        : select s1_0.course_id,s1_0.id,s1_0.title from sections s1_0 where s1_0.course_id=?
2026-03-11T18:31:04.153+05:30 DEBUG 14376 --- [backend] [http-nio-8081-exec-9] org.hibernate.SQL                        : select s1_0.course_id,s1_0.id,s1_0.title from sections s1_0 where s1_0.course_id=?
2026-03-11T18:31:04.188+05:30 DEBUG 14376 --- [backend] [http-nio-8081-exec-4] org.hibernate.SQL                        : select c1_0.id,c1_0.bg_color,c1_0.border_color,c1_0.color,c1_0.description,c1_0.discount,c1_0.domain,c1_0.duration,c1_0.gradient,c1_0.icon_name,c1_0.level,c1_0.live_link,c1_0.name,c1_0.shadow,c1_0.slug,c1_0.total_fee from courses c1_0
2026-03-11T18:31:04.229+05:30 DEBUG 14376 --- [backend] [http-nio-8081-exec-4] org.hibernate.SQL                        : select s1_0.course_id,s1_0.id,s1_0.title from sections s1_0 where s1_0.course_id=?
2026-03-11T18:31:04.233+05:30 DEBUG 14376 --- [backend] [http-nio-8081-exec-4] org.hibernate.SQL                        : select v1_0.section_id,v1_0.id,v1_0.duration,v1_0.title,v1_0.type,v1_0.url from videos v1_0 where v1_0.section_id=?
2026-03-11T18:31:04.243+05:30 DEBUG 14376 --- [backend] [http-nio-8081-exec-4] org.hibernate.SQL                        : select q1_0.section_id,q1_0.id,q1_0.description,q1_0.title from quizzes q1_0 where q1_0.section_id in (select s1_0.id from sections s1_0 where s1_0.course_id=?)
2026-03-11T18:31:04.253+05:30 DEBUG 14376 --- [backend] [http-nio-8081-exec-4] org.hibernate.SQL                        : select v1_0.section_id,v1_0.id,v1_0.duration,v1_0.title,v1_0.type,v1_0.url from videos v1_0 where v1_0.section_id=?
2026-03-11T18:31:04.256+05:30 DEBUG 14376 --- [backend] [http-nio-8081-exec-4] org.hibernate.SQL                        : select q1_0.quiz_id,q1_0.id,q1_0.correct_option_index,q1_0.question_text from questions q1_0 where q1_0.quiz_id=?
2026-03-11T18:31:04.263+05:30 DEBUG 14376 --- [backend] [http-nio-8081-exec-4] org.hibernate.SQL                        : select o1_0.question_id,o1_0.option_text from question_options o1_0 where o1_0.question_id=?
2026-03-11T18:31:04.274+05:30 DEBUG 14376 --- [backend] [http-nio-8081-exec-4] org.hibernate.SQL                        : select o1_0.question_id,o1_0.option_text from question_options o1_0 where o1_0.question_id=?
2026-03-11T18:31:04.278+05:30 DEBUG 14376 --- [backend] [http-nio-8081-exec-4] org.hibernate.SQL                        : select v1_0.section_id,v1_0.id,v1_0.duration,v1_0.title,v1_0.type,v1_0.url from videos v1_0 where v1_0.section_id=?
2026-03-11T18:31:04.286+05:30 DEBUG 14376 --- [backend] [http-nio-8081-exec-4] org.hibernate.SQL                        : select v1_0.section_id,v1_0.id,v1_0.duration,v1_0.title,v1_0.type,v1_0.url from videos v1_0 where v1_0.section_id=?
2026-03-11T18:31:04.292+05:30 DEBUG 14376 --- [backend] [http-nio-8081-exec-4] org.hibernate.SQL                        : select s1_0.course_id,s1_0.id,s1_0.title from sections s1_0 where s1_0.course_id=?
2026-03-11T18:31:04.295+05:30 DEBUG 14376 --- [backend] [http-nio-8081-exec-4] org.hibernate.SQL                        : select s1_0.course_id,s1_0.id,s1_0.title from sections s1_0 where s1_0.course_id=?
2026-03-11T18:31:04.350+05:30 DEBUG 14376 --- [backend] [http-nio-8081-exec-4] org.hibernate.SQL                        : select s1_0.course_id,s1_0.id,s1_0.title from sections s1_0 where s1_0.course_id=?
2026-03-11T18:31:04.355+05:30 DEBUG 14376 --- [backend] [http-nio-8081-exec-4] org.hibernate.SQL                        : select s1_0.course_id,s1_0.id,s1_0.title from sections s1_0 where s1_0.course_id=?
2026-03-11T18:31:04.355+05:30 DEBUG 14376 --- [backend] [http-nio-8081-exec-4] org.hibernate.SQL                        : select s1_0.course_id,s1_0.id,s1_0.title from sections s1_0 where s1_0.course_id=?
2026-03-11T18:31:04.361+05:30 DEBUG 14376 --- [backend] [http-nio-8081-exec-4] org.hibernate.SQL                        : select s1_0.course_id,s1_0.id,s1_0.title from sections s1_0 where s1_0.course_id=?
2026-03-11T18:31:04.363+05:30 DEBUG 14376 --- [backend] [http-nio-8081-exec-4] org.hibernate.SQL                        : select v1_0.section_id,v1_0.id,v1_0.duration,v1_0.title,v1_0.type,v1_0.url from videos v1_0 where v1_0.section_id=?
2026-03-11T18:31:04.370+05:30 DEBUG 14376 --- [backend] [http-nio-8081-exec-4] org.hibernate.SQL                        : select q1_0.section_id,q1_0.id,q1_0.description,q1_0.title from quizzes q1_0 where q1_0.section_id=?
2026-03-11T18:31:04.373+05:30 DEBUG 14376 --- [backend] [http-nio-8081-exec-4] org.hibernate.SQL                        : select s1_0.course_id,s1_0.id,s1_0.title from sections s1_0 where s1_0.course_id=?
2026-03-11T18:31:04.376+05:30 DEBUG 14376 --- [backend] [http-nio-8081-exec-4] org.hibernate.SQL                        : select s1_0.course_id,s1_0.id,s1_0.title from sections s1_0 where s1_0.course_id=?
2026-03-11T18:31:04.383+05:30 DEBUG 14376 --- [backend] [http-nio-8081-exec-4] org.hibernate.SQL                        : select s1_0.course_id,s1_0.id,s1_0.title from sections s1_0 where s1_0.course_id=?
2026-03-11T18:31:04.416+05:30 DEBUG 14376 --- [backend] [http-nio-8081-exec-3] org.hibernate.SQL                        : select c1_0.id,c1_0.bg_color,c1_0.border_color,c1_0.color,c1_0.description,c1_0.discount,c1_0.domain,c1_0.duration,c1_0.gradient,c1_0.icon_name,c1_0.level,c1_0.live_link,c1_0.name,c1_0.shadow,c1_0.slug,c1_0.total_fee from courses c1_0
2026-03-11T18:31:04.428+05:30 DEBUG 14376 --- [backend] [http-nio-8081-exec-3] org.hibernate.SQL                        : select s1_0.course_id,s1_0.id,s1_0.title from sections s1_0 where s1_0.course_id=?
2026-03-11T18:31:04.435+05:30 DEBUG 14376 --- [backend] [http-nio-8081-exec-3] org.hibernate.SQL                        : select v1_0.section_id,v1_0.id,v1_0.duration,v1_0.title,v1_0.type,v1_0.url from videos v1_0 where v1_0.section_id=?
2026-03-11T18:31:04.444+05:30 DEBUG 14376 --- [backend] [http-nio-8081-exec-3] org.hibernate.SQL                        : select q1_0.section_id,q1_0.id,q1_0.description,q1_0.title from quizzes q1_0 where q1_0.section_id in (select s1_0.id from sections s1_0 where s1_0.course_id=?)
2026-03-11T18:31:04.452+05:30 DEBUG 14376 --- [backend] [http-nio-8081-exec-3] org.hibernate.SQL                        : select v1_0.section_id,v1_0.id,v1_0.duration,v1_0.title,v1_0.type,v1_0.url from videos v1_0 where v1_0.section_id=?
2026-03-11T18:31:04.455+05:30 DEBUG 14376 --- [backend] [http-nio-8081-exec-3] org.hibernate.SQL                        : select q1_0.quiz_id,q1_0.id,q1_0.correct_option_index,q1_0.question_text from questions q1_0 where q1_0.quiz_id=?
2026-03-11T18:31:04.463+05:30 DEBUG 14376 --- [backend] [http-nio-8081-exec-3] org.hibernate.SQL                        : select o1_0.question_id,o1_0.option_text from question_options o1_0 where o1_0.question_id=?
2026-03-11T18:31:04.467+05:30 DEBUG 14376 --- [backend] [http-nio-8081-exec-3] org.hibernate.SQL                        : select o1_0.question_id,o1_0.option_text from question_options o1_0 where o1_0.question_id=?
2026-03-11T18:31:04.471+05:30 DEBUG 14376 --- [backend] [http-nio-8081-exec-3] org.hibernate.SQL                        : select v1_0.section_id,v1_0.id,v1_0.duration,v1_0.title,v1_0.type,v1_0.url from videos v1_0 where v1_0.section_id=?
2026-03-11T18:31:04.474+05:30 DEBUG 14376 --- [backend] [http-nio-8081-exec-3] org.hibernate.SQL                        : select v1_0.section_id,v1_0.id,v1_0.duration,v1_0.title,v1_0.type,v1_0.url from videos v1_0 where v1_0.section_id=?
2026-03-11T18:31:04.481+05:30 DEBUG 14376 --- [backend] [http-nio-8081-exec-3] org.hibernate.SQL                        : select s1_0.course_id,s1_0.id,s1_0.title from sections s1_0 where s1_0.course_id=?
2026-03-11T18:31:04.484+05:30 DEBUG 14376 --- [backend] [http-nio-8081-exec-3] org.hibernate.SQL                        : select s1_0.course_id,s1_0.id,s1_0.title from sections s1_0 where s1_0.course_id=?
2026-03-11T18:31:04.488+05:30 DEBUG 14376 --- [backend] [http-nio-8081-exec-3] org.hibernate.SQL                        : select s1_0.course_id,s1_0.id,s1_0.title from sections s1_0 where s1_0.course_id=?
2026-03-11T18:31:04.491+05:30 DEBUG 14376 --- [backend] [http-nio-8081-exec-3] org.hibernate.SQL                        : select s1_0.course_id,s1_0.id,s1_0.title from sections s1_0 where s1_0.course_id=?
2026-03-11T18:31:04.493+05:30 DEBUG 14376 --- [backend] [http-nio-8081-exec-3] org.hibernate.SQL                        : select s1_0.course_id,s1_0.id,s1_0.title from sections s1_0 where s1_0.course_id=?
2026-03-11T18:31:04.501+05:30 DEBUG 14376 --- [backend] [http-nio-8081-exec-3] org.hibernate.SQL                        : select s1_0.course_id,s1_0.id,s1_0.title from sections s1_0 where s1_0.course_id=?
2026-03-11T18:31:04.511+05:30 DEBUG 14376 --- [backend] [http-nio-8081-exec-3] org.hibernate.SQL                        : select v1_0.section_id,v1_0.id,v1_0.duration,v1_0.title,v1_0.type,v1_0.url from videos v1_0 where v1_0.section_id=?
2026-03-11T18:31:04.513+05:30 DEBUG 14376 --- [backend] [http-nio-8081-exec-3] org.hibernate.SQL                        : select q1_0.section_id,q1_0.id,q1_0.description,q1_0.title from quizzes q1_0 where q1_0.section_id=?
2026-03-11T18:31:04.518+05:30 DEBUG 14376 --- [backend] [http-nio-8081-exec-3] org.hibernate.SQL                        : select s1_0.course_id,s1_0.id,s1_0.title from sections s1_0 where s1_0.course_id=?
2026-03-11T18:31:04.527+05:30 DEBUG 14376 --- [backend] [http-nio-8081-exec-3] org.hibernate.SQL                        : select s1_0.course_id,s1_0.id,s1_0.title from sections s1_0 where s1_0.course_id=?
2026-03-11T18:31:04.530+05:30 DEBUG 14376 --- [backend] [http-nio-8081-exec-3] org.hibernate.SQL                        : select s1_0.course_id,s1_0.id,s1_0.title from sections s1_0 where s1_0.course_id=?
2026-03-11T18:31:04.551+05:30 DEBUG 14376 --- [backend] [http-nio-8081-exec-5] org.hibernate.SQL                        : select c1_0.id,c1_0.bg_color,c1_0.border_color,c1_0.color,c1_0.description,c1_0.discount,c1_0.domain,c1_0.duration,c1_0.gradient,c1_0.icon_name,c1_0.level,c1_0.live_link,c1_0.name,c1_0.shadow,c1_0.slug,c1_0.total_fee from courses c1_0
2026-03-11T18:31:04.563+05:30 DEBUG 14376 --- [backend] [http-nio-8081-exec-5] org.hibernate.SQL                        : select s1_0.course_id,s1_0.id,s1_0.title from sections s1_0 where s1_0.course_id=?
2026-03-11T18:31:04.567+05:30 DEBUG 14376 --- [backend] [http-nio-8081-exec-5] org.hibernate.SQL                        : select v1_0.section_id,v1_0.id,v1_0.duration,v1_0.title,v1_0.type,v1_0.url from videos v1_0 where v1_0.section_id=?
2026-03-11T18:31:04.572+05:30 DEBUG 14376 --- [backend] [http-nio-8081-exec-5] org.hibernate.SQL                        : select q1_0.section_id,q1_0.id,q1_0.description,q1_0.title from quizzes q1_0 where q1_0.section_id in (select s1_0.id from sections s1_0 where s1_0.course_id=?)
2026-03-11T18:31:04.576+05:30 DEBUG 14376 --- [backend] [http-nio-8081-exec-5] org.hibernate.SQL                        : select v1_0.section_id,v1_0.id,v1_0.duration,v1_0.title,v1_0.type,v1_0.url from videos v1_0 where v1_0.section_id=?
2026-03-11T18:31:04.578+05:30 DEBUG 14376 --- [backend] [http-nio-8081-exec-5] org.hibernate.SQL                        : select q1_0.quiz_id,q1_0.id,q1_0.correct_option_index,q1_0.question_text from questions q1_0 where q1_0.quiz_id=?
2026-03-11T18:31:04.584+05:30 DEBUG 14376 --- [backend] [http-nio-8081-exec-5] org.hibernate.SQL                        : select o1_0.question_id,o1_0.option_text from question_options o1_0 where o1_0.question_id=?
2026-03-11T18:31:04.588+05:30 DEBUG 14376 --- [backend] [http-nio-8081-exec-5] org.hibernate.SQL                        : select o1_0.question_id,o1_0.option_text from question_options o1_0 where o1_0.question_id=?
2026-03-11T18:31:04.593+05:30 DEBUG 14376 --- [backend] [http-nio-8081-exec-5] org.hibernate.SQL                        : select v1_0.section_id,v1_0.id,v1_0.duration,v1_0.title,v1_0.type,v1_0.url from videos v1_0 where v1_0.section_id=?
2026-03-11T18:31:04.597+05:30 DEBUG 14376 --- [backend] [http-nio-8081-exec-5] org.hibernate.SQL                        : select v1_0.section_id,v1_0.id,v1_0.duration,v1_0.title,v1_0.type,v1_0.url from videos v1_0 where v1_0.section_id=?
2026-03-11T18:31:04.603+05:30 DEBUG 14376 --- [backend] [http-nio-8081-exec-5] org.hibernate.SQL                        : select s1_0.course_id,s1_0.id,s1_0.title from sections s1_0 where s1_0.course_id=?
2026-03-11T18:31:04.606+05:30 DEBUG 14376 --- [backend] [http-nio-8081-exec-5] org.hibernate.SQL                        : select s1_0.course_id,s1_0.id,s1_0.title from sections s1_0 where s1_0.course_id=?
2026-03-11T18:31:04.614+05:30 DEBUG 14376 --- [backend] [http-nio-8081-exec-5] org.hibernate.SQL                        : select s1_0.course_id,s1_0.id,s1_0.title from sections s1_0 where s1_0.course_id=?
2026-03-11T18:31:04.618+05:30 DEBUG 14376 --- [backend] [http-nio-8081-exec-5] org.hibernate.SQL                        : select s1_0.course_id,s1_0.id,s1_0.title from sections s1_0 where s1_0.course_id=?
2026-03-11T18:31:04.626+05:30 DEBUG 14376 --- [backend] [http-nio-8081-exec-5] org.hibernate.SQL                        : select s1_0.course_id,s1_0.id,s1_0.title from sections s1_0 where s1_0.course_id=?
2026-03-11T18:31:04.638+05:30 DEBUG 14376 --- [backend] [http-nio-8081-exec-5] org.hibernate.SQL                        : select s1_0.course_id,s1_0.id,s1_0.title from sections s1_0 where s1_0.course_id=?
2026-03-11T18:31:04.648+05:30 DEBUG 14376 --- [backend] [http-nio-8081-exec-5] org.hibernate.SQL                        : select v1_0.section_id,v1_0.id,v1_0.duration,v1_0.title,v1_0.type,v1_0.url from videos v1_0 where v1_0.section_id=?
2026-03-11T18:31:04.650+05:30 DEBUG 14376 --- [backend] [http-nio-8081-exec-5] org.hibernate.SQL                        : select q1_0.section_id,q1_0.id,q1_0.description,q1_0.title from quizzes q1_0 where q1_0.section_id=?
2026-03-11T18:31:04.656+05:30 DEBUG 14376 --- [backend] [http-nio-8081-exec-5] org.hibernate.SQL                        : select s1_0.course_id,s1_0.id,s1_0.title from sections s1_0 where s1_0.course_id=?
2026-03-11T18:31:04.659+05:30 DEBUG 14376 --- [backend] [http-nio-8081-exec-5] org.hibernate.SQL                        : select s1_0.course_id,s1_0.id,s1_0.title from sections s1_0 where s1_0.course_id=?
2026-03-11T18:31:04.663+05:30 DEBUG 14376 --- [backend] [http-nio-8081-exec-5] org.hibernate.SQL                        : select s1_0.course_id,s1_0.id,s1_0.title from sections s1_0 where s1_0.course_id=?
2026-03-11T18:31:04.683+05:30 DEBUG 14376 --- [backend] [http-nio-8081-exec-5] org.hibernate.SQL                        : select c1_0.id,c1_0.bg_color,c1_0.border_color,c1_0.color,c1_0.description,c1_0.discount,c1_0.domain,c1_0.duration,c1_0.gradient,c1_0.icon_name,c1_0.level,c1_0.live_link,c1_0.name,c1_0.shadow,c1_0.slug,c1_0.total_fee from courses c1_0
2026-03-11T18:31:04.693+05:30 DEBUG 14376 --- [backend] [http-nio-8081-exec-5] org.hibernate.SQL                        : select s1_0.course_id,s1_0.id,s1_0.title from sections s1_0 where s1_0.course_id=?
2026-03-11T18:31:04.701+05:30 DEBUG 14376 --- [backend] [http-nio-8081-exec-5] org.hibernate.SQL                        : select v1_0.section_id,v1_0.id,v1_0.duration,v1_0.title,v1_0.type,v1_0.url from videos v1_0 where v1_0.section_id=?
2026-03-11T18:31:04.705+05:30 DEBUG 14376 --- [backend] [http-nio-8081-exec-5] org.hibernate.SQL                        : select q1_0.section_id,q1_0.id,q1_0.description,q1_0.title from quizzes q1_0 where q1_0.section_id in (select s1_0.id from sections s1_0 where s1_0.course_id=?)
2026-03-11T18:31:04.712+05:30 DEBUG 14376 --- [backend] [http-nio-8081-exec-5] org.hibernate.SQL                        : select v1_0.section_id,v1_0.id,v1_0.duration,v1_0.title,v1_0.type,v1_0.url from videos v1_0 where v1_0.section_id=?
2026-03-11T18:31:04.716+05:30 DEBUG 14376 --- [backend] [http-nio-8081-exec-5] org.hibernate.SQL                        : select q1_0.quiz_id,q1_0.id,q1_0.correct_option_index,q1_0.question_text from questions q1_0 where q1_0.quiz_id=?
2026-03-11T18:31:04.716+05:30 DEBUG 14376 --- [backend] [http-nio-8081-exec-5] org.hibernate.SQL                        : select o1_0.question_id,o1_0.option_text from question_options o1_0 where o1_0.question_id=?
2026-03-11T18:31:04.723+05:30 DEBUG 14376 --- [backend] [http-nio-8081-exec-5] org.hibernate.SQL                        : select o1_0.question_id,o1_0.option_text from question_options o1_0 where o1_0.question_id=?
2026-03-11T18:31:04.727+05:30 DEBUG 14376 --- [backend] [http-nio-8081-exec-5] org.hibernate.SQL                        : select v1_0.section_id,v1_0.id,v1_0.duration,v1_0.title,v1_0.type,v1_0.url from videos v1_0 where v1_0.section_id=?
2026-03-11T18:31:04.728+05:30 DEBUG 14376 --- [backend] [http-nio-8081-exec-5] org.hibernate.SQL                        : select v1_0.section_id,v1_0.id,v1_0.duration,v1_0.title,v1_0.type,v1_0.url from videos v1_0 where v1_0.section_id=?
2026-03-11T18:31:04.733+05:30 DEBUG 14376 --- [backend] [http-nio-8081-exec-5] org.hibernate.SQL                        : select s1_0.course_id,s1_0.id,s1_0.title from sections s1_0 where s1_0.course_id=?
2026-03-11T18:31:04.738+05:30 DEBUG 14376 --- [backend] [http-nio-8081-exec-5] org.hibernate.SQL                        : select s1_0.course_id,s1_0.id,s1_0.title from sections s1_0 where s1_0.course_id=?
2026-03-11T18:31:04.763+05:30 DEBUG 14376 --- [backend] [http-nio-8081-exec-5] org.hibernate.SQL                        : select s1_0.course_id,s1_0.id,s1_0.title from sections s1_0 where s1_0.course_id=?
2026-03-11T18:31:04.765+05:30 DEBUG 14376 --- [backend] [http-nio-8081-exec-5] org.hibernate.SQL                        : select s1_0.course_id,s1_0.id,s1_0.title from sections s1_0 where s1_0.course_id=?
2026-03-11T18:31:04.765+05:30 DEBUG 14376 --- [backend] [http-nio-8081-exec-5] org.hibernate.SQL                        : select s1_0.course_id,s1_0.id,s1_0.title from sections s1_0 where s1_0.course_id=?
2026-03-11T18:31:04.765+05:30 DEBUG 14376 --- [backend] [http-nio-8081-exec-5] org.hibernate.SQL                        : select s1_0.course_id,s1_0.id,s1_0.title from sections s1_0 where s1_0.course_id=?
2026-03-11T18:31:04.783+05:30 DEBUG 14376 --- [backend] [http-nio-8081-exec-5] org.hibernate.SQL                        : select v1_0.section_id,v1_0.id,v1_0.duration,v1_0.title,v1_0.type,v1_0.url from videos v1_0 where v1_0.section_id=?
2026-03-11T18:31:04.789+05:30 DEBUG 14376 --- [backend] [http-nio-8081-exec-5] org.hibernate.SQL                        : select q1_0.section_id,q1_0.id,q1_0.description,q1_0.title from quizzes q1_0 where q1_0.section_id=?
2026-03-11T18:31:04.790+05:30 DEBUG 14376 --- [backend] [http-nio-8081-exec-5] org.hibernate.SQL                        : select s1_0.course_id,s1_0.id,s1_0.title from sections s1_0 where s1_0.course_id=?
2026-03-11T18:31:04.794+05:30 DEBUG 14376 --- [backend] [http-nio-8081-exec-5] org.hibernate.SQL                        : select s1_0.course_id,s1_0.id,s1_0.title from sections s1_0 where s1_0.course_id=?
2026-03-11T18:31:04.798+05:30 DEBUG 14376 --- [backend] [http-nio-8081-exec-5] org.hibernate.SQL                        : select s1_0.course_id,s1_0.id,s1_0.title from sections s1_0 where s1_0.course_id=?
2026-03-11T18:31:04.815+05:30 DEBUG 14376 --- [backend] [http-nio-8081-exec-1] org.hibernate.SQL                        : select c1_0.id,c1_0.bg_color,c1_0.border_color,c1_0.color,c1_0.description,c1_0.discount,c1_0.domain,c1_0.duration,c1_0.gradient,c1_0.icon_name,c1_0.level,c1_0.live_link,c1_0.name,c1_0.shadow,c1_0.slug,c1_0.total_fee from courses c1_0
2026-03-11T18:31:04.827+05:30 DEBUG 14376 --- [backend] [http-nio-8081-exec-1] org.hibernate.SQL                        : select s1_0.course_id,s1_0.id,s1_0.title from sections s1_0 where s1_0.course_id=?
2026-03-11T18:31:04.837+05:30 DEBUG 14376 --- [backend] [http-nio-8081-exec-1] org.hibernate.SQL                        : select v1_0.section_id,v1_0.id,v1_0.duration,v1_0.title,v1_0.type,v1_0.url from videos v1_0 where v1_0.section_id=?
2026-03-11T18:31:04.845+05:30 DEBUG 14376 --- [backend] [http-nio-8081-exec-1] org.hibernate.SQL                        : select q1_0.section_id,q1_0.id,q1_0.description,q1_0.title from quizzes q1_0 where q1_0.section_id in (select s1_0.id from sections s1_0 where s1_0.course_id=?)
2026-03-11T18:31:04.848+05:30 DEBUG 14376 --- [backend] [http-nio-8081-exec-1] org.hibernate.SQL                        : select v1_0.section_id,v1_0.id,v1_0.duration,v1_0.title,v1_0.type,v1_0.url from videos v1_0 where v1_0.section_id=?
2026-03-11T18:31:04.865+05:30 DEBUG 14376 --- [backend] [http-nio-8081-exec-1] org.hibernate.SQL                        : select q1_0.quiz_id,q1_0.id,q1_0.correct_option_index,q1_0.question_text from questions q1_0 where q1_0.quiz_id=?
2026-03-11T18:31:04.865+05:30 DEBUG 14376 --- [backend] [http-nio-8081-exec-1] org.hibernate.SQL                        : select o1_0.question_id,o1_0.option_text from question_options o1_0 where o1_0.question_id=?
2026-03-11T18:31:04.874+05:30 DEBUG 14376 --- [backend] [http-nio-8081-exec-1] org.hibernate.SQL                        : select o1_0.question_id,o1_0.option_text from question_options o1_0 where o1_0.question_id=?
2026-03-11T18:31:04.877+05:30 DEBUG 14376 --- [backend] [http-nio-8081-exec-1] org.hibernate.SQL                        : select v1_0.section_id,v1_0.id,v1_0.duration,v1_0.title,v1_0.type,v1_0.url from videos v1_0 where v1_0.section_id=?
2026-03-11T18:31:04.883+05:30 DEBUG 14376 --- [backend] [http-nio-8081-exec-1] org.hibernate.SQL                        : select v1_0.section_id,v1_0.id,v1_0.duration,v1_0.title,v1_0.type,v1_0.url from videos v1_0 where v1_0.section_id=?
2026-03-11T18:31:04.887+05:30 DEBUG 14376 --- [backend] [http-nio-8081-exec-1] org.hibernate.SQL                        : select s1_0.course_id,s1_0.id,s1_0.title from sections s1_0 where s1_0.course_id=?
2026-03-11T18:31:04.891+05:30 DEBUG 14376 --- [backend] [http-nio-8081-exec-1] org.hibernate.SQL                        : select s1_0.course_id,s1_0.id,s1_0.title from sections s1_0 where s1_0.course_id=?
2026-03-11T18:31:04.894+05:30 DEBUG 14376 --- [backend] [http-nio-8081-exec-1] org.hibernate.SQL                        : select s1_0.course_id,s1_0.id,s1_0.title from sections s1_0 where s1_0.course_id=?
2026-03-11T18:31:04.900+05:30 DEBUG 14376 --- [backend] [http-nio-8081-exec-1] org.hibernate.SQL                        : select s1_0.course_id,s1_0.id,s1_0.title from sections s1_0 where s1_0.course_id=?
2026-03-11T18:31:04.903+05:30 DEBUG 14376 --- [backend] [http-nio-8081-exec-1] org.hibernate.SQL                        : select s1_0.course_id,s1_0.id,s1_0.title from sections s1_0 where s1_0.course_id=?
2026-03-11T18:31:04.906+05:30 DEBUG 14376 --- [backend] [http-nio-8081-exec-1] org.hibernate.SQL                        : select s1_0.course_id,s1_0.id,s1_0.title from sections s1_0 where s1_0.course_id=?
2026-03-11T18:31:04.906+05:30 DEBUG 14376 --- [backend] [http-nio-8081-exec-1] org.hibernate.SQL                        : select v1_0.section_id,v1_0.id,v1_0.duration,v1_0.title,v1_0.type,v1_0.url from videos v1_0 where v1_0.section_id=?
2026-03-11T18:31:04.914+05:30 DEBUG 14376 --- [backend] [http-nio-8081-exec-1] org.hibernate.SQL                        : select q1_0.section_id,q1_0.id,q1_0.description,q1_0.title from quizzes q1_0 where q1_0.section_id=?
2026-03-11T18:31:04.917+05:30 DEBUG 14376 --- [backend] [http-nio-8081-exec-1] org.hibernate.SQL                        : select s1_0.course_id,s1_0.id,s1_0.title from sections s1_0 where s1_0.course_id=?
2026-03-11T18:31:04.922+05:30 DEBUG 14376 --- [backend] [http-nio-8081-exec-1] org.hibernate.SQL                        : select s1_0.course_id,s1_0.id,s1_0.title from sections s1_0 where s1_0.course_id=?
2026-03-11T18:31:04.924+05:30 DEBUG 14376 --- [backend] [http-nio-8081-exec-1] org.hibernate.SQL                        : select s1_0.course_id,s1_0.id,s1_0.title from sections s1_0 where s1_0.course_id=?
2026-03-11T18:31:04.950+05:30 DEBUG 14376 --- [backend] [http-nio-8081-exec-7] org.hibernate.SQL                        : select c1_0.id,c1_0.bg_color,c1_0.border_color,c1_0.color,c1_0.description,c1_0.discount,c1_0.domain,c1_0.duration,c1_0.gradient,c1_0.icon_name,c1_0.level,c1_0.live_link,c1_0.name,c1_0.shadow,c1_0.slug,c1_0.total_fee from courses c1_0
2026-03-11T18:31:04.964+05:30 DEBUG 14376 --- [backend] [http-nio-8081-exec-7] org.hibernate.SQL                        : select s1_0.course_id,s1_0.id,s1_0.title from sections s1_0 where s1_0.course_id=?
2026-03-11T18:31:04.970+05:30 DEBUG 14376 --- [backend] [http-nio-8081-exec-7] org.hibernate.SQL                        : select v1_0.section_id,v1_0.id,v1_0.duration,v1_0.title,v1_0.type,v1_0.url from videos v1_0 where v1_0.section_id=?
2026-03-11T18:31:04.973+05:30 DEBUG 14376 --- [backend] [http-nio-8081-exec-7] org.hibernate.SQL                        : select q1_0.section_id,q1_0.id,q1_0.description,q1_0.title from quizzes q1_0 where q1_0.section_id in (select s1_0.id from sections s1_0 where s1_0.course_id=?)
2026-03-11T18:31:04.980+05:30 DEBUG 14376 --- [backend] [http-nio-8081-exec-7] org.hibernate.SQL                        : select v1_0.section_id,v1_0.id,v1_0.duration,v1_0.title,v1_0.type,v1_0.url from videos v1_0 where v1_0.section_id=?
2026-03-11T18:31:04.983+05:30 DEBUG 14376 --- [backend] [http-nio-8081-exec-7] org.hibernate.SQL                        : select q1_0.quiz_id,q1_0.id,q1_0.correct_option_index,q1_0.question_text from questions q1_0 where q1_0.quiz_id=?
2026-03-11T18:31:04.989+05:30 DEBUG 14376 --- [backend] [http-nio-8081-exec-7] org.hibernate.SQL                        : select o1_0.question_id,o1_0.option_text from question_options o1_0 where o1_0.question_id=?
2026-03-11T18:31:04.989+05:30 DEBUG 14376 --- [backend] [http-nio-8081-exec-7] org.hibernate.SQL                        : select o1_0.question_id,o1_0.option_text from question_options o1_0 where o1_0.question_id=?
2026-03-11T18:31:04.997+05:30 DEBUG 14376 --- [backend] [http-nio-8081-exec-7] org.hibernate.SQL                        : select v1_0.section_id,v1_0.id,v1_0.duration,v1_0.title,v1_0.type,v1_0.url from videos v1_0 where v1_0.section_id=?
2026-03-11T18:31:04.997+05:30 DEBUG 14376 --- [backend] [http-nio-8081-exec-7] org.hibernate.SQL                        : select v1_0.section_id,v1_0.id,v1_0.duration,v1_0.title,v1_0.type,v1_0.url from videos v1_0 where v1_0.section_id=?
2026-03-11T18:31:05.004+05:30 DEBUG 14376 --- [backend] [http-nio-8081-exec-7] org.hibernate.SQL                        : select s1_0.course_id,s1_0.id,s1_0.title from sections s1_0 where s1_0.course_id=?
2026-03-11T18:31:05.028+05:30 DEBUG 14376 --- [backend] [http-nio-8081-exec-7] org.hibernate.SQL                        : select s1_0.course_id,s1_0.id,s1_0.title from sections s1_0 where s1_0.course_id=?
2026-03-11T18:31:05.033+05:30 DEBUG 14376 --- [backend] [http-nio-8081-exec-7] org.hibernate.SQL                        : select s1_0.course_id,s1_0.id,s1_0.title from sections s1_0 where s1_0.course_id=?
2026-03-11T18:31:05.036+05:30 DEBUG 14376 --- [backend] [http-nio-8081-exec-7] org.hibernate.SQL                        : select s1_0.course_id,s1_0.id,s1_0.title from sections s1_0 where s1_0.course_id=?
2026-03-11T18:31:05.038+05:30 DEBUG 14376 --- [backend] [http-nio-8081-exec-7] org.hibernate.SQL                        : select s1_0.course_id,s1_0.id,s1_0.title from sections s1_0 where s1_0.course_id=?
2026-03-11T18:31:05.047+05:30 DEBUG 14376 --- [backend] [http-nio-8081-exec-7] org.hibernate.SQL                        : select s1_0.course_id,s1_0.id,s1_0.title from sections s1_0 where s1_0.course_id=?
2026-03-11T18:31:05.054+05:30 DEBUG 14376 --- [backend] [http-nio-8081-exec-7] org.hibernate.SQL                        : select v1_0.section_id,v1_0.id,v1_0.duration,v1_0.title,v1_0.type,v1_0.url from videos v1_0 where v1_0.section_id=?
2026-03-11T18:31:05.055+05:30 DEBUG 14376 --- [backend] [http-nio-8081-exec-7] org.hibernate.SQL                        : select q1_0.section_id,q1_0.id,q1_0.description,q1_0.title from quizzes q1_0 where q1_0.section_id=?
2026-03-11T18:31:05.143+05:30 DEBUG 14376 --- [backend] [http-nio-8081-exec-7] org.hibernate.SQL                        : select s1_0.course_id,s1_0.id,s1_0.title from sections s1_0 where s1_0.course_id=?
2026-03-11T18:31:05.147+05:30 DEBUG 14376 --- [backend] [http-nio-8081-exec-7] org.hibernate.SQL                        : select s1_0.course_id,s1_0.id,s1_0.title from sections s1_0 where s1_0.course_id=?
2026-03-11T18:31:05.155+05:30 DEBUG 14376 --- [backend] [http-nio-8081-exec-7] org.hibernate.SQL                        : select s1_0.course_id,s1_0.id,s1_0.title from sections s1_0 where s1_0.course_id=?
2026-03-11T18:31:05.183+05:30 DEBUG 14376 --- [backend] [http-nio-8081-exec-2] org.hibernate.SQL                        : select c1_0.id,c1_0.bg_color,c1_0.border_color,c1_0.color,c1_0.description,c1_0.discount,c1_0.domain,c1_0.duration,c1_0.gradient,c1_0.icon_name,c1_0.level,c1_0.live_link,c1_0.name,c1_0.shadow,c1_0.slug,c1_0.total_fee from courses c1_0
2026-03-11T18:31:05.196+05:30 DEBUG 14376 --- [backend] [http-nio-8081-exec-2] org.hibernate.SQL                        : select s1_0.course_id,s1_0.id,s1_0.title from sections s1_0 where s1_0.course_id=?
2026-03-11T18:31:05.203+05:30 DEBUG 14376 --- [backend] [http-nio-8081-exec-2] org.hibernate.SQL                        : select v1_0.section_id,v1_0.id,v1_0.duration,v1_0.title,v1_0.type,v1_0.url from videos v1_0 where v1_0.section_id=?
2026-03-11T18:31:05.205+05:30 DEBUG 14376 --- [backend] [http-nio-8081-exec-2] org.hibernate.SQL                        : select q1_0.section_id,q1_0.id,q1_0.description,q1_0.title from quizzes q1_0 where q1_0.section_id in (select s1_0.id from sections s1_0 where s1_0.course_id=?)
2026-03-11T18:31:05.214+05:30 DEBUG 14376 --- [backend] [http-nio-8081-exec-2] org.hibernate.SQL                        : select v1_0.section_id,v1_0.id,v1_0.duration,v1_0.title,v1_0.type,v1_0.url from videos v1_0 where v1_0.section_id=?
2026-03-11T18:31:05.221+05:30 DEBUG 14376 --- [backend] [http-nio-8081-exec-2] org.hibernate.SQL                        : select q1_0.quiz_id,q1_0.id,q1_0.correct_option_index,q1_0.question_text from questions q1_0 where q1_0.quiz_id=?
2026-03-11T18:31:05.224+05:30 DEBUG 14376 --- [backend] [http-nio-8081-exec-2] org.hibernate.SQL                        : select o1_0.question_id,o1_0.option_text from question_options o1_0 where o1_0.question_id=?
2026-03-11T18:31:05.230+05:30 DEBUG 14376 --- [backend] [http-nio-8081-exec-2] org.hibernate.SQL                        : select o1_0.question_id,o1_0.option_text from question_options o1_0 where o1_0.question_id=?
2026-03-11T18:31:05.233+05:30 DEBUG 14376 --- [backend] [http-nio-8081-exec-2] org.hibernate.SQL                        : select v1_0.section_id,v1_0.id,v1_0.duration,v1_0.title,v1_0.type,v1_0.url from videos v1_0 where v1_0.section_id=?
2026-03-11T18:31:05.233+05:30 DEBUG 14376 --- [backend] [http-nio-8081-exec-2] org.hibernate.SQL                        : select v1_0.section_id,v1_0.id,v1_0.duration,v1_0.title,v1_0.type,v1_0.url from videos v1_0 where v1_0.section_id=?
2026-03-11T18:31:05.239+05:30 DEBUG 14376 --- [backend] [http-nio-8081-exec-2] org.hibernate.SQL                        : select s1_0.course_id,s1_0.id,s1_0.title from sections s1_0 where s1_0.course_id=?
2026-03-11T18:31:05.243+05:30 DEBUG 14376 --- [backend] [http-nio-8081-exec-2] org.hibernate.SQL                        : select s1_0.course_id,s1_0.id,s1_0.title from sections s1_0 where s1_0.course_id=?
2026-03-11T18:31:05.247+05:30 DEBUG 14376 --- [backend] [http-nio-8081-exec-2] org.hibernate.SQL                        : select s1_0.course_id,s1_0.id,s1_0.title from sections s1_0 where s1_0.course_id=?
2026-03-11T18:31:05.250+05:30 DEBUG 14376 --- [backend] [http-nio-8081-exec-2] org.hibernate.SQL                        : select s1_0.course_id,s1_0.id,s1_0.title from sections s1_0 where s1_0.course_id=?
2026-03-11T18:31:05.250+05:30 DEBUG 14376 --- [backend] [http-nio-8081-exec-2] org.hibernate.SQL                        : select s1_0.course_id,s1_0.id,s1_0.title from sections s1_0 where s1_0.course_id=?
2026-03-11T18:31:05.255+05:30 DEBUG 14376 --- [backend] [http-nio-8081-exec-2] org.hibernate.SQL                        : select s1_0.course_id,s1_0.id,s1_0.title from sections s1_0 where s1_0.course_id=?
2026-03-11T18:31:05.259+05:30 DEBUG 14376 --- [backend] [http-nio-8081-exec-2] org.hibernate.SQL                        : select v1_0.section_id,v1_0.id,v1_0.duration,v1_0.title,v1_0.type,v1_0.url from videos v1_0 where v1_0.section_id=?
2026-03-11T18:31:05.263+05:30 DEBUG 14376 --- [backend] [http-nio-8081-exec-2] org.hibernate.SQL                        : select q1_0.section_id,q1_0.id,q1_0.description,q1_0.title from quizzes q1_0 where q1_0.section_id=?
2026-03-11T18:31:05.263+05:30 DEBUG 14376 --- [backend] [http-nio-8081-exec-2] org.hibernate.SQL                        : select s1_0.course_id,s1_0.id,s1_0.title from sections s1_0 where s1_0.course_id=?
2026-03-11T18:31:05.271+05:30 DEBUG 14376 --- [backend] [http-nio-8081-exec-2] org.hibernate.SQL                        : select s1_0.course_id,s1_0.id,s1_0.title from sections s1_0 where s1_0.course_id=?
2026-03-11T18:31:05.275+05:30 DEBUG 14376 --- [backend] [http-nio-8081-exec-2] org.hibernate.SQL                        : select s1_0.course_id,s1_0.id,s1_0.title from sections s1_0 where s1_0.course_id=?
2026-03-11T18:31:05.300+05:30 DEBUG 14376 --- [backend] [http-nio-8081-exec-8] org.hibernate.SQL                        : select c1_0.id,c1_0.bg_color,c1_0.border_color,c1_0.color,c1_0.description,c1_0.discount,c1_0.domain,c1_0.duration,c1_0.gradient,c1_0.icon_name,c1_0.level,c1_0.live_link,c1_0.name,c1_0.shadow,c1_0.slug,c1_0.total_fee from courses c1_0
2026-03-11T18:31:05.313+05:30 DEBUG 14376 --- [backend] [http-nio-8081-exec-8] org.hibernate.SQL                        : select s1_0.course_id,s1_0.id,s1_0.title from sections s1_0 where s1_0.course_id=?
2026-03-11T18:31:05.313+05:30 DEBUG 14376 --- [backend] [http-nio-8081-exec-8] org.hibernate.SQL                        : select v1_0.section_id,v1_0.id,v1_0.duration,v1_0.title,v1_0.type,v1_0.url from videos v1_0 where v1_0.section_id=?
2026-03-11T18:31:05.322+05:30 DEBUG 14376 --- [backend] [http-nio-8081-exec-8] org.hibernate.SQL                        : select q1_0.section_id,q1_0.id,q1_0.description,q1_0.title from quizzes q1_0 where q1_0.section_id in (select s1_0.id from sections s1_0 where s1_0.course_id=?)
2026-03-11T18:31:05.323+05:30 DEBUG 14376 --- [backend] [http-nio-8081-exec-8] org.hibernate.SQL                        : select v1_0.section_id,v1_0.id,v1_0.duration,v1_0.title,v1_0.type,v1_0.url from videos v1_0 where v1_0.section_id=?
2026-03-11T18:31:05.336+05:30 DEBUG 14376 --- [backend] [http-nio-8081-exec-8] org.hibernate.SQL                        : select q1_0.quiz_id,q1_0.id,q1_0.correct_option_index,q1_0.question_text from questions q1_0 where q1_0.quiz_id=?
2026-03-11T18:31:05.340+05:30 DEBUG 14376 --- [backend] [http-nio-8081-exec-8] org.hibernate.SQL                        : select o1_0.question_id,o1_0.option_text from question_options o1_0 where o1_0.question_id=?
2026-03-11T18:31:05.349+05:30 DEBUG 14376 --- [backend] [http-nio-8081-exec-8] org.hibernate.SQL                        : select o1_0.question_id,o1_0.option_text from question_options o1_0 where o1_0.question_id=?
2026-03-11T18:31:05.349+05:30 DEBUG 14376 --- [backend] [http-nio-8081-exec-8] org.hibernate.SQL                        : select v1_0.section_id,v1_0.id,v1_0.duration,v1_0.title,v1_0.type,v1_0.url from videos v1_0 where v1_0.section_id=?
2026-03-11T18:31:05.355+05:30 DEBUG 14376 --- [backend] [http-nio-8081-exec-8] org.hibernate.SQL                        : select v1_0.section_id,v1_0.id,v1_0.duration,v1_0.title,v1_0.type,v1_0.url from videos v1_0 where v1_0.section_id=?
2026-03-11T18:31:05.355+05:30 DEBUG 14376 --- [backend] [http-nio-8081-exec-8] org.hibernate.SQL                        : select s1_0.course_id,s1_0.id,s1_0.title from sections s1_0 where s1_0.course_id=?
2026-03-11T18:31:05.361+05:30 DEBUG 14376 --- [backend] [http-nio-8081-exec-8] org.hibernate.SQL                        : select s1_0.course_id,s1_0.id,s1_0.title from sections s1_0 where s1_0.course_id=?
2026-03-11T18:31:05.364+05:30 DEBUG 14376 --- [backend] [http-nio-8081-exec-8] org.hibernate.SQL                        : select s1_0.course_id,s1_0.id,s1_0.title from sections s1_0 where s1_0.course_id=?
2026-03-11T18:31:05.367+05:30 DEBUG 14376 --- [backend] [http-nio-8081-exec-8] org.hibernate.SQL                        : select s1_0.course_id,s1_0.id,s1_0.title from sections s1_0 where s1_0.course_id=?
2026-03-11T18:31:05.367+05:30 DEBUG 14376 --- [backend] [http-nio-8081-exec-8] org.hibernate.SQL                        : select s1_0.course_id,s1_0.id,s1_0.title from sections s1_0 where s1_0.course_id=?
2026-03-11T18:31:05.367+05:30 DEBUG 14376 --- [backend] [http-nio-8081-exec-8] org.hibernate.SQL                        : select s1_0.course_id,s1_0.id,s1_0.title from sections s1_0 where s1_0.course_id=?
2026-03-11T18:31:05.373+05:30 DEBUG 14376 --- [backend] [http-nio-8081-exec-8] org.hibernate.SQL                        : select v1_0.section_id,v1_0.id,v1_0.duration,v1_0.title,v1_0.type,v1_0.url from videos v1_0 where v1_0.section_id=?
2026-03-11T18:31:05.377+05:30 DEBUG 14376 --- [backend] [http-nio-8081-exec-8] org.hibernate.SQL                        : select q1_0.section_id,q1_0.id,q1_0.description,q1_0.title from quizzes q1_0 where q1_0.section_id=?
2026-03-11T18:31:05.380+05:30 DEBUG 14376 --- [backend] [http-nio-8081-exec-8] org.hibernate.SQL                        : select s1_0.course_id,s1_0.id,s1_0.title from sections s1_0 where s1_0.course_id=?
2026-03-11T18:31:05.383+05:30 DEBUG 14376 --- [backend] [http-nio-8081-exec-8] org.hibernate.SQL                        : select s1_0.course_id,s1_0.id,s1_0.title from sections s1_0 where s1_0.course_id=?
2026-03-11T18:31:05.388+05:30 DEBUG 14376 --- [backend] [http-nio-8081-exec-8] org.hibernate.SQL                        : select s1_0.course_id,s1_0.id,s1_0.title from sections s1_0 where s1_0.course_id=?
2026-03-11T18:33:48.656+05:30 DEBUG 14376 --- [backend] [http-nio-8081-exec-2] org.hibernate.SQL                        : select t1_0.id,t1_0.course,t1_0.image,t1_0.message,t1_0.name,t1_0.thumbnail,t1_0.video_url from testimonials t1_0 where t1_0.video_url is not null
2026-03-11T18:33:48.656+05:30 DEBUG 14376 --- [backend] [http-nio-8081-exec-1] org.hibernate.SQL                        : select c1_0.id,c1_0.bg_color,c1_0.border_color,c1_0.color,c1_0.description,c1_0.discount,c1_0.domain,c1_0.duration,c1_0.gradient,c1_0.icon_name,c1_0.level,c1_0.live_link,c1_0.name,c1_0.shadow,c1_0.slug,c1_0.total_fee from courses c1_0
2026-03-11T18:33:48.656+05:30 DEBUG 14376 --- [backend] [http-nio-8081-exec-7] org.hibernate.SQL                        : select h1_0.id,h1_0.date,h1_0.description,h1_0.entry_fee,h1_0.mode,h1_0.prize_pool,h1_0.status,h1_0.time,h1_0.title from hackathons h1_0
2026-03-11T18:33:48.664+05:30 DEBUG 14376 --- [backend] [http-nio-8081-exec-7] org.hibernate.SQL                        : select rui1_0.hackathon_id,rui1_0.registered_user_ids from hackathon_registered_user_ids rui1_0 where rui1_0.hackathon_id=?
2026-03-11T18:33:48.664+05:30 DEBUG 14376 --- [backend] [http-nio-8081-exec-1] org.hibernate.SQL                        : select s1_0.course_id,s1_0.id,s1_0.title from sections s1_0 where s1_0.course_id=?
2026-03-11T18:33:48.665+05:30 DEBUG 14376 --- [backend] [http-nio-8081-exec-8] org.hibernate.SQL                        : select t1_0.id,t1_0.course,t1_0.image,t1_0.message,t1_0.name,t1_0.thumbnail,t1_0.video_url from testimonials t1_0 where t1_0.video_url is null
2026-03-11T18:33:48.666+05:30 DEBUG 14376 --- [backend] [http-nio-8081-exec-1] org.hibernate.SQL                        : select v1_0.section_id,v1_0.id,v1_0.duration,v1_0.title,v1_0.type,v1_0.url from videos v1_0 where v1_0.section_id=?
2026-03-11T18:33:48.668+05:30 DEBUG 14376 --- [backend] [http-nio-8081-exec-1] org.hibernate.SQL                        : select q1_0.section_id,q1_0.id,q1_0.description,q1_0.title from quizzes q1_0 where q1_0.section_id in (select s1_0.id from sections s1_0 where s1_0.course_id=?)
2026-03-11T18:33:48.668+05:30 DEBUG 14376 --- [backend] [http-nio-8081-exec-7] org.hibernate.SQL                        : select rui1_0.hackathon_id,rui1_0.registered_user_ids from hackathon_registered_user_ids rui1_0 where rui1_0.hackathon_id=?
2026-03-11T18:33:48.669+05:30 DEBUG 14376 --- [backend] [http-nio-8081-exec-7] org.hibernate.SQL                        : select rui1_0.hackathon_id,rui1_0.registered_user_ids from hackathon_registered_user_ids rui1_0 where rui1_0.hackathon_id=?
2026-03-11T18:33:48.671+05:30 DEBUG 14376 --- [backend] [http-nio-8081-exec-7] org.hibernate.SQL                        : select rui1_0.hackathon_id,rui1_0.registered_user_ids from hackathon_registered_user_ids rui1_0 where rui1_0.hackathon_id=?
2026-03-11T18:33:48.671+05:30 DEBUG 14376 --- [backend] [http-nio-8081-exec-1] org.hibernate.SQL                        : select v1_0.section_id,v1_0.id,v1_0.duration,v1_0.title,v1_0.type,v1_0.url from videos v1_0 where v1_0.section_id=?
2026-03-11T18:33:48.673+05:30 DEBUG 14376 --- [backend] [http-nio-8081-exec-3] org.hibernate.SQL                        : select t1_0.id,t1_0.course,t1_0.image,t1_0.message,t1_0.name,t1_0.thumbnail,t1_0.video_url from testimonials t1_0 where t1_0.video_url is not null
2026-03-11T18:33:48.673+05:30 DEBUG 14376 --- [backend] [http-nio-8081-exec-1] org.hibernate.SQL                        : select q1_0.quiz_id,q1_0.id,q1_0.correct_option_index,q1_0.question_text from questions q1_0 where q1_0.quiz_id=?
2026-03-11T18:33:48.673+05:30 DEBUG 14376 --- [backend] [http-nio-8081-exec-7] org.hibernate.SQL                        : select rui1_0.hackathon_id,rui1_0.registered_user_ids from hackathon_registered_user_ids rui1_0 where rui1_0.hackathon_id=?
2026-03-11T18:33:48.677+05:30 DEBUG 14376 --- [backend] [http-nio-8081-exec-7] org.hibernate.SQL                        : select rui1_0.hackathon_id,rui1_0.registered_user_ids from hackathon_registered_user_ids rui1_0 where rui1_0.hackathon_id=?
2026-03-11T18:33:48.677+05:30 DEBUG 14376 --- [backend] [http-nio-8081-exec-1] org.hibernate.SQL                        : select o1_0.question_id,o1_0.option_text from question_options o1_0 where o1_0.question_id=?
2026-03-11T18:33:48.679+05:30 DEBUG 14376 --- [backend] [http-nio-8081-exec-1] org.hibernate.SQL                        : select o1_0.question_id,o1_0.option_text from question_options o1_0 where o1_0.question_id=?
2026-03-11T18:33:48.679+05:30 DEBUG 14376 --- [backend] [http-nio-8081-exec-8] org.hibernate.SQL                        : select t1_0.id,t1_0.course,t1_0.image,t1_0.message,t1_0.name,t1_0.thumbnail,t1_0.video_url from testimonials t1_0 where t1_0.video_url is null
2026-03-11T18:33:48.680+05:30 DEBUG 14376 --- [backend] [http-nio-8081-exec-1] org.hibernate.SQL                        : select v1_0.section_id,v1_0.id,v1_0.duration,v1_0.title,v1_0.type,v1_0.url from videos v1_0 where v1_0.section_id=?
2026-03-11T18:33:48.682+05:30 DEBUG 14376 --- [backend] [http-nio-8081-exec-1] org.hibernate.SQL                        : select v1_0.section_id,v1_0.id,v1_0.duration,v1_0.title,v1_0.type,v1_0.url from videos v1_0 where v1_0.section_id=?
2026-03-11T18:33:48.683+05:30 DEBUG 14376 --- [backend] [http-nio-8081-exec-1] org.hibernate.SQL                        : select s1_0.course_id,s1_0.id,s1_0.title from sections s1_0 where s1_0.course_id=?
2026-03-11T18:33:48.685+05:30 DEBUG 14376 --- [backend] [http-nio-8081-exec-1] org.hibernate.SQL                        : select s1_0.course_id,s1_0.id,s1_0.title from sections s1_0 where s1_0.course_id=?
2026-03-11T18:33:48.686+05:30 DEBUG 14376 --- [backend] [http-nio-8081-exec-3] org.hibernate.SQL                        : select h1_0.id,h1_0.date,h1_0.description,h1_0.entry_fee,h1_0.mode,h1_0.prize_pool,h1_0.status,h1_0.time,h1_0.title from hackathons h1_0
2026-03-11T18:33:48.686+05:30 DEBUG 14376 --- [backend] [http-nio-8081-exec-1] org.hibernate.SQL                        : select s1_0.course_id,s1_0.id,s1_0.title from sections s1_0 where s1_0.course_id=?
2026-03-11T18:33:48.687+05:30 DEBUG 14376 --- [backend] [http-nio-8081-exec-1] org.hibernate.SQL                        : select s1_0.course_id,s1_0.id,s1_0.title from sections s1_0 where s1_0.course_id=?
2026-03-11T18:33:48.689+05:30 DEBUG 14376 --- [backend] [http-nio-8081-exec-1] org.hibernate.SQL                        : select s1_0.course_id,s1_0.id,s1_0.title from sections s1_0 where s1_0.course_id=?
2026-03-11T18:33:48.689+05:30 DEBUG 14376 --- [backend] [http-nio-8081-exec-1] org.hibernate.SQL                        : select s1_0.course_id,s1_0.id,s1_0.title from sections s1_0 where s1_0.course_id=?
2026-03-11T18:33:48.689+05:30 DEBUG 14376 --- [backend] [http-nio-8081-exec-3] org.hibernate.SQL                        : select rui1_0.hackathon_id,rui1_0.registered_user_ids from hackathon_registered_user_ids rui1_0 where rui1_0.hackathon_id=?
2026-03-11T18:33:48.692+05:30 DEBUG 14376 --- [backend] [http-nio-8081-exec-1] org.hibernate.SQL                        : select v1_0.section_id,v1_0.id,v1_0.duration,v1_0.title,v1_0.type,v1_0.url from videos v1_0 where v1_0.section_id=?
2026-03-11T18:33:48.693+05:30 DEBUG 14376 --- [backend] [http-nio-8081-exec-3] org.hibernate.SQL                        : select rui1_0.hackathon_id,rui1_0.registered_user_ids from hackathon_registered_user_ids rui1_0 where rui1_0.hackathon_id=?
2026-03-11T18:33:48.695+05:30 DEBUG 14376 --- [backend] [http-nio-8081-exec-1] org.hibernate.SQL                        : select q1_0.section_id,q1_0.id,q1_0.description,q1_0.title from quizzes q1_0 where q1_0.section_id=?
2026-03-11T18:33:48.695+05:30 DEBUG 14376 --- [backend] [http-nio-8081-exec-3] org.hibernate.SQL                        : select rui1_0.hackathon_id,rui1_0.registered_user_ids from hackathon_registered_user_ids rui1_0 where rui1_0.hackathon_id=?
2026-03-11T18:33:48.695+05:30 DEBUG 14376 --- [backend] [http-nio-8081-exec-1] org.hibernate.SQL                        : select s1_0.course_id,s1_0.id,s1_0.title from sections s1_0 where s1_0.course_id=?
2026-03-11T18:33:48.696+05:30 DEBUG 14376 --- [backend] [http-nio-8081-exec-1] org.hibernate.SQL                        : select s1_0.course_id,s1_0.id,s1_0.title from sections s1_0 where s1_0.course_id=?
2026-03-11T18:33:48.696+05:30 DEBUG 14376 --- [backend] [http-nio-8081-exec-3] org.hibernate.SQL                        : select rui1_0.hackathon_id,rui1_0.registered_user_ids from hackathon_registered_user_ids rui1_0 where rui1_0.hackathon_id=?
2026-03-11T18:33:48.698+05:30 DEBUG 14376 --- [backend] [http-nio-8081-exec-1] org.hibernate.SQL                        : select s1_0.course_id,s1_0.id,s1_0.title from sections s1_0 where s1_0.course_id=?
2026-03-11T18:33:48.698+05:30 DEBUG 14376 --- [backend] [http-nio-8081-exec-3] org.hibernate.SQL                        : select rui1_0.hackathon_id,rui1_0.registered_user_ids from hackathon_registered_user_ids rui1_0 where rui1_0.hackathon_id=?
2026-03-11T18:33:48.698+05:30 DEBUG 14376 --- [backend] [http-nio-8081-exec-3] org.hibernate.SQL                        : select rui1_0.hackathon_id,rui1_0.registered_user_ids from hackathon_registered_user_ids rui1_0 where rui1_0.hackathon_id=?
2026-03-11T18:33:48.709+05:30 DEBUG 14376 --- [backend] [http-nio-8081-exec-4] org.hibernate.SQL                        : select c1_0.id,c1_0.bg_color,c1_0.border_color,c1_0.color,c1_0.description,c1_0.discount,c1_0.domain,c1_0.duration,c1_0.gradient,c1_0.icon_name,c1_0.level,c1_0.live_link,c1_0.name,c1_0.shadow,c1_0.slug,c1_0.total_fee from courses c1_0
2026-03-11T18:33:48.715+05:30 DEBUG 14376 --- [backend] [http-nio-8081-exec-4] org.hibernate.SQL                        : select s1_0.course_id,s1_0.id,s1_0.title from sections s1_0 where s1_0.course_id=?
2026-03-11T18:33:48.717+05:30 DEBUG 14376 --- [backend] [http-nio-8081-exec-4] org.hibernate.SQL                        : select v1_0.section_id,v1_0.id,v1_0.duration,v1_0.title,v1_0.type,v1_0.url from videos v1_0 where v1_0.section_id=?
2026-03-11T18:33:48.718+05:30 DEBUG 14376 --- [backend] [http-nio-8081-exec-4] org.hibernate.SQL                        : select q1_0.section_id,q1_0.id,q1_0.description,q1_0.title from quizzes q1_0 where q1_0.section_id in (select s1_0.id from sections s1_0 where s1_0.course_id=?)
2026-03-11T18:33:48.721+05:30 DEBUG 14376 --- [backend] [http-nio-8081-exec-4] org.hibernate.SQL                        : select v1_0.section_id,v1_0.id,v1_0.duration,v1_0.title,v1_0.type,v1_0.url from videos v1_0 where v1_0.section_id=?
2026-03-11T18:33:48.750+05:30 DEBUG 14376 --- [backend] [http-nio-8081-exec-4] org.hibernate.SQL                        : select q1_0.quiz_id,q1_0.id,q1_0.correct_option_index,q1_0.question_text from questions q1_0 where q1_0.quiz_id=?
2026-03-11T18:33:48.752+05:30 DEBUG 14376 --- [backend] [http-nio-8081-exec-4] org.hibernate.SQL                        : select o1_0.question_id,o1_0.option_text from question_options o1_0 where o1_0.question_id=?
2026-03-11T18:33:48.760+05:30 DEBUG 14376 --- [backend] [http-nio-8081-exec-4] org.hibernate.SQL                        : select o1_0.question_id,o1_0.option_text from question_options o1_0 where o1_0.question_id=?
2026-03-11T18:33:48.763+05:30 DEBUG 14376 --- [backend] [http-nio-8081-exec-4] org.hibernate.SQL                        : select v1_0.section_id,v1_0.id,v1_0.duration,v1_0.title,v1_0.type,v1_0.url from videos v1_0 where v1_0.section_id=?
2026-03-11T18:33:48.768+05:30 DEBUG 14376 --- [backend] [http-nio-8081-exec-4] org.hibernate.SQL                        : select v1_0.section_id,v1_0.id,v1_0.duration,v1_0.title,v1_0.type,v1_0.url from videos v1_0 where v1_0.section_id=?
2026-03-11T18:33:48.769+05:30 DEBUG 14376 --- [backend] [http-nio-8081-exec-4] org.hibernate.SQL                        : select s1_0.course_id,s1_0.id,s1_0.title from sections s1_0 where s1_0.course_id=?
2026-03-11T18:33:48.772+05:30 DEBUG 14376 --- [backend] [http-nio-8081-exec-4] org.hibernate.SQL                        : select s1_0.course_id,s1_0.id,s1_0.title from sections s1_0 where s1_0.course_id=?
2026-03-11T18:33:48.775+05:30 DEBUG 14376 --- [backend] [http-nio-8081-exec-4] org.hibernate.SQL                        : select s1_0.course_id,s1_0.id,s1_0.title from sections s1_0 where s1_0.course_id=?
2026-03-11T18:33:48.777+05:30 DEBUG 14376 --- [backend] [http-nio-8081-exec-4] org.hibernate.SQL                        : select s1_0.course_id,s1_0.id,s1_0.title from sections s1_0 where s1_0.course_id=?
2026-03-11T18:33:48.779+05:30 DEBUG 14376 --- [backend] [http-nio-8081-exec-4] org.hibernate.SQL                        : select s1_0.course_id,s1_0.id,s1_0.title from sections s1_0 where s1_0.course_id=?
2026-03-11T18:33:48.784+05:30 DEBUG 14376 --- [backend] [http-nio-8081-exec-4] org.hibernate.SQL                        : select s1_0.course_id,s1_0.id,s1_0.title from sections s1_0 where s1_0.course_id=?
2026-03-11T18:33:48.804+05:30 DEBUG 14376 --- [backend] [http-nio-8081-exec-4] org.hibernate.SQL                        : select v1_0.section_id,v1_0.id,v1_0.duration,v1_0.title,v1_0.type,v1_0.url from videos v1_0 where v1_0.section_id=?
2026-03-11T18:33:48.807+05:30 DEBUG 14376 --- [backend] [http-nio-8081-exec-4] org.hibernate.SQL                        : select q1_0.section_id,q1_0.id,q1_0.description,q1_0.title from quizzes q1_0 where q1_0.section_id=?
2026-03-11T18:33:48.809+05:30 DEBUG 14376 --- [backend] [http-nio-8081-exec-4] org.hibernate.SQL                        : select s1_0.course_id,s1_0.id,s1_0.title from sections s1_0 where s1_0.course_id=?
2026-03-11T18:33:48.812+05:30 DEBUG 14376 --- [backend] [http-nio-8081-exec-4] org.hibernate.SQL                        : select s1_0.course_id,s1_0.id,s1_0.title from sections s1_0 where s1_0.course_id=?
2026-03-11T18:33:48.815+05:30 DEBUG 14376 --- [backend] [http-nio-8081-exec-4] org.hibernate.SQL                        : select s1_0.course_id,s1_0.id,s1_0.title from sections s1_0 where s1_0.course_id=?
2026-03-11T18:33:48.859+05:30 DEBUG 14376 --- [backend] [http-nio-8081-exec-9] org.hibernate.SQL                        : select c1_0.id,c1_0.bg_color,c1_0.border_color,c1_0.color,c1_0.description,c1_0.discount,c1_0.domain,c1_0.duration,c1_0.gradient,c1_0.icon_name,c1_0.level,c1_0.live_link,c1_0.name,c1_0.shadow,c1_0.slug,c1_0.total_fee from courses c1_0
2026-03-11T18:33:48.865+05:30 DEBUG 14376 --- [backend] [http-nio-8081-exec-9] org.hibernate.SQL                        : select s1_0.course_id,s1_0.id,s1_0.title from sections s1_0 where s1_0.course_id=?
2026-03-11T18:33:48.869+05:30 DEBUG 14376 --- [backend] [http-nio-8081-exec-9] org.hibernate.SQL                        : select v1_0.section_id,v1_0.id,v1_0.duration,v1_0.title,v1_0.type,v1_0.url from videos v1_0 where v1_0.section_id=?
2026-03-11T18:33:48.877+05:30 DEBUG 14376 --- [backend] [http-nio-8081-exec-9] org.hibernate.SQL                        : select q1_0.section_id,q1_0.id,q1_0.description,q1_0.title from quizzes q1_0 where q1_0.section_id in (select s1_0.id from sections s1_0 where s1_0.course_id=?)
2026-03-11T18:33:48.880+05:30 DEBUG 14376 --- [backend] [http-nio-8081-exec-9] org.hibernate.SQL                        : select v1_0.section_id,v1_0.id,v1_0.duration,v1_0.title,v1_0.type,v1_0.url from videos v1_0 where v1_0.section_id=?
2026-03-11T18:33:48.882+05:30 DEBUG 14376 --- [backend] [http-nio-8081-exec-9] org.hibernate.SQL                        : select q1_0.quiz_id,q1_0.id,q1_0.correct_option_index,q1_0.question_text from questions q1_0 where q1_0.quiz_id=?
2026-03-11T18:33:48.884+05:30 DEBUG 14376 --- [backend] [http-nio-8081-exec-9] org.hibernate.SQL                        : select o1_0.question_id,o1_0.option_text from question_options o1_0 where o1_0.question_id=?
2026-03-11T18:33:48.887+05:30 DEBUG 14376 --- [backend] [http-nio-8081-exec-9] org.hibernate.SQL                        : select o1_0.question_id,o1_0.option_text from question_options o1_0 where o1_0.question_id=?
2026-03-11T18:33:48.889+05:30 DEBUG 14376 --- [backend] [http-nio-8081-exec-9] org.hibernate.SQL                        : select v1_0.section_id,v1_0.id,v1_0.duration,v1_0.title,v1_0.type,v1_0.url from videos v1_0 where v1_0.section_id=?
2026-03-11T18:33:48.889+05:30 DEBUG 14376 --- [backend] [http-nio-8081-exec-9] org.hibernate.SQL                        : select v1_0.section_id,v1_0.id,v1_0.duration,v1_0.title,v1_0.type,v1_0.url from videos v1_0 where v1_0.section_id=?
2026-03-11T18:33:48.894+05:30 DEBUG 14376 --- [backend] [http-nio-8081-exec-9] org.hibernate.SQL                        : select s1_0.course_id,s1_0.id,s1_0.title from sections s1_0 where s1_0.course_id=?
2026-03-11T18:33:48.895+05:30 DEBUG 14376 --- [backend] [http-nio-8081-exec-9] org.hibernate.SQL                        : select s1_0.course_id,s1_0.id,s1_0.title from sections s1_0 where s1_0.course_id=?
2026-03-11T18:33:48.897+05:30 DEBUG 14376 --- [backend] [http-nio-8081-exec-9] org.hibernate.SQL                        : select s1_0.course_id,s1_0.id,s1_0.title from sections s1_0 where s1_0.course_id=?
2026-03-11T18:33:48.899+05:30 DEBUG 14376 --- [backend] [http-nio-8081-exec-9] org.hibernate.SQL                        : select s1_0.course_id,s1_0.id,s1_0.title from sections s1_0 where s1_0.course_id=?
2026-03-11T18:33:48.901+05:30 DEBUG 14376 --- [backend] [http-nio-8081-exec-9] org.hibernate.SQL                        : select s1_0.course_id,s1_0.id,s1_0.title from sections s1_0 where s1_0.course_id=?
2026-03-11T18:33:48.903+05:30 DEBUG 14376 --- [backend] [http-nio-8081-exec-9] org.hibernate.SQL                        : select s1_0.course_id,s1_0.id,s1_0.title from sections s1_0 where s1_0.course_id=?
2026-03-11T18:33:48.904+05:30 DEBUG 14376 --- [backend] [http-nio-8081-exec-9] org.hibernate.SQL                        : select v1_0.section_id,v1_0.id,v1_0.duration,v1_0.title,v1_0.type,v1_0.url from videos v1_0 where v1_0.section_id=?
2026-03-11T18:33:48.906+05:30 DEBUG 14376 --- [backend] [http-nio-8081-exec-9] org.hibernate.SQL                        : select q1_0.section_id,q1_0.id,q1_0.description,q1_0.title from quizzes q1_0 where q1_0.section_id=?
2026-03-11T18:33:48.908+05:30 DEBUG 14376 --- [backend] [http-nio-8081-exec-9] org.hibernate.SQL                        : select s1_0.course_id,s1_0.id,s1_0.title from sections s1_0 where s1_0.course_id=?
2026-03-11T18:33:48.909+05:30 DEBUG 14376 --- [backend] [http-nio-8081-exec-9] org.hibernate.SQL                        : select s1_0.course_id,s1_0.id,s1_0.title from sections s1_0 where s1_0.course_id=?
2026-03-11T18:33:48.912+05:30 DEBUG 14376 --- [backend] [http-nio-8081-exec-9] org.hibernate.SQL                        : select s1_0.course_id,s1_0.id,s1_0.title from sections s1_0 where s1_0.course_id=?
2026-03-11T18:33:48.921+05:30 DEBUG 14376 --- [backend] [http-nio-8081-exec-10] org.hibernate.SQL                        : select c1_0.id,c1_0.bg_color,c1_0.border_color,c1_0.color,c1_0.description,c1_0.discount,c1_0.domain,c1_0.duration,c1_0.gradient,c1_0.icon_name,c1_0.level,c1_0.live_link,c1_0.name,c1_0.shadow,c1_0.slug,c1_0.total_fee from courses c1_0
2026-03-11T18:33:48.927+05:30 DEBUG 14376 --- [backend] [http-nio-8081-exec-10] org.hibernate.SQL                        : select s1_0.course_id,s1_0.id,s1_0.title from sections s1_0 where s1_0.course_id=?
2026-03-11T18:33:48.929+05:30 DEBUG 14376 --- [backend] [http-nio-8081-exec-10] org.hibernate.SQL                        : select v1_0.section_id,v1_0.id,v1_0.duration,v1_0.title,v1_0.type,v1_0.url from videos v1_0 where v1_0.section_id=?
2026-03-11T18:33:48.933+05:30 DEBUG 14376 --- [backend] [http-nio-8081-exec-10] org.hibernate.SQL                        : select q1_0.section_id,q1_0.id,q1_0.description,q1_0.title from quizzes q1_0 where q1_0.section_id in (select s1_0.id from sections s1_0 where s1_0.course_id=?)
2026-03-11T18:33:48.935+05:30 DEBUG 14376 --- [backend] [http-nio-8081-exec-10] org.hibernate.SQL                        : select v1_0.section_id,v1_0.id,v1_0.duration,v1_0.title,v1_0.type,v1_0.url from videos v1_0 where v1_0.section_id=?
2026-03-11T18:33:48.937+05:30 DEBUG 14376 --- [backend] [http-nio-8081-exec-10] org.hibernate.SQL                        : select q1_0.quiz_id,q1_0.id,q1_0.correct_option_index,q1_0.question_text from questions q1_0 where q1_0.quiz_id=?
2026-03-11T18:33:48.940+05:30 DEBUG 14376 --- [backend] [http-nio-8081-exec-10] org.hibernate.SQL                        : select o1_0.question_id,o1_0.option_text from question_options o1_0 where o1_0.question_id=?
2026-03-11T18:33:48.942+05:30 DEBUG 14376 --- [backend] [http-nio-8081-exec-10] org.hibernate.SQL                        : select o1_0.question_id,o1_0.option_text from question_options o1_0 where o1_0.question_id=?
2026-03-11T18:33:48.947+05:30 DEBUG 14376 --- [backend] [http-nio-8081-exec-10] org.hibernate.SQL                        : select v1_0.section_id,v1_0.id,v1_0.duration,v1_0.title,v1_0.type,v1_0.url from videos v1_0 where v1_0.section_id=?
2026-03-11T18:33:48.949+05:30 DEBUG 14376 --- [backend] [http-nio-8081-exec-10] org.hibernate.SQL                        : select v1_0.section_id,v1_0.id,v1_0.duration,v1_0.title,v1_0.type,v1_0.url from videos v1_0 where v1_0.section_id=?
2026-03-11T18:33:48.951+05:30 DEBUG 14376 --- [backend] [http-nio-8081-exec-10] org.hibernate.SQL                        : select s1_0.course_id,s1_0.id,s1_0.title from sections s1_0 where s1_0.course_id=?
2026-03-11T18:33:48.953+05:30 DEBUG 14376 --- [backend] [http-nio-8081-exec-10] org.hibernate.SQL                        : select s1_0.course_id,s1_0.id,s1_0.title from sections s1_0 where s1_0.course_id=?
2026-03-11T18:33:48.955+05:30 DEBUG 14376 --- [backend] [http-nio-8081-exec-10] org.hibernate.SQL                        : select s1_0.course_id,s1_0.id,s1_0.title from sections s1_0 where s1_0.course_id=?
2026-03-11T18:33:48.957+05:30 DEBUG 14376 --- [backend] [http-nio-8081-exec-10] org.hibernate.SQL                        : select s1_0.course_id,s1_0.id,s1_0.title from sections s1_0 where s1_0.course_id=?
2026-03-11T18:33:48.959+05:30 DEBUG 14376 --- [backend] [http-nio-8081-exec-10] org.hibernate.SQL                        : select s1_0.course_id,s1_0.id,s1_0.title from sections s1_0 where s1_0.course_id=?
2026-03-11T18:33:48.961+05:30 DEBUG 14376 --- [backend] [http-nio-8081-exec-10] org.hibernate.SQL                        : select s1_0.course_id,s1_0.id,s1_0.title from sections s1_0 where s1_0.course_id=?
2026-03-11T18:33:48.964+05:30 DEBUG 14376 --- [backend] [http-nio-8081-exec-10] org.hibernate.SQL                        : select v1_0.section_id,v1_0.id,v1_0.duration,v1_0.title,v1_0.type,v1_0.url from videos v1_0 where v1_0.section_id=?
2026-03-11T18:33:48.967+05:30 DEBUG 14376 --- [backend] [http-nio-8081-exec-10] org.hibernate.SQL                        : select q1_0.section_id,q1_0.id,q1_0.description,q1_0.title from quizzes q1_0 where q1_0.section_id=?
2026-03-11T18:33:48.968+05:30 DEBUG 14376 --- [backend] [http-nio-8081-exec-10] org.hibernate.SQL                        : select s1_0.course_id,s1_0.id,s1_0.title from sections s1_0 where s1_0.course_id=?
2026-03-11T18:33:48.970+05:30 DEBUG 14376 --- [backend] [http-nio-8081-exec-10] org.hibernate.SQL                        : select s1_0.course_id,s1_0.id,s1_0.title from sections s1_0 where s1_0.course_id=?
2026-03-11T18:33:48.972+05:30 DEBUG 14376 --- [backend] [http-nio-8081-exec-10] org.hibernate.SQL                        : select s1_0.course_id,s1_0.id,s1_0.title from sections s1_0 where s1_0.course_id=?
2026-03-11T18:33:48.981+05:30 DEBUG 14376 --- [backend] [http-nio-8081-exec-5] org.hibernate.SQL                        : select c1_0.id,c1_0.bg_color,c1_0.border_color,c1_0.color,c1_0.description,c1_0.discount,c1_0.domain,c1_0.duration,c1_0.gradient,c1_0.icon_name,c1_0.level,c1_0.live_link,c1_0.name,c1_0.shadow,c1_0.slug,c1_0.total_fee from courses c1_0
2026-03-11T18:33:48.981+05:30 DEBUG 14376 --- [backend] [http-nio-8081-exec-5] org.hibernate.SQL                        : select s1_0.course_id,s1_0.id,s1_0.title from sections s1_0 where s1_0.course_id=?
2026-03-11T18:33:48.990+05:30 DEBUG 14376 --- [backend] [http-nio-8081-exec-5] org.hibernate.SQL                        : select v1_0.section_id,v1_0.id,v1_0.duration,v1_0.title,v1_0.type,v1_0.url from videos v1_0 where v1_0.section_id=?
2026-03-11T18:33:48.995+05:30 DEBUG 14376 --- [backend] [http-nio-8081-exec-5] org.hibernate.SQL                        : select q1_0.section_id,q1_0.id,q1_0.description,q1_0.title from quizzes q1_0 where q1_0.section_id in (select s1_0.id from sections s1_0 where s1_0.course_id=?)
2026-03-11T18:33:48.997+05:30 DEBUG 14376 --- [backend] [http-nio-8081-exec-5] org.hibernate.SQL                        : select v1_0.section_id,v1_0.id,v1_0.duration,v1_0.title,v1_0.type,v1_0.url from videos v1_0 where v1_0.section_id=?
2026-03-11T18:33:48.997+05:30 DEBUG 14376 --- [backend] [http-nio-8081-exec-5] org.hibernate.SQL                        : select q1_0.quiz_id,q1_0.id,q1_0.correct_option_index,q1_0.question_text from questions q1_0 where q1_0.quiz_id=?
2026-03-11T18:33:49.001+05:30 DEBUG 14376 --- [backend] [http-nio-8081-exec-5] org.hibernate.SQL                        : select o1_0.question_id,o1_0.option_text from question_options o1_0 where o1_0.question_id=?
2026-03-11T18:33:49.001+05:30 DEBUG 14376 --- [backend] [http-nio-8081-exec-5] org.hibernate.SQL                        : select o1_0.question_id,o1_0.option_text from question_options o1_0 where o1_0.question_id=?
2026-03-11T18:33:49.007+05:30 DEBUG 14376 --- [backend] [http-nio-8081-exec-5] org.hibernate.SQL                        : select v1_0.section_id,v1_0.id,v1_0.duration,v1_0.title,v1_0.type,v1_0.url from videos v1_0 where v1_0.section_id=?
2026-03-11T18:33:49.013+05:30 DEBUG 14376 --- [backend] [http-nio-8081-exec-5] org.hibernate.SQL                        : select v1_0.section_id,v1_0.id,v1_0.duration,v1_0.title,v1_0.type,v1_0.url from videos v1_0 where v1_0.section_id=?
2026-03-11T18:33:49.018+05:30 DEBUG 14376 --- [backend] [http-nio-8081-exec-5] org.hibernate.SQL                        : select s1_0.course_id,s1_0.id,s1_0.title from sections s1_0 where s1_0.course_id=?
2026-03-11T18:33:49.027+05:30 DEBUG 14376 --- [backend] [http-nio-8081-exec-5] org.hibernate.SQL                        : select s1_0.course_id,s1_0.id,s1_0.title from sections s1_0 where s1_0.course_id=?
2026-03-11T18:33:49.030+05:30 DEBUG 14376 --- [backend] [http-nio-8081-exec-5] org.hibernate.SQL                        : select s1_0.course_id,s1_0.id,s1_0.title from sections s1_0 where s1_0.course_id=?
2026-03-11T18:33:49.041+05:30 DEBUG 14376 --- [backend] [http-nio-8081-exec-5] org.hibernate.SQL                        : select s1_0.course_id,s1_0.id,s1_0.title from sections s1_0 where s1_0.course_id=?
2026-03-11T18:33:49.045+05:30 DEBUG 14376 --- [backend] [http-nio-8081-exec-5] org.hibernate.SQL                        : select s1_0.course_id,s1_0.id,s1_0.title from sections s1_0 where s1_0.course_id=?
2026-03-11T18:33:49.047+05:30 DEBUG 14376 --- [backend] [http-nio-8081-exec-5] org.hibernate.SQL                        : select s1_0.course_id,s1_0.id,s1_0.title from sections s1_0 where s1_0.course_id=?
2026-03-11T18:33:49.049+05:30 DEBUG 14376 --- [backend] [http-nio-8081-exec-5] org.hibernate.SQL                        : select v1_0.section_id,v1_0.id,v1_0.duration,v1_0.title,v1_0.type,v1_0.url from videos v1_0 where v1_0.section_id=?
2026-03-11T18:33:49.054+05:30 DEBUG 14376 --- [backend] [http-nio-8081-exec-5] org.hibernate.SQL                        : select q1_0.section_id,q1_0.id,q1_0.description,q1_0.title from quizzes q1_0 where q1_0.section_id=?
2026-03-11T18:33:49.054+05:30 DEBUG 14376 --- [backend] [http-nio-8081-exec-5] org.hibernate.SQL                        : select s1_0.course_id,s1_0.id,s1_0.title from sections s1_0 where s1_0.course_id=?
2026-03-11T18:33:49.057+05:30 DEBUG 14376 --- [backend] [http-nio-8081-exec-5] org.hibernate.SQL                        : select s1_0.course_id,s1_0.id,s1_0.title from sections s1_0 where s1_0.course_id=?
2026-03-11T18:33:49.060+05:30 DEBUG 14376 --- [backend] [http-nio-8081-exec-5] org.hibernate.SQL                        : select s1_0.course_id,s1_0.id,s1_0.title from sections s1_0 where s1_0.course_id=?
2026-03-11T18:33:49.077+05:30 DEBUG 14376 --- [backend] [http-nio-8081-exec-2] org.hibernate.SQL                        : select c1_0.id,c1_0.bg_color,c1_0.border_color,c1_0.color,c1_0.description,c1_0.discount,c1_0.domain,c1_0.duration,c1_0.gradient,c1_0.icon_name,c1_0.level,c1_0.live_link,c1_0.name,c1_0.shadow,c1_0.slug,c1_0.total_fee from courses c1_0
2026-03-11T18:33:49.082+05:30 DEBUG 14376 --- [backend] [http-nio-8081-exec-2] org.hibernate.SQL                        : select s1_0.course_id,s1_0.id,s1_0.title from sections s1_0 where s1_0.course_id=?
2026-03-11T18:33:49.097+05:30 DEBUG 14376 --- [backend] [http-nio-8081-exec-2] org.hibernate.SQL                        : select v1_0.section_id,v1_0.id,v1_0.duration,v1_0.title,v1_0.type,v1_0.url from videos v1_0 where v1_0.section_id=?
2026-03-11T18:33:49.109+05:30 DEBUG 14376 --- [backend] [http-nio-8081-exec-2] org.hibernate.SQL                        : select q1_0.section_id,q1_0.id,q1_0.description,q1_0.title from quizzes q1_0 where q1_0.section_id in (select s1_0.id from sections s1_0 where s1_0.course_id=?)
2026-03-11T18:33:49.139+05:30 DEBUG 14376 --- [backend] [http-nio-8081-exec-2] org.hibernate.SQL                        : select v1_0.section_id,v1_0.id,v1_0.duration,v1_0.title,v1_0.type,v1_0.url from videos v1_0 where v1_0.section_id=?
2026-03-11T18:33:49.139+05:30 DEBUG 14376 --- [backend] [http-nio-8081-exec-2] org.hibernate.SQL                        : select q1_0.quiz_id,q1_0.id,q1_0.correct_option_index,q1_0.question_text from questions q1_0 where q1_0.quiz_id=?
2026-03-11T18:33:49.139+05:30 DEBUG 14376 --- [backend] [http-nio-8081-exec-2] org.hibernate.SQL                        : select o1_0.question_id,o1_0.option_text from question_options o1_0 where o1_0.question_id=?
2026-03-11T18:33:49.152+05:30 DEBUG 14376 --- [backend] [http-nio-8081-exec-2] org.hibernate.SQL                        : select o1_0.question_id,o1_0.option_text from question_options o1_0 where o1_0.question_id=?
2026-03-11T18:33:49.156+05:30 DEBUG 14376 --- [backend] [http-nio-8081-exec-2] org.hibernate.SQL                        : select v1_0.section_id,v1_0.id,v1_0.duration,v1_0.title,v1_0.type,v1_0.url from videos v1_0 where v1_0.section_id=?
2026-03-11T18:33:49.159+05:30 DEBUG 14376 --- [backend] [http-nio-8081-exec-2] org.hibernate.SQL                        : select v1_0.section_id,v1_0.id,v1_0.duration,v1_0.title,v1_0.type,v1_0.url from videos v1_0 where v1_0.section_id=?
2026-03-11T18:33:49.161+05:30 DEBUG 14376 --- [backend] [http-nio-8081-exec-2] org.hibernate.SQL                        : select s1_0.course_id,s1_0.id,s1_0.title from sections s1_0 where s1_0.course_id=?
2026-03-11T18:33:49.161+05:30 DEBUG 14376 --- [backend] [http-nio-8081-exec-2] org.hibernate.SQL                        : select s1_0.course_id,s1_0.id,s1_0.title from sections s1_0 where s1_0.course_id=?
2026-03-11T18:33:49.165+05:30 DEBUG 14376 --- [backend] [http-nio-8081-exec-2] org.hibernate.SQL                        : select s1_0.course_id,s1_0.id,s1_0.title from sections s1_0 where s1_0.course_id=?
2026-03-11T18:33:49.167+05:30 DEBUG 14376 --- [backend] [http-nio-8081-exec-2] org.hibernate.SQL                        : select s1_0.course_id,s1_0.id,s1_0.title from sections s1_0 where s1_0.course_id=?
2026-03-11T18:33:49.170+05:30 DEBUG 14376 --- [backend] [http-nio-8081-exec-2] org.hibernate.SQL                        : select s1_0.course_id,s1_0.id,s1_0.title from sections s1_0 where s1_0.course_id=?
2026-03-11T18:33:49.171+05:30 DEBUG 14376 --- [backend] [http-nio-8081-exec-2] org.hibernate.SQL                        : select s1_0.course_id,s1_0.id,s1_0.title from sections s1_0 where s1_0.course_id=?
2026-03-11T18:33:49.173+05:30 DEBUG 14376 --- [backend] [http-nio-8081-exec-2] org.hibernate.SQL                        : select v1_0.section_id,v1_0.id,v1_0.duration,v1_0.title,v1_0.type,v1_0.url from videos v1_0 where v1_0.section_id=?
2026-03-11T18:33:49.178+05:30 DEBUG 14376 --- [backend] [http-nio-8081-exec-2] org.hibernate.SQL                        : select q1_0.section_id,q1_0.id,q1_0.description,q1_0.title from quizzes q1_0 where q1_0.section_id=?
2026-03-11T18:33:49.184+05:30 DEBUG 14376 --- [backend] [http-nio-8081-exec-2] org.hibernate.SQL                        : select s1_0.course_id,s1_0.id,s1_0.title from sections s1_0 where s1_0.course_id=?
2026-03-11T18:33:49.187+05:30 DEBUG 14376 --- [backend] [http-nio-8081-exec-2] org.hibernate.SQL                        : select s1_0.course_id,s1_0.id,s1_0.title from sections s1_0 where s1_0.course_id=?
2026-03-11T18:33:49.189+05:30 DEBUG 14376 --- [backend] [http-nio-8081-exec-2] org.hibernate.SQL                        : select s1_0.course_id,s1_0.id,s1_0.title from sections s1_0 where s1_0.course_id=?
2026-03-11T18:33:49.205+05:30 DEBUG 14376 --- [backend] [http-nio-8081-exec-7] org.hibernate.SQL                        : select c1_0.id,c1_0.bg_color,c1_0.border_color,c1_0.color,c1_0.description,c1_0.discount,c1_0.domain,c1_0.duration,c1_0.gradient,c1_0.icon_name,c1_0.level,c1_0.live_link,c1_0.name,c1_0.shadow,c1_0.slug,c1_0.total_fee from courses c1_0
2026-03-11T18:33:49.215+05:30 DEBUG 14376 --- [backend] [http-nio-8081-exec-7] org.hibernate.SQL                        : select s1_0.course_id,s1_0.id,s1_0.title from sections s1_0 where s1_0.course_id=?
2026-03-11T18:33:49.220+05:30 DEBUG 14376 --- [backend] [http-nio-8081-exec-7] org.hibernate.SQL                        : select v1_0.section_id,v1_0.id,v1_0.duration,v1_0.title,v1_0.type,v1_0.url from videos v1_0 where v1_0.section_id=?
2026-03-11T18:33:49.223+05:30 DEBUG 14376 --- [backend] [http-nio-8081-exec-7] org.hibernate.SQL                        : select q1_0.section_id,q1_0.id,q1_0.description,q1_0.title from quizzes q1_0 where q1_0.section_id in (select s1_0.id from sections s1_0 where s1_0.course_id=?)
2026-03-11T18:33:49.229+05:30 DEBUG 14376 --- [backend] [http-nio-8081-exec-7] org.hibernate.SQL                        : select v1_0.section_id,v1_0.id,v1_0.duration,v1_0.title,v1_0.type,v1_0.url from videos v1_0 where v1_0.section_id=?
2026-03-11T18:33:49.229+05:30 DEBUG 14376 --- [backend] [http-nio-8081-exec-7] org.hibernate.SQL                        : select q1_0.quiz_id,q1_0.id,q1_0.correct_option_index,q1_0.question_text from questions q1_0 where q1_0.quiz_id=?
2026-03-11T18:33:49.235+05:30 DEBUG 14376 --- [backend] [http-nio-8081-exec-7] org.hibernate.SQL                        : select o1_0.question_id,o1_0.option_text from question_options o1_0 where o1_0.question_id=?
2026-03-11T18:33:49.238+05:30 DEBUG 14376 --- [backend] [http-nio-8081-exec-7] org.hibernate.SQL                        : select o1_0.question_id,o1_0.option_text from question_options o1_0 where o1_0.question_id=?
2026-03-11T18:33:49.240+05:30 DEBUG 14376 --- [backend] [http-nio-8081-exec-7] org.hibernate.SQL                        : select v1_0.section_id,v1_0.id,v1_0.duration,v1_0.title,v1_0.type,v1_0.url from videos v1_0 where v1_0.section_id=?
2026-03-11T18:33:49.242+05:30 DEBUG 14376 --- [backend] [http-nio-8081-exec-7] org.hibernate.SQL                        : select v1_0.section_id,v1_0.id,v1_0.duration,v1_0.title,v1_0.type,v1_0.url from videos v1_0 where v1_0.section_id=?
2026-03-11T18:33:49.242+05:30 DEBUG 14376 --- [backend] [http-nio-8081-exec-7] org.hibernate.SQL                        : select s1_0.course_id,s1_0.id,s1_0.title from sections s1_0 where s1_0.course_id=?
2026-03-11T18:33:49.242+05:30 DEBUG 14376 --- [backend] [http-nio-8081-exec-7] org.hibernate.SQL                        : select s1_0.course_id,s1_0.id,s1_0.title from sections s1_0 where s1_0.course_id=?
2026-03-11T18:33:49.249+05:30 DEBUG 14376 --- [backend] [http-nio-8081-exec-7] org.hibernate.SQL                        : select s1_0.course_id,s1_0.id,s1_0.title from sections s1_0 where s1_0.course_id=?
2026-03-11T18:33:49.251+05:30 DEBUG 14376 --- [backend] [http-nio-8081-exec-7] org.hibernate.SQL                        : select s1_0.course_id,s1_0.id,s1_0.title from sections s1_0 where s1_0.course_id=?
2026-03-11T18:33:49.251+05:30 DEBUG 14376 --- [backend] [http-nio-8081-exec-7] org.hibernate.SQL                        : select s1_0.course_id,s1_0.id,s1_0.title from sections s1_0 where s1_0.course_id=?
2026-03-11T18:33:49.254+05:30 DEBUG 14376 --- [backend] [http-nio-8081-exec-7] org.hibernate.SQL                        : select s1_0.course_id,s1_0.id,s1_0.title from sections s1_0 where s1_0.course_id=?
2026-03-11T18:33:49.259+05:30 DEBUG 14376 --- [backend] [http-nio-8081-exec-7] org.hibernate.SQL                        : select v1_0.section_id,v1_0.id,v1_0.duration,v1_0.title,v1_0.type,v1_0.url from videos v1_0 where v1_0.section_id=?
2026-03-11T18:33:49.261+05:30 DEBUG 14376 --- [backend] [http-nio-8081-exec-7] org.hibernate.SQL                        : select q1_0.section_id,q1_0.id,q1_0.description,q1_0.title from quizzes q1_0 where q1_0.section_id=?
2026-03-11T18:33:49.267+05:30 DEBUG 14376 --- [backend] [http-nio-8081-exec-7] org.hibernate.SQL                        : select s1_0.course_id,s1_0.id,s1_0.title from sections s1_0 where s1_0.course_id=?
2026-03-11T18:33:49.267+05:30 DEBUG 14376 --- [backend] [http-nio-8081-exec-7] org.hibernate.SQL                        : select s1_0.course_id,s1_0.id,s1_0.title from sections s1_0 where s1_0.course_id=?
2026-03-11T18:33:49.267+05:30 DEBUG 14376 --- [backend] [http-nio-8081-exec-7] org.hibernate.SQL                        : select s1_0.course_id,s1_0.id,s1_0.title from sections s1_0 where s1_0.course_id=?
2026-03-11T18:33:49.294+05:30 DEBUG 14376 --- [backend] [http-nio-8081-exec-6] org.hibernate.SQL                        : select c1_0.id,c1_0.bg_color,c1_0.border_color,c1_0.color,c1_0.description,c1_0.discount,c1_0.domain,c1_0.duration,c1_0.gradient,c1_0.icon_name,c1_0.level,c1_0.live_link,c1_0.name,c1_0.shadow,c1_0.slug,c1_0.total_fee from courses c1_0
2026-03-11T18:33:49.303+05:30 DEBUG 14376 --- [backend] [http-nio-8081-exec-6] org.hibernate.SQL                        : select s1_0.course_id,s1_0.id,s1_0.title from sections s1_0 where s1_0.course_id=?
2026-03-11T18:33:49.305+05:30 DEBUG 14376 --- [backend] [http-nio-8081-exec-6] org.hibernate.SQL                        : select v1_0.section_id,v1_0.id,v1_0.duration,v1_0.title,v1_0.type,v1_0.url from videos v1_0 where v1_0.section_id=?
2026-03-11T18:33:49.310+05:30 DEBUG 14376 --- [backend] [http-nio-8081-exec-6] org.hibernate.SQL                        : select q1_0.section_id,q1_0.id,q1_0.description,q1_0.title from quizzes q1_0 where q1_0.section_id in (select s1_0.id from sections s1_0 where s1_0.course_id=?)
2026-03-11T18:33:49.313+05:30 DEBUG 14376 --- [backend] [http-nio-8081-exec-6] org.hibernate.SQL                        : select v1_0.section_id,v1_0.id,v1_0.duration,v1_0.title,v1_0.type,v1_0.url from videos v1_0 where v1_0.section_id=?
2026-03-11T18:33:49.316+05:30 DEBUG 14376 --- [backend] [http-nio-8081-exec-6] org.hibernate.SQL                        : select q1_0.quiz_id,q1_0.id,q1_0.correct_option_index,q1_0.question_text from questions q1_0 where q1_0.quiz_id=?
2026-03-11T18:33:49.318+05:30 DEBUG 14376 --- [backend] [http-nio-8081-exec-6] org.hibernate.SQL                        : select o1_0.question_id,o1_0.option_text from question_options o1_0 where o1_0.question_id=?
2026-03-11T18:33:49.322+05:30 DEBUG 14376 --- [backend] [http-nio-8081-exec-6] org.hibernate.SQL                        : select o1_0.question_id,o1_0.option_text from question_options o1_0 where o1_0.question_id=?
2026-03-11T18:33:49.327+05:30 DEBUG 14376 --- [backend] [http-nio-8081-exec-6] org.hibernate.SQL                        : select v1_0.section_id,v1_0.id,v1_0.duration,v1_0.title,v1_0.type,v1_0.url from videos v1_0 where v1_0.section_id=?
2026-03-11T18:33:49.328+05:30 DEBUG 14376 --- [backend] [http-nio-8081-exec-6] org.hibernate.SQL                        : select v1_0.section_id,v1_0.id,v1_0.duration,v1_0.title,v1_0.type,v1_0.url from videos v1_0 where v1_0.section_id=?
2026-03-11T18:33:49.330+05:30 DEBUG 14376 --- [backend] [http-nio-8081-exec-6] org.hibernate.SQL                        : select s1_0.course_id,s1_0.id,s1_0.title from sections s1_0 where s1_0.course_id=?
2026-03-11T18:33:49.334+05:30 DEBUG 14376 --- [backend] [http-nio-8081-exec-6] org.hibernate.SQL                        : select s1_0.course_id,s1_0.id,s1_0.title from sections s1_0 where s1_0.course_id=?
2026-03-11T18:33:49.337+05:30 DEBUG 14376 --- [backend] [http-nio-8081-exec-6] org.hibernate.SQL                        : select s1_0.course_id,s1_0.id,s1_0.title from sections s1_0 where s1_0.course_id=?
2026-03-11T18:33:49.338+05:30 DEBUG 14376 --- [backend] [http-nio-8081-exec-6] org.hibernate.SQL                        : select s1_0.course_id,s1_0.id,s1_0.title from sections s1_0 where s1_0.course_id=?
2026-03-11T18:33:49.341+05:30 DEBUG 14376 --- [backend] [http-nio-8081-exec-6] org.hibernate.SQL                        : select s1_0.course_id,s1_0.id,s1_0.title from sections s1_0 where s1_0.course_id=?
2026-03-11T18:33:49.343+05:30 DEBUG 14376 --- [backend] [http-nio-8081-exec-6] org.hibernate.SQL                        : select s1_0.course_id,s1_0.id,s1_0.title from sections s1_0 where s1_0.course_id=?
2026-03-11T18:33:49.343+05:30 DEBUG 14376 --- [backend] [http-nio-8081-exec-6] org.hibernate.SQL                        : select v1_0.section_id,v1_0.id,v1_0.duration,v1_0.title,v1_0.type,v1_0.url from videos v1_0 where v1_0.section_id=?
2026-03-11T18:33:49.348+05:30 DEBUG 14376 --- [backend] [http-nio-8081-exec-6] org.hibernate.SQL                        : select q1_0.section_id,q1_0.id,q1_0.description,q1_0.title from quizzes q1_0 where q1_0.section_id=?
2026-03-11T18:33:49.350+05:30 DEBUG 14376 --- [backend] [http-nio-8081-exec-6] org.hibernate.SQL                        : select s1_0.course_id,s1_0.id,s1_0.title from sections s1_0 where s1_0.course_id=?
2026-03-11T18:33:49.354+05:30 DEBUG 14376 --- [backend] [http-nio-8081-exec-6] org.hibernate.SQL                        : select s1_0.course_id,s1_0.id,s1_0.title from sections s1_0 where s1_0.course_id=?
2026-03-11T18:33:49.355+05:30 DEBUG 14376 --- [backend] [http-nio-8081-exec-6] org.hibernate.SQL                        : select s1_0.course_id,s1_0.id,s1_0.title from sections s1_0 where s1_0.course_id=?
2026-03-11T18:33:49.374+05:30 DEBUG 14376 --- [backend] [http-nio-8081-exec-8] org.hibernate.SQL                        : select c1_0.id,c1_0.bg_color,c1_0.border_color,c1_0.color,c1_0.description,c1_0.discount,c1_0.domain,c1_0.duration,c1_0.gradient,c1_0.icon_name,c1_0.level,c1_0.live_link,c1_0.name,c1_0.shadow,c1_0.slug,c1_0.total_fee from courses c1_0
2026-03-11T18:33:49.381+05:30 DEBUG 14376 --- [backend] [http-nio-8081-exec-8] org.hibernate.SQL                        : select s1_0.course_id,s1_0.id,s1_0.title from sections s1_0 where s1_0.course_id=?
2026-03-11T18:33:49.381+05:30 DEBUG 14376 --- [backend] [http-nio-8081-exec-8] org.hibernate.SQL                        : select v1_0.section_id,v1_0.id,v1_0.duration,v1_0.title,v1_0.type,v1_0.url from videos v1_0 where v1_0.section_id=?
2026-03-11T18:33:49.397+05:30 DEBUG 14376 --- [backend] [http-nio-8081-exec-8] org.hibernate.SQL                        : select q1_0.section_id,q1_0.id,q1_0.description,q1_0.title from quizzes q1_0 where q1_0.section_id in (select s1_0.id from sections s1_0 where s1_0.course_id=?)
2026-03-11T18:33:49.402+05:30 DEBUG 14376 --- [backend] [http-nio-8081-exec-8] org.hibernate.SQL                        : select v1_0.section_id,v1_0.id,v1_0.duration,v1_0.title,v1_0.type,v1_0.url from videos v1_0 where v1_0.section_id=?
2026-03-11T18:33:49.402+05:30 DEBUG 14376 --- [backend] [http-nio-8081-exec-8] org.hibernate.SQL                        : select q1_0.quiz_id,q1_0.id,q1_0.correct_option_index,q1_0.question_text from questions q1_0 where q1_0.quiz_id=?
2026-03-11T18:33:49.409+05:30 DEBUG 14376 --- [backend] [http-nio-8081-exec-8] org.hibernate.SQL                        : select o1_0.question_id,o1_0.option_text from question_options o1_0 where o1_0.question_id=?
2026-03-11T18:33:49.409+05:30 DEBUG 14376 --- [backend] [http-nio-8081-exec-8] org.hibernate.SQL                        : select o1_0.question_id,o1_0.option_text from question_options o1_0 where o1_0.question_id=?
2026-03-11T18:33:49.414+05:30 DEBUG 14376 --- [backend] [http-nio-8081-exec-8] org.hibernate.SQL                        : select v1_0.section_id,v1_0.id,v1_0.duration,v1_0.title,v1_0.type,v1_0.url from videos v1_0 where v1_0.section_id=?
2026-03-11T18:33:49.416+05:30 DEBUG 14376 --- [backend] [http-nio-8081-exec-8] org.hibernate.SQL                        : select v1_0.section_id,v1_0.id,v1_0.duration,v1_0.title,v1_0.type,v1_0.url from videos v1_0 where v1_0.section_id=?
2026-03-11T18:33:49.417+05:30 DEBUG 14376 --- [backend] [http-nio-8081-exec-8] org.hibernate.SQL                        : select s1_0.course_id,s1_0.id,s1_0.title from sections s1_0 where s1_0.course_id=?
2026-03-11T18:33:49.417+05:30 DEBUG 14376 --- [backend] [http-nio-8081-exec-8] org.hibernate.SQL                        : select s1_0.course_id,s1_0.id,s1_0.title from sections s1_0 where s1_0.course_id=?
2026-03-11T18:33:49.421+05:30 DEBUG 14376 --- [backend] [http-nio-8081-exec-8] org.hibernate.SQL                        : select s1_0.course_id,s1_0.id,s1_0.title from sections s1_0 where s1_0.course_id=?
2026-03-11T18:33:49.423+05:30 DEBUG 14376 --- [backend] [http-nio-8081-exec-8] org.hibernate.SQL                        : select s1_0.course_id,s1_0.id,s1_0.title from sections s1_0 where s1_0.course_id=?
2026-03-11T18:33:49.424+05:30 DEBUG 14376 --- [backend] [http-nio-8081-exec-8] org.hibernate.SQL                        : select s1_0.course_id,s1_0.id,s1_0.title from sections s1_0 where s1_0.course_id=?
2026-03-11T18:33:49.427+05:30 DEBUG 14376 --- [backend] [http-nio-8081-exec-8] org.hibernate.SQL                        : select s1_0.course_id,s1_0.id,s1_0.title from sections s1_0 where s1_0.course_id=?
2026-03-11T18:33:49.427+05:30 DEBUG 14376 --- [backend] [http-nio-8081-exec-8] org.hibernate.SQL                        : select v1_0.section_id,v1_0.id,v1_0.duration,v1_0.title,v1_0.type,v1_0.url from videos v1_0 where v1_0.section_id=?
2026-03-11T18:33:49.427+05:30 DEBUG 14376 --- [backend] [http-nio-8081-exec-8] org.hibernate.SQL                        : select q1_0.section_id,q1_0.id,q1_0.description,q1_0.title from quizzes q1_0 where q1_0.section_id=?
2026-03-11T18:33:49.433+05:30 DEBUG 14376 --- [backend] [http-nio-8081-exec-8] org.hibernate.SQL                        : select s1_0.course_id,s1_0.id,s1_0.title from sections s1_0 where s1_0.course_id=?
2026-03-11T18:33:49.435+05:30 DEBUG 14376 --- [backend] [http-nio-8081-exec-8] org.hibernate.SQL                        : select s1_0.course_id,s1_0.id,s1_0.title from sections s1_0 where s1_0.course_id=?
2026-03-11T18:33:49.437+05:30 DEBUG 14376 --- [backend] [http-nio-8081-exec-8] org.hibernate.SQL                        : select s1_0.course_id,s1_0.id,s1_0.title from sections s1_0 where s1_0.course_id=?
2026-03-11T18:33:49.462+05:30 DEBUG 14376 --- [backend] [http-nio-8081-exec-1] org.hibernate.SQL                        : select c1_0.id,c1_0.bg_color,c1_0.border_color,c1_0.color,c1_0.description,c1_0.discount,c1_0.domain,c1_0.duration,c1_0.gradient,c1_0.icon_name,c1_0.level,c1_0.live_link,c1_0.name,c1_0.shadow,c1_0.slug,c1_0.total_fee from courses c1_0
2026-03-11T18:33:49.471+05:30 DEBUG 14376 --- [backend] [http-nio-8081-exec-1] org.hibernate.SQL                        : select s1_0.course_id,s1_0.id,s1_0.title from sections s1_0 where s1_0.course_id=?
2026-03-11T18:33:49.473+05:30 DEBUG 14376 --- [backend] [http-nio-8081-exec-1] org.hibernate.SQL                        : select v1_0.section_id,v1_0.id,v1_0.duration,v1_0.title,v1_0.type,v1_0.url from videos v1_0 where v1_0.section_id=?
2026-03-11T18:33:49.477+05:30 DEBUG 14376 --- [backend] [http-nio-8081-exec-1] org.hibernate.SQL                        : select q1_0.section_id,q1_0.id,q1_0.description,q1_0.title from quizzes q1_0 where q1_0.section_id in (select s1_0.id from sections s1_0 where s1_0.course_id=?)
2026-03-11T18:33:49.480+05:30 DEBUG 14376 --- [backend] [http-nio-8081-exec-1] org.hibernate.SQL                        : select v1_0.section_id,v1_0.id,v1_0.duration,v1_0.title,v1_0.type,v1_0.url from videos v1_0 where v1_0.section_id=?
2026-03-11T18:33:49.481+05:30 DEBUG 14376 --- [backend] [http-nio-8081-exec-1] org.hibernate.SQL                        : select q1_0.quiz_id,q1_0.id,q1_0.correct_option_index,q1_0.question_text from questions q1_0 where q1_0.quiz_id=?
2026-03-11T18:33:49.485+05:30 DEBUG 14376 --- [backend] [http-nio-8081-exec-1] org.hibernate.SQL                        : select o1_0.question_id,o1_0.option_text from question_options o1_0 where o1_0.question_id=?
2026-03-11T18:33:49.487+05:30 DEBUG 14376 --- [backend] [http-nio-8081-exec-1] org.hibernate.SQL                        : select o1_0.question_id,o1_0.option_text from question_options o1_0 where o1_0.question_id=?
2026-03-11T18:33:49.488+05:30 DEBUG 14376 --- [backend] [http-nio-8081-exec-1] org.hibernate.SQL                        : select v1_0.section_id,v1_0.id,v1_0.duration,v1_0.title,v1_0.type,v1_0.url from videos v1_0 where v1_0.section_id=?
2026-03-11T18:33:49.489+05:30 DEBUG 14376 --- [backend] [http-nio-8081-exec-1] org.hibernate.SQL                        : select v1_0.section_id,v1_0.id,v1_0.duration,v1_0.title,v1_0.type,v1_0.url from videos v1_0 where v1_0.section_id=?
2026-03-11T18:33:49.493+05:30 DEBUG 14376 --- [backend] [http-nio-8081-exec-1] org.hibernate.SQL                        : select s1_0.course_id,s1_0.id,s1_0.title from sections s1_0 where s1_0.course_id=?
2026-03-11T18:33:49.495+05:30 DEBUG 14376 --- [backend] [http-nio-8081-exec-1] org.hibernate.SQL                        : select s1_0.course_id,s1_0.id,s1_0.title from sections s1_0 where s1_0.course_id=?
2026-03-11T18:33:49.497+05:30 DEBUG 14376 --- [backend] [http-nio-8081-exec-1] org.hibernate.SQL                        : select s1_0.course_id,s1_0.id,s1_0.title from sections s1_0 where s1_0.course_id=?
2026-03-11T18:33:49.499+05:30 DEBUG 14376 --- [backend] [http-nio-8081-exec-1] org.hibernate.SQL                        : select s1_0.course_id,s1_0.id,s1_0.title from sections s1_0 where s1_0.course_id=?
2026-03-11T18:33:49.502+05:30 DEBUG 14376 --- [backend] [http-nio-8081-exec-1] org.hibernate.SQL                        : select s1_0.course_id,s1_0.id,s1_0.title from sections s1_0 where s1_0.course_id=?
2026-03-11T18:33:49.504+05:30 DEBUG 14376 --- [backend] [http-nio-8081-exec-1] org.hibernate.SQL                        : select s1_0.course_id,s1_0.id,s1_0.title from sections s1_0 where s1_0.course_id=?
2026-03-11T18:33:49.507+05:30 DEBUG 14376 --- [backend] [http-nio-8081-exec-1] org.hibernate.SQL                        : select v1_0.section_id,v1_0.id,v1_0.duration,v1_0.title,v1_0.type,v1_0.url from videos v1_0 where v1_0.section_id=?
2026-03-11T18:33:49.510+05:30 DEBUG 14376 --- [backend] [http-nio-8081-exec-1] org.hibernate.SQL                        : select q1_0.section_id,q1_0.id,q1_0.description,q1_0.title from quizzes q1_0 where q1_0.section_id=?
2026-03-11T18:33:49.512+05:30 DEBUG 14376 --- [backend] [http-nio-8081-exec-1] org.hibernate.SQL                        : select s1_0.course_id,s1_0.id,s1_0.title from sections s1_0 where s1_0.course_id=?
2026-03-11T18:33:49.515+05:30 DEBUG 14376 --- [backend] [http-nio-8081-exec-1] org.hibernate.SQL                        : select s1_0.course_id,s1_0.id,s1_0.title from sections s1_0 where s1_0.course_id=?
2026-03-11T18:33:49.517+05:30 DEBUG 14376 --- [backend] [http-nio-8081-exec-1] org.hibernate.SQL                        : select s1_0.course_id,s1_0.id,s1_0.title from sections s1_0 where s1_0.course_id=?
2026-03-11T18:33:49.533+05:30 DEBUG 14376 --- [backend] [http-nio-8081-exec-3] org.hibernate.SQL                        : select c1_0.id,c1_0.bg_color,c1_0.border_color,c1_0.color,c1_0.description,c1_0.discount,c1_0.domain,c1_0.duration,c1_0.gradient,c1_0.icon_name,c1_0.level,c1_0.live_link,c1_0.name,c1_0.shadow,c1_0.slug,c1_0.total_fee from courses c1_0
2026-03-11T18:33:49.542+05:30 DEBUG 14376 --- [backend] [http-nio-8081-exec-3] org.hibernate.SQL                        : select s1_0.course_id,s1_0.id,s1_0.title from sections s1_0 where s1_0.course_id=?
2026-03-11T18:33:49.547+05:30 DEBUG 14376 --- [backend] [http-nio-8081-exec-3] org.hibernate.SQL                        : select v1_0.section_id,v1_0.id,v1_0.duration,v1_0.title,v1_0.type,v1_0.url from videos v1_0 where v1_0.section_id=?
2026-03-11T18:33:49.550+05:30 DEBUG 14376 --- [backend] [http-nio-8081-exec-3] org.hibernate.SQL                        : select q1_0.section_id,q1_0.id,q1_0.description,q1_0.title from quizzes q1_0 where q1_0.section_id in (select s1_0.id from sections s1_0 where s1_0.course_id=?)
2026-03-11T18:33:49.550+05:30 DEBUG 14376 --- [backend] [http-nio-8081-exec-3] org.hibernate.SQL                        : select v1_0.section_id,v1_0.id,v1_0.duration,v1_0.title,v1_0.type,v1_0.url from videos v1_0 where v1_0.section_id=?
2026-03-11T18:33:49.559+05:30 DEBUG 14376 --- [backend] [http-nio-8081-exec-3] org.hibernate.SQL                        : select q1_0.quiz_id,q1_0.id,q1_0.correct_option_index,q1_0.question_text from questions q1_0 where q1_0.quiz_id=?
2026-03-11T18:33:49.559+05:30 DEBUG 14376 --- [backend] [http-nio-8081-exec-3] org.hibernate.SQL                        : select o1_0.question_id,o1_0.option_text from question_options o1_0 where o1_0.question_id=?
2026-03-11T18:33:49.559+05:30 DEBUG 14376 --- [backend] [http-nio-8081-exec-3] org.hibernate.SQL                        : select o1_0.question_id,o1_0.option_text from question_options o1_0 where o1_0.question_id=?
2026-03-11T18:33:49.559+05:30 DEBUG 14376 --- [backend] [http-nio-8081-exec-3] org.hibernate.SQL                        : select v1_0.section_id,v1_0.id,v1_0.duration,v1_0.title,v1_0.type,v1_0.url from videos v1_0 where v1_0.section_id=?
2026-03-11T18:33:49.568+05:30 DEBUG 14376 --- [backend] [http-nio-8081-exec-3] org.hibernate.SQL                        : select v1_0.section_id,v1_0.id,v1_0.duration,v1_0.title,v1_0.type,v1_0.url from videos v1_0 where v1_0.section_id=?
2026-03-11T18:33:49.572+05:30 DEBUG 14376 --- [backend] [http-nio-8081-exec-3] org.hibernate.SQL                        : select s1_0.course_id,s1_0.id,s1_0.title from sections s1_0 where s1_0.course_id=?
2026-03-11T18:33:49.578+05:30 DEBUG 14376 --- [backend] [http-nio-8081-exec-3] org.hibernate.SQL                        : select s1_0.course_id,s1_0.id,s1_0.title from sections s1_0 where s1_0.course_id=?
2026-03-11T18:33:49.581+05:30 DEBUG 14376 --- [backend] [http-nio-8081-exec-3] org.hibernate.SQL                        : select s1_0.course_id,s1_0.id,s1_0.title from sections s1_0 where s1_0.course_id=?
2026-03-11T18:33:49.581+05:30 DEBUG 14376 --- [backend] [http-nio-8081-exec-3] org.hibernate.SQL                        : select s1_0.course_id,s1_0.id,s1_0.title from sections s1_0 where s1_0.course_id=?
2026-03-11T18:33:49.585+05:30 DEBUG 14376 --- [backend] [http-nio-8081-exec-3] org.hibernate.SQL                        : select s1_0.course_id,s1_0.id,s1_0.title from sections s1_0 where s1_0.course_id=?
2026-03-11T18:33:49.587+05:30 DEBUG 14376 --- [backend] [http-nio-8081-exec-3] org.hibernate.SQL                        : select s1_0.course_id,s1_0.id,s1_0.title from sections s1_0 where s1_0.course_id=?
2026-03-11T18:33:49.590+05:30 DEBUG 14376 --- [backend] [http-nio-8081-exec-3] org.hibernate.SQL                        : select v1_0.section_id,v1_0.id,v1_0.duration,v1_0.title,v1_0.type,v1_0.url from videos v1_0 where v1_0.section_id=?
2026-03-11T18:33:49.593+05:30 DEBUG 14376 --- [backend] [http-nio-8081-exec-3] org.hibernate.SQL                        : select q1_0.section_id,q1_0.id,q1_0.description,q1_0.title from quizzes q1_0 where q1_0.section_id=?
2026-03-11T18:33:49.597+05:30 DEBUG 14376 --- [backend] [http-nio-8081-exec-3] org.hibernate.SQL                        : select s1_0.course_id,s1_0.id,s1_0.title from sections s1_0 where s1_0.course_id=?
2026-03-11T18:33:49.599+05:30 DEBUG 14376 --- [backend] [http-nio-8081-exec-3] org.hibernate.SQL                        : select s1_0.course_id,s1_0.id,s1_0.title from sections s1_0 where s1_0.course_id=?
2026-03-11T18:33:49.602+05:30 DEBUG 14376 --- [backend] [http-nio-8081-exec-3] org.hibernate.SQL                        : select s1_0.course_id,s1_0.id,s1_0.title from sections s1_0 where s1_0.course_id=?
2026-03-11T18:33:49.617+05:30 DEBUG 14376 --- [backend] [http-nio-8081-exec-4] org.hibernate.SQL                        : select c1_0.id,c1_0.bg_color,c1_0.border_color,c1_0.color,c1_0.description,c1_0.discount,c1_0.domain,c1_0.duration,c1_0.gradient,c1_0.icon_name,c1_0.level,c1_0.live_link,c1_0.name,c1_0.shadow,c1_0.slug,c1_0.total_fee from courses c1_0
2026-03-11T18:33:49.630+05:30 DEBUG 14376 --- [backend] [http-nio-8081-exec-4] org.hibernate.SQL                        : select s1_0.course_id,s1_0.id,s1_0.title from sections s1_0 where s1_0.course_id=?
2026-03-11T18:33:49.635+05:30 DEBUG 14376 --- [backend] [http-nio-8081-exec-4] org.hibernate.SQL                        : select v1_0.section_id,v1_0.id,v1_0.duration,v1_0.title,v1_0.type,v1_0.url from videos v1_0 where v1_0.section_id=?
2026-03-11T18:33:49.651+05:30 DEBUG 14376 --- [backend] [http-nio-8081-exec-4] org.hibernate.SQL                        : select q1_0.section_id,q1_0.id,q1_0.description,q1_0.title from quizzes q1_0 where q1_0.section_id in (select s1_0.id from sections s1_0 where s1_0.course_id=?)
2026-03-11T18:33:49.660+05:30 DEBUG 14376 --- [backend] [http-nio-8081-exec-4] org.hibernate.SQL                        : select v1_0.section_id,v1_0.id,v1_0.duration,v1_0.title,v1_0.type,v1_0.url from videos v1_0 where v1_0.section_id=?
2026-03-11T18:33:49.687+05:30 DEBUG 14376 --- [backend] [http-nio-8081-exec-4] org.hibernate.SQL                        : select q1_0.quiz_id,q1_0.id,q1_0.correct_option_index,q1_0.question_text from questions q1_0 where q1_0.quiz_id=?
2026-03-11T18:33:49.702+05:30 DEBUG 14376 --- [backend] [http-nio-8081-exec-4] org.hibernate.SQL                        : select o1_0.question_id,o1_0.option_text from question_options o1_0 where o1_0.question_id=?
2026-03-11T18:33:49.721+05:30 DEBUG 14376 --- [backend] [http-nio-8081-exec-4] org.hibernate.SQL                        : select o1_0.question_id,o1_0.option_text from question_options o1_0 where o1_0.question_id=?
2026-03-11T18:33:49.747+05:30 DEBUG 14376 --- [backend] [http-nio-8081-exec-4] org.hibernate.SQL                        : select v1_0.section_id,v1_0.id,v1_0.duration,v1_0.title,v1_0.type,v1_0.url from videos v1_0 where v1_0.section_id=?
2026-03-11T18:33:49.779+05:30 DEBUG 14376 --- [backend] [http-nio-8081-exec-4] org.hibernate.SQL                        : select v1_0.section_id,v1_0.id,v1_0.duration,v1_0.title,v1_0.type,v1_0.url from videos v1_0 where v1_0.section_id=?
2026-03-11T18:33:49.779+05:30 DEBUG 14376 --- [backend] [http-nio-8081-exec-4] org.hibernate.SQL                        : select s1_0.course_id,s1_0.id,s1_0.title from sections s1_0 where s1_0.course_id=?
2026-03-11T18:33:49.817+05:30 DEBUG 14376 --- [backend] [http-nio-8081-exec-4] org.hibernate.SQL                        : select s1_0.course_id,s1_0.id,s1_0.title from sections s1_0 where s1_0.course_id=?
2026-03-11T18:33:49.827+05:30 DEBUG 14376 --- [backend] [http-nio-8081-exec-4] org.hibernate.SQL                        : select s1_0.course_id,s1_0.id,s1_0.title from sections s1_0 where s1_0.course_id=?
2026-03-11T18:33:49.832+05:30 DEBUG 14376 --- [backend] [http-nio-8081-exec-4] org.hibernate.SQL                        : select s1_0.course_id,s1_0.id,s1_0.title from sections s1_0 where s1_0.course_id=?
2026-03-11T18:33:49.842+05:30 DEBUG 14376 --- [backend] [http-nio-8081-exec-4] org.hibernate.SQL                        : select s1_0.course_id,s1_0.id,s1_0.title from sections s1_0 where s1_0.course_id=?
2026-03-11T18:33:49.850+05:30 DEBUG 14376 --- [backend] [http-nio-8081-exec-4] org.hibernate.SQL                        : select s1_0.course_id,s1_0.id,s1_0.title from sections s1_0 where s1_0.course_id=?
2026-03-11T18:33:49.850+05:30 DEBUG 14376 --- [backend] [http-nio-8081-exec-4] org.hibernate.SQL                        : select v1_0.section_id,v1_0.id,v1_0.duration,v1_0.title,v1_0.type,v1_0.url from videos v1_0 where v1_0.section_id=?
2026-03-11T18:33:49.862+05:30 DEBUG 14376 --- [backend] [http-nio-8081-exec-4] org.hibernate.SQL                        : select q1_0.section_id,q1_0.id,q1_0.description,q1_0.title from quizzes q1_0 where q1_0.section_id=?
2026-03-11T18:33:49.892+05:30 DEBUG 14376 --- [backend] [http-nio-8081-exec-4] org.hibernate.SQL                        : select s1_0.course_id,s1_0.id,s1_0.title from sections s1_0 where s1_0.course_id=?
2026-03-11T18:33:49.903+05:30 DEBUG 14376 --- [backend] [http-nio-8081-exec-4] org.hibernate.SQL                        : select s1_0.course_id,s1_0.id,s1_0.title from sections s1_0 where s1_0.course_id=?
2026-03-11T18:33:49.907+05:30 DEBUG 14376 --- [backend] [http-nio-8081-exec-4] org.hibernate.SQL                        : select s1_0.course_id,s1_0.id,s1_0.title from sections s1_0 where s1_0.course_id=?
2026-03-11T18:33:49.949+05:30 DEBUG 14376 --- [backend] [http-nio-8081-exec-9] org.hibernate.SQL                        : select c1_0.id,c1_0.bg_color,c1_0.border_color,c1_0.color,c1_0.description,c1_0.discount,c1_0.domain,c1_0.duration,c1_0.gradient,c1_0.icon_name,c1_0.level,c1_0.live_link,c1_0.name,c1_0.shadow,c1_0.slug,c1_0.total_fee from courses c1_0
2026-03-11T18:33:49.992+05:30 DEBUG 14376 --- [backend] [http-nio-8081-exec-9] org.hibernate.SQL                        : select s1_0.course_id,s1_0.id,s1_0.title from sections s1_0 where s1_0.course_id=?
2026-03-11T18:33:50.003+05:30 DEBUG 14376 --- [backend] [http-nio-8081-exec-9] org.hibernate.SQL                        : select v1_0.section_id,v1_0.id,v1_0.duration,v1_0.title,v1_0.type,v1_0.url from videos v1_0 where v1_0.section_id=?
2026-03-11T18:33:50.012+05:30 DEBUG 14376 --- [backend] [http-nio-8081-exec-9] org.hibernate.SQL                        : select q1_0.section_id,q1_0.id,q1_0.description,q1_0.title from quizzes q1_0 where q1_0.section_id in (select s1_0.id from sections s1_0 where s1_0.course_id=?)
2026-03-11T18:33:50.019+05:30 DEBUG 14376 --- [backend] [http-nio-8081-exec-9] org.hibernate.SQL                        : select v1_0.section_id,v1_0.id,v1_0.duration,v1_0.title,v1_0.type,v1_0.url from videos v1_0 where v1_0.section_id=?
2026-03-11T18:33:50.027+05:30 DEBUG 14376 --- [backend] [http-nio-8081-exec-9] org.hibernate.SQL                        : select q1_0.quiz_id,q1_0.id,q1_0.correct_option_index,q1_0.question_text from questions q1_0 where q1_0.quiz_id=?
2026-03-11T18:33:50.029+05:30 DEBUG 14376 --- [backend] [http-nio-8081-exec-9] org.hibernate.SQL                        : select o1_0.question_id,o1_0.option_text from question_options o1_0 where o1_0.question_id=?
2026-03-11T18:33:50.029+05:30 DEBUG 14376 --- [backend] [http-nio-8081-exec-9] org.hibernate.SQL                        : select o1_0.question_id,o1_0.option_text from question_options o1_0 where o1_0.question_id=?
2026-03-11T18:33:50.041+05:30 DEBUG 14376 --- [backend] [http-nio-8081-exec-9] org.hibernate.SQL                        : select v1_0.section_id,v1_0.id,v1_0.duration,v1_0.title,v1_0.type,v1_0.url from videos v1_0 where v1_0.section_id=?
2026-03-11T18:33:50.055+05:30 DEBUG 14376 --- [backend] [http-nio-8081-exec-9] org.hibernate.SQL                        : select v1_0.section_id,v1_0.id,v1_0.duration,v1_0.title,v1_0.type,v1_0.url from videos v1_0 where v1_0.section_id=?
2026-03-11T18:33:50.058+05:30 DEBUG 14376 --- [backend] [http-nio-8081-exec-9] org.hibernate.SQL                        : select s1_0.course_id,s1_0.id,s1_0.title from sections s1_0 where s1_0.course_id=?
2026-03-11T18:33:50.061+05:30 DEBUG 14376 --- [backend] [http-nio-8081-exec-9] org.hibernate.SQL                        : select s1_0.course_id,s1_0.id,s1_0.title from sections s1_0 where s1_0.course_id=?
2026-03-11T18:33:50.061+05:30 DEBUG 14376 --- [backend] [http-nio-8081-exec-9] org.hibernate.SQL                        : select s1_0.course_id,s1_0.id,s1_0.title from sections s1_0 where s1_0.course_id=?
2026-03-11T18:33:50.069+05:30 DEBUG 14376 --- [backend] [http-nio-8081-exec-9] org.hibernate.SQL                        : select s1_0.course_id,s1_0.id,s1_0.title from sections s1_0 where s1_0.course_id=?
2026-03-11T18:33:50.072+05:30 DEBUG 14376 --- [backend] [http-nio-8081-exec-9] org.hibernate.SQL                        : select s1_0.course_id,s1_0.id,s1_0.title from sections s1_0 where s1_0.course_id=?
2026-03-11T18:33:50.079+05:30 DEBUG 14376 --- [backend] [http-nio-8081-exec-9] org.hibernate.SQL                        : select s1_0.course_id,s1_0.id,s1_0.title from sections s1_0 where s1_0.course_id=?
2026-03-11T18:33:50.086+05:30 DEBUG 14376 --- [backend] [http-nio-8081-exec-9] org.hibernate.SQL                        : select v1_0.section_id,v1_0.id,v1_0.duration,v1_0.title,v1_0.type,v1_0.url from videos v1_0 where v1_0.section_id=?
2026-03-11T18:33:50.094+05:30 DEBUG 14376 --- [backend] [http-nio-8081-exec-9] org.hibernate.SQL                        : select q1_0.section_id,q1_0.id,q1_0.description,q1_0.title from quizzes q1_0 where q1_0.section_id=?
2026-03-11T18:33:50.104+05:30 DEBUG 14376 --- [backend] [http-nio-8081-exec-9] org.hibernate.SQL                        : select s1_0.course_id,s1_0.id,s1_0.title from sections s1_0 where s1_0.course_id=?
2026-03-11T18:33:50.111+05:30 DEBUG 14376 --- [backend] [http-nio-8081-exec-9] org.hibernate.SQL                        : select s1_0.course_id,s1_0.id,s1_0.title from sections s1_0 where s1_0.course_id=?
2026-03-11T18:33:50.111+05:30 DEBUG 14376 --- [backend] [http-nio-8081-exec-9] org.hibernate.SQL                        : select s1_0.course_id,s1_0.id,s1_0.title from sections s1_0 where s1_0.course_id=?
2026-03-11T18:33:50.149+05:30 DEBUG 14376 --- [backend] [http-nio-8081-exec-10] org.hibernate.SQL                        : select c1_0.id,c1_0.bg_color,c1_0.border_color,c1_0.color,c1_0.description,c1_0.discount,c1_0.domain,c1_0.duration,c1_0.gradient,c1_0.icon_name,c1_0.level,c1_0.live_link,c1_0.name,c1_0.shadow,c1_0.slug,c1_0.total_fee from courses c1_0
2026-03-11T18:33:50.168+05:30 DEBUG 14376 --- [backend] [http-nio-8081-exec-10] org.hibernate.SQL                        : select s1_0.course_id,s1_0.id,s1_0.title from sections s1_0 where s1_0.course_id=?
2026-03-11T18:33:50.171+05:30 DEBUG 14376 --- [backend] [http-nio-8081-exec-10] org.hibernate.SQL                        : select v1_0.section_id,v1_0.id,v1_0.duration,v1_0.title,v1_0.type,v1_0.url from videos v1_0 where v1_0.section_id=?
2026-03-11T18:33:50.204+05:30 DEBUG 14376 --- [backend] [http-nio-8081-exec-10] org.hibernate.SQL                        : select q1_0.section_id,q1_0.id,q1_0.description,q1_0.title from quizzes q1_0 where q1_0.section_id in (select s1_0.id from sections s1_0 where s1_0.course_id=?)
2026-03-11T18:33:50.215+05:30 DEBUG 14376 --- [backend] [http-nio-8081-exec-10] org.hibernate.SQL                        : select v1_0.section_id,v1_0.id,v1_0.duration,v1_0.title,v1_0.type,v1_0.url from videos v1_0 where v1_0.section_id=?
2026-03-11T18:33:50.244+05:30 DEBUG 14376 --- [backend] [http-nio-8081-exec-10] org.hibernate.SQL                        : select q1_0.quiz_id,q1_0.id,q1_0.correct_option_index,q1_0.question_text from questions q1_0 where q1_0.quiz_id=?
2026-03-11T18:33:50.249+05:30 DEBUG 14376 --- [backend] [http-nio-8081-exec-10] org.hibernate.SQL                        : select o1_0.question_id,o1_0.option_text from question_options o1_0 where o1_0.question_id=?
2026-03-11T18:33:50.263+05:30 DEBUG 14376 --- [backend] [http-nio-8081-exec-10] org.hibernate.SQL                        : select o1_0.question_id,o1_0.option_text from question_options o1_0 where o1_0.question_id=?
2026-03-11T18:33:50.269+05:30 DEBUG 14376 --- [backend] [http-nio-8081-exec-10] org.hibernate.SQL                        : select v1_0.section_id,v1_0.id,v1_0.duration,v1_0.title,v1_0.type,v1_0.url from videos v1_0 where v1_0.section_id=?
2026-03-11T18:33:50.273+05:30 DEBUG 14376 --- [backend] [http-nio-8081-exec-10] org.hibernate.SQL                        : select v1_0.section_id,v1_0.id,v1_0.duration,v1_0.title,v1_0.type,v1_0.url from videos v1_0 where v1_0.section_id=?
2026-03-11T18:33:50.277+05:30 DEBUG 14376 --- [backend] [http-nio-8081-exec-10] org.hibernate.SQL                        : select s1_0.course_id,s1_0.id,s1_0.title from sections s1_0 where s1_0.course_id=?
2026-03-11T18:33:50.277+05:30 DEBUG 14376 --- [backend] [http-nio-8081-exec-10] org.hibernate.SQL                        : select s1_0.course_id,s1_0.id,s1_0.title from sections s1_0 where s1_0.course_id=?
2026-03-11T18:33:50.293+05:30 DEBUG 14376 --- [backend] [http-nio-8081-exec-10] org.hibernate.SQL                        : select s1_0.course_id,s1_0.id,s1_0.title from sections s1_0 where s1_0.course_id=?
2026-03-11T18:33:50.294+05:30 DEBUG 14376 --- [backend] [http-nio-8081-exec-10] org.hibernate.SQL                        : select s1_0.course_id,s1_0.id,s1_0.title from sections s1_0 where s1_0.course_id=?
2026-03-11T18:33:50.301+05:30 DEBUG 14376 --- [backend] [http-nio-8081-exec-10] org.hibernate.SQL                        : select s1_0.course_id,s1_0.id,s1_0.title from sections s1_0 where s1_0.course_id=?
2026-03-11T18:33:50.304+05:30 DEBUG 14376 --- [backend] [http-nio-8081-exec-10] org.hibernate.SQL                        : select s1_0.course_id,s1_0.id,s1_0.title from sections s1_0 where s1_0.course_id=?
2026-03-11T18:33:50.310+05:30 DEBUG 14376 --- [backend] [http-nio-8081-exec-10] org.hibernate.SQL                        : select v1_0.section_id,v1_0.id,v1_0.duration,v1_0.title,v1_0.type,v1_0.url from videos v1_0 where v1_0.section_id=?
2026-03-11T18:33:50.313+05:30 DEBUG 14376 --- [backend] [http-nio-8081-exec-10] org.hibernate.SQL                        : select q1_0.section_id,q1_0.id,q1_0.description,q1_0.title from quizzes q1_0 where q1_0.section_id=?
2026-03-11T18:33:50.317+05:30 DEBUG 14376 --- [backend] [http-nio-8081-exec-10] org.hibernate.SQL                        : select s1_0.course_id,s1_0.id,s1_0.title from sections s1_0 where s1_0.course_id=?
2026-03-11T18:33:50.317+05:30 DEBUG 14376 --- [backend] [http-nio-8081-exec-10] org.hibernate.SQL                        : select s1_0.course_id,s1_0.id,s1_0.title from sections s1_0 where s1_0.course_id=?
2026-03-11T18:33:50.335+05:30 DEBUG 14376 --- [backend] [http-nio-8081-exec-10] org.hibernate.SQL                        : select s1_0.course_id,s1_0.id,s1_0.title from sections s1_0 where s1_0.course_id=?
2026-03-11T18:33:50.363+05:30 DEBUG 14376 --- [backend] [http-nio-8081-exec-5] org.hibernate.SQL                        : select c1_0.id,c1_0.bg_color,c1_0.border_color,c1_0.color,c1_0.description,c1_0.discount,c1_0.domain,c1_0.duration,c1_0.gradient,c1_0.icon_name,c1_0.level,c1_0.live_link,c1_0.name,c1_0.shadow,c1_0.slug,c1_0.total_fee from courses c1_0
2026-03-11T18:33:50.387+05:30 DEBUG 14376 --- [backend] [http-nio-8081-exec-5] org.hibernate.SQL                        : select s1_0.course_id,s1_0.id,s1_0.title from sections s1_0 where s1_0.course_id=?
2026-03-11T18:33:50.392+05:30 DEBUG 14376 --- [backend] [http-nio-8081-exec-5] org.hibernate.SQL                        : select v1_0.section_id,v1_0.id,v1_0.duration,v1_0.title,v1_0.type,v1_0.url from videos v1_0 where v1_0.section_id=?
2026-03-11T18:33:50.395+05:30 DEBUG 14376 --- [backend] [http-nio-8081-exec-5] org.hibernate.SQL                        : select q1_0.section_id,q1_0.id,q1_0.description,q1_0.title from quizzes q1_0 where q1_0.section_id in (select s1_0.id from sections s1_0 where s1_0.course_id=?)
2026-03-11T18:33:50.400+05:30 DEBUG 14376 --- [backend] [http-nio-8081-exec-5] org.hibernate.SQL                        : select v1_0.section_id,v1_0.id,v1_0.duration,v1_0.title,v1_0.type,v1_0.url from videos v1_0 where v1_0.section_id=?
2026-03-11T18:33:50.404+05:30 DEBUG 14376 --- [backend] [http-nio-8081-exec-5] org.hibernate.SQL                        : select q1_0.quiz_id,q1_0.id,q1_0.correct_option_index,q1_0.question_text from questions q1_0 where q1_0.quiz_id=?
2026-03-11T18:33:50.408+05:30 DEBUG 14376 --- [backend] [http-nio-8081-exec-5] org.hibernate.SQL                        : select o1_0.question_id,o1_0.option_text from question_options o1_0 where o1_0.question_id=?
2026-03-11T18:33:50.410+05:30 DEBUG 14376 --- [backend] [http-nio-8081-exec-5] org.hibernate.SQL                        : select o1_0.question_id,o1_0.option_text from question_options o1_0 where o1_0.question_id=?
2026-03-11T18:33:50.410+05:30 DEBUG 14376 --- [backend] [http-nio-8081-exec-5] org.hibernate.SQL                        : select v1_0.section_id,v1_0.id,v1_0.duration,v1_0.title,v1_0.type,v1_0.url from videos v1_0 where v1_0.section_id=?
2026-03-11T18:33:50.420+05:30 DEBUG 14376 --- [backend] [http-nio-8081-exec-5] org.hibernate.SQL                        : select v1_0.section_id,v1_0.id,v1_0.duration,v1_0.title,v1_0.type,v1_0.url from videos v1_0 where v1_0.section_id=?
2026-03-11T18:33:50.422+05:30 DEBUG 14376 --- [backend] [http-nio-8081-exec-5] org.hibernate.SQL                        : select s1_0.course_id,s1_0.id,s1_0.title from sections s1_0 where s1_0.course_id=?
2026-03-11T18:33:50.430+05:30 DEBUG 14376 --- [backend] [http-nio-8081-exec-5] org.hibernate.SQL                        : select s1_0.course_id,s1_0.id,s1_0.title from sections s1_0 where s1_0.course_id=?
2026-03-11T18:33:50.433+05:30 DEBUG 14376 --- [backend] [http-nio-8081-exec-5] org.hibernate.SQL                        : select s1_0.course_id,s1_0.id,s1_0.title from sections s1_0 where s1_0.course_id=?
2026-03-11T18:33:50.437+05:30 DEBUG 14376 --- [backend] [http-nio-8081-exec-5] org.hibernate.SQL                        : select s1_0.course_id,s1_0.id,s1_0.title from sections s1_0 where s1_0.course_id=?
2026-03-11T18:33:50.439+05:30 DEBUG 14376 --- [backend] [http-nio-8081-exec-5] org.hibernate.SQL                        : select s1_0.course_id,s1_0.id,s1_0.title from sections s1_0 where s1_0.course_id=?
2026-03-11T18:33:50.447+05:30 DEBUG 14376 --- [backend] [http-nio-8081-exec-5] org.hibernate.SQL                        : select s1_0.course_id,s1_0.id,s1_0.title from sections s1_0 where s1_0.course_id=?
2026-03-11T18:33:50.451+05:30 DEBUG 14376 --- [backend] [http-nio-8081-exec-5] org.hibernate.SQL                        : select v1_0.section_id,v1_0.id,v1_0.duration,v1_0.title,v1_0.type,v1_0.url from videos v1_0 where v1_0.section_id=?
2026-03-11T18:33:50.451+05:30 DEBUG 14376 --- [backend] [http-nio-8081-exec-5] org.hibernate.SQL                        : select q1_0.section_id,q1_0.id,q1_0.description,q1_0.title from quizzes q1_0 where q1_0.section_id=?
2026-03-11T18:33:50.451+05:30 DEBUG 14376 --- [backend] [http-nio-8081-exec-5] org.hibernate.SQL                        : select s1_0.course_id,s1_0.id,s1_0.title from sections s1_0 where s1_0.course_id=?
2026-03-11T18:33:50.463+05:30 DEBUG 14376 --- [backend] [http-nio-8081-exec-5] org.hibernate.SQL                        : select s1_0.course_id,s1_0.id,s1_0.title from sections s1_0 where s1_0.course_id=?
2026-03-11T18:33:50.469+05:30 DEBUG 14376 --- [backend] [http-nio-8081-exec-5] org.hibernate.SQL                        : select s1_0.course_id,s1_0.id,s1_0.title from sections s1_0 where s1_0.course_id=?
2026-03-11T18:33:50.503+05:30 DEBUG 14376 --- [backend] [http-nio-8081-exec-2] org.hibernate.SQL                        : select c1_0.id,c1_0.bg_color,c1_0.border_color,c1_0.color,c1_0.description,c1_0.discount,c1_0.domain,c1_0.duration,c1_0.gradient,c1_0.icon_name,c1_0.level,c1_0.live_link,c1_0.name,c1_0.shadow,c1_0.slug,c1_0.total_fee from courses c1_0
2026-03-11T18:33:50.514+05:30 DEBUG 14376 --- [backend] [http-nio-8081-exec-2] org.hibernate.SQL                        : select s1_0.course_id,s1_0.id,s1_0.title from sections s1_0 where s1_0.course_id=?
2026-03-11T18:33:50.521+05:30 DEBUG 14376 --- [backend] [http-nio-8081-exec-2] org.hibernate.SQL                        : select v1_0.section_id,v1_0.id,v1_0.duration,v1_0.title,v1_0.type,v1_0.url from videos v1_0 where v1_0.section_id=?
2026-03-11T18:33:50.528+05:30 DEBUG 14376 --- [backend] [http-nio-8081-exec-2] org.hibernate.SQL                        : select q1_0.section_id,q1_0.id,q1_0.description,q1_0.title from quizzes q1_0 where q1_0.section_id in (select s1_0.id from sections s1_0 where s1_0.course_id=?)
2026-03-11T18:33:50.532+05:30 DEBUG 14376 --- [backend] [http-nio-8081-exec-2] org.hibernate.SQL                        : select v1_0.section_id,v1_0.id,v1_0.duration,v1_0.title,v1_0.type,v1_0.url from videos v1_0 where v1_0.section_id=?
2026-03-11T18:33:50.532+05:30 DEBUG 14376 --- [backend] [http-nio-8081-exec-2] org.hibernate.SQL                        : select q1_0.quiz_id,q1_0.id,q1_0.correct_option_index,q1_0.question_text from questions q1_0 where q1_0.quiz_id=?
2026-03-11T18:33:50.540+05:30 DEBUG 14376 --- [backend] [http-nio-8081-exec-2] org.hibernate.SQL                        : select o1_0.question_id,o1_0.option_text from question_options o1_0 where o1_0.question_id=?
2026-03-11T18:33:50.548+05:30 DEBUG 14376 --- [backend] [http-nio-8081-exec-2] org.hibernate.SQL                        : select o1_0.question_id,o1_0.option_text from question_options o1_0 where o1_0.question_id=?
2026-03-11T18:33:50.548+05:30 DEBUG 14376 --- [backend] [http-nio-8081-exec-2] org.hibernate.SQL                        : select v1_0.section_id,v1_0.id,v1_0.duration,v1_0.title,v1_0.type,v1_0.url from videos v1_0 where v1_0.section_id=?
2026-03-11T18:33:50.555+05:30 DEBUG 14376 --- [backend] [http-nio-8081-exec-2] org.hibernate.SQL                        : select v1_0.section_id,v1_0.id,v1_0.duration,v1_0.title,v1_0.type,v1_0.url from videos v1_0 where v1_0.section_id=?
2026-03-11T18:33:50.559+05:30 DEBUG 14376 --- [backend] [http-nio-8081-exec-2] org.hibernate.SQL                        : select s1_0.course_id,s1_0.id,s1_0.title from sections s1_0 where s1_0.course_id=?
2026-03-11T18:33:50.564+05:30 DEBUG 14376 --- [backend] [http-nio-8081-exec-2] org.hibernate.SQL                        : select s1_0.course_id,s1_0.id,s1_0.title from sections s1_0 where s1_0.course_id=?
2026-03-11T18:33:50.565+05:30 DEBUG 14376 --- [backend] [http-nio-8081-exec-2] org.hibernate.SQL                        : select s1_0.course_id,s1_0.id,s1_0.title from sections s1_0 where s1_0.course_id=?
2026-03-11T18:33:50.568+05:30 DEBUG 14376 --- [backend] [http-nio-8081-exec-2] org.hibernate.SQL                        : select s1_0.course_id,s1_0.id,s1_0.title from sections s1_0 where s1_0.course_id=?
2026-03-11T18:33:50.572+05:30 DEBUG 14376 --- [backend] [http-nio-8081-exec-2] org.hibernate.SQL                        : select s1_0.course_id,s1_0.id,s1_0.title from sections s1_0 where s1_0.course_id=?
2026-03-11T18:33:50.575+05:30 DEBUG 14376 --- [backend] [http-nio-8081-exec-2] org.hibernate.SQL                        : select s1_0.course_id,s1_0.id,s1_0.title from sections s1_0 where s1_0.course_id=?
2026-03-11T18:33:50.578+05:30 DEBUG 14376 --- [backend] [http-nio-8081-exec-2] org.hibernate.SQL                        : select v1_0.section_id,v1_0.id,v1_0.duration,v1_0.title,v1_0.type,v1_0.url from videos v1_0 where v1_0.section_id=?
2026-03-11T18:33:50.580+05:30 DEBUG 14376 --- [backend] [http-nio-8081-exec-2] org.hibernate.SQL                        : select q1_0.section_id,q1_0.id,q1_0.description,q1_0.title from quizzes q1_0 where q1_0.section_id=?
2026-03-11T18:33:50.582+05:30 DEBUG 14376 --- [backend] [http-nio-8081-exec-2] org.hibernate.SQL                        : select s1_0.course_id,s1_0.id,s1_0.title from sections s1_0 where s1_0.course_id=?
2026-03-11T18:33:50.588+05:30 DEBUG 14376 --- [backend] [http-nio-8081-exec-2] org.hibernate.SQL                        : select s1_0.course_id,s1_0.id,s1_0.title from sections s1_0 where s1_0.course_id=?
2026-03-11T18:33:50.590+05:30 DEBUG 14376 --- [backend] [http-nio-8081-exec-2] org.hibernate.SQL                        : select s1_0.course_id,s1_0.id,s1_0.title from sections s1_0 where s1_0.course_id=?
2026-03-11T18:33:50.605+05:30 DEBUG 14376 --- [backend] [http-nio-8081-exec-7] org.hibernate.SQL                        : select c1_0.id,c1_0.bg_color,c1_0.border_color,c1_0.color,c1_0.description,c1_0.discount,c1_0.domain,c1_0.duration,c1_0.gradient,c1_0.icon_name,c1_0.level,c1_0.live_link,c1_0.name,c1_0.shadow,c1_0.slug,c1_0.total_fee from courses c1_0
2026-03-11T18:33:50.617+05:30 DEBUG 14376 --- [backend] [http-nio-8081-exec-7] org.hibernate.SQL                        : select s1_0.course_id,s1_0.id,s1_0.title from sections s1_0 where s1_0.course_id=?
2026-03-11T18:33:50.621+05:30 DEBUG 14376 --- [backend] [http-nio-8081-exec-7] org.hibernate.SQL                        : select v1_0.section_id,v1_0.id,v1_0.duration,v1_0.title,v1_0.type,v1_0.url from videos v1_0 where v1_0.section_id=?
2026-03-11T18:33:50.623+05:30 DEBUG 14376 --- [backend] [http-nio-8081-exec-7] org.hibernate.SQL                        : select q1_0.section_id,q1_0.id,q1_0.description,q1_0.title from quizzes q1_0 where q1_0.section_id in (select s1_0.id from sections s1_0 where s1_0.course_id=?)
2026-03-11T18:33:50.628+05:30 DEBUG 14376 --- [backend] [http-nio-8081-exec-7] org.hibernate.SQL                        : select v1_0.section_id,v1_0.id,v1_0.duration,v1_0.title,v1_0.type,v1_0.url from videos v1_0 where v1_0.section_id=?
2026-03-11T18:33:50.629+05:30 DEBUG 14376 --- [backend] [http-nio-8081-exec-7] org.hibernate.SQL                        : select q1_0.quiz_id,q1_0.id,q1_0.correct_option_index,q1_0.question_text from questions q1_0 where q1_0.quiz_id=?
2026-03-11T18:33:50.634+05:30 DEBUG 14376 --- [backend] [http-nio-8081-exec-7] org.hibernate.SQL                        : select o1_0.question_id,o1_0.option_text from question_options o1_0 where o1_0.question_id=?
2026-03-11T18:33:50.634+05:30 DEBUG 14376 --- [backend] [http-nio-8081-exec-7] org.hibernate.SQL                        : select o1_0.question_id,o1_0.option_text from question_options o1_0 where o1_0.question_id=?
2026-03-11T18:33:50.640+05:30 DEBUG 14376 --- [backend] [http-nio-8081-exec-7] org.hibernate.SQL                        : select v1_0.section_id,v1_0.id,v1_0.duration,v1_0.title,v1_0.type,v1_0.url from videos v1_0 where v1_0.section_id=?
2026-03-11T18:33:50.643+05:30 DEBUG 14376 --- [backend] [http-nio-8081-exec-7] org.hibernate.SQL                        : select v1_0.section_id,v1_0.id,v1_0.duration,v1_0.title,v1_0.type,v1_0.url from videos v1_0 where v1_0.section_id=?
2026-03-11T18:33:50.643+05:30 DEBUG 14376 --- [backend] [http-nio-8081-exec-7] org.hibernate.SQL                        : select s1_0.course_id,s1_0.id,s1_0.title from sections s1_0 where s1_0.course_id=?
2026-03-11T18:33:50.649+05:30 DEBUG 14376 --- [backend] [http-nio-8081-exec-7] org.hibernate.SQL                        : select s1_0.course_id,s1_0.id,s1_0.title from sections s1_0 where s1_0.course_id=?
2026-03-11T18:33:50.651+05:30 DEBUG 14376 --- [backend] [http-nio-8081-exec-7] org.hibernate.SQL                        : select s1_0.course_id,s1_0.id,s1_0.title from sections s1_0 where s1_0.course_id=?
2026-03-11T18:33:50.651+05:30 DEBUG 14376 --- [backend] [http-nio-8081-exec-7] org.hibernate.SQL                        : select s1_0.course_id,s1_0.id,s1_0.title from sections s1_0 where s1_0.course_id=?
2026-03-11T18:33:50.651+05:30 DEBUG 14376 --- [backend] [http-nio-8081-exec-7] org.hibernate.SQL                        : select s1_0.course_id,s1_0.id,s1_0.title from sections s1_0 where s1_0.course_id=?
2026-03-11T18:33:50.658+05:30 DEBUG 14376 --- [backend] [http-nio-8081-exec-7] org.hibernate.SQL                        : select s1_0.course_id,s1_0.id,s1_0.title from sections s1_0 where s1_0.course_id=?
2026-03-11T18:33:50.660+05:30 DEBUG 14376 --- [backend] [http-nio-8081-exec-7] org.hibernate.SQL                        : select v1_0.section_id,v1_0.id,v1_0.duration,v1_0.title,v1_0.type,v1_0.url from videos v1_0 where v1_0.section_id=?
2026-03-11T18:33:50.662+05:30 DEBUG 14376 --- [backend] [http-nio-8081-exec-7] org.hibernate.SQL                        : select q1_0.section_id,q1_0.id,q1_0.description,q1_0.title from quizzes q1_0 where q1_0.section_id=?
2026-03-11T18:33:50.665+05:30 DEBUG 14376 --- [backend] [http-nio-8081-exec-7] org.hibernate.SQL                        : select s1_0.course_id,s1_0.id,s1_0.title from sections s1_0 where s1_0.course_id=?
2026-03-11T18:33:50.668+05:30 DEBUG 14376 --- [backend] [http-nio-8081-exec-7] org.hibernate.SQL                        : select s1_0.course_id,s1_0.id,s1_0.title from sections s1_0 where s1_0.course_id=?
2026-03-11T18:33:50.671+05:30 DEBUG 14376 --- [backend] [http-nio-8081-exec-7] org.hibernate.SQL                        : select s1_0.course_id,s1_0.id,s1_0.title from sections s1_0 where s1_0.course_id=?
2026-03-11T18:33:50.690+05:30 DEBUG 14376 --- [backend] [http-nio-8081-exec-6] org.hibernate.SQL                        : select c1_0.id,c1_0.bg_color,c1_0.border_color,c1_0.color,c1_0.description,c1_0.discount,c1_0.domain,c1_0.duration,c1_0.gradient,c1_0.icon_name,c1_0.level,c1_0.live_link,c1_0.name,c1_0.shadow,c1_0.slug,c1_0.total_fee from courses c1_0
2026-03-11T18:33:50.704+05:30 DEBUG 14376 --- [backend] [http-nio-8081-exec-6] org.hibernate.SQL                        : select s1_0.course_id,s1_0.id,s1_0.title from sections s1_0 where s1_0.course_id=?
2026-03-11T18:33:50.708+05:30 DEBUG 14376 --- [backend] [http-nio-8081-exec-6] org.hibernate.SQL                        : select v1_0.section_id,v1_0.id,v1_0.duration,v1_0.title,v1_0.type,v1_0.url from videos v1_0 where v1_0.section_id=?
2026-03-11T18:33:50.712+05:30 DEBUG 14376 --- [backend] [http-nio-8081-exec-6] org.hibernate.SQL                        : select q1_0.section_id,q1_0.id,q1_0.description,q1_0.title from quizzes q1_0 where q1_0.section_id in (select s1_0.id from sections s1_0 where s1_0.course_id=?)
2026-03-11T18:33:50.717+05:30 DEBUG 14376 --- [backend] [http-nio-8081-exec-6] org.hibernate.SQL                        : select v1_0.section_id,v1_0.id,v1_0.duration,v1_0.title,v1_0.type,v1_0.url from videos v1_0 where v1_0.section_id=?
2026-03-11T18:33:50.722+05:30 DEBUG 14376 --- [backend] [http-nio-8081-exec-6] org.hibernate.SQL                        : select q1_0.quiz_id,q1_0.id,q1_0.correct_option_index,q1_0.question_text from questions q1_0 where q1_0.quiz_id=?
2026-03-11T18:33:50.723+05:30 DEBUG 14376 --- [backend] [http-nio-8081-exec-6] org.hibernate.SQL                        : select o1_0.question_id,o1_0.option_text from question_options o1_0 where o1_0.question_id=?
2026-03-11T18:33:50.769+05:30 DEBUG 14376 --- [backend] [http-nio-8081-exec-6] org.hibernate.SQL                        : select o1_0.question_id,o1_0.option_text from question_options o1_0 where o1_0.question_id=?
2026-03-11T18:33:50.784+05:30 DEBUG 14376 --- [backend] [http-nio-8081-exec-6] org.hibernate.SQL                        : select v1_0.section_id,v1_0.id,v1_0.duration,v1_0.title,v1_0.type,v1_0.url from videos v1_0 where v1_0.section_id=?
2026-03-11T18:33:50.787+05:30 DEBUG 14376 --- [backend] [http-nio-8081-exec-6] org.hibernate.SQL                        : select v1_0.section_id,v1_0.id,v1_0.duration,v1_0.title,v1_0.type,v1_0.url from videos v1_0 where v1_0.section_id=?
2026-03-11T18:33:50.799+05:30 DEBUG 14376 --- [backend] [http-nio-8081-exec-6] org.hibernate.SQL                        : select s1_0.course_id,s1_0.id,s1_0.title from sections s1_0 where s1_0.course_id=?
2026-03-11T18:33:50.812+05:30 DEBUG 14376 --- [backend] [http-nio-8081-exec-6] org.hibernate.SQL                        : select s1_0.course_id,s1_0.id,s1_0.title from sections s1_0 where s1_0.course_id=?
2026-03-11T18:33:50.817+05:30 DEBUG 14376 --- [backend] [http-nio-8081-exec-6] org.hibernate.SQL                        : select s1_0.course_id,s1_0.id,s1_0.title from sections s1_0 where s1_0.course_id=?
2026-03-11T18:33:50.820+05:30 DEBUG 14376 --- [backend] [http-nio-8081-exec-6] org.hibernate.SQL                        : select s1_0.course_id,s1_0.id,s1_0.title from sections s1_0 where s1_0.course_id=?
2026-03-11T18:33:50.823+05:30 DEBUG 14376 --- [backend] [http-nio-8081-exec-6] org.hibernate.SQL                        : select s1_0.course_id,s1_0.id,s1_0.title from sections s1_0 where s1_0.course_id=?
2026-03-11T18:33:50.823+05:30 DEBUG 14376 --- [backend] [http-nio-8081-exec-6] org.hibernate.SQL                        : select s1_0.course_id,s1_0.id,s1_0.title from sections s1_0 where s1_0.course_id=?
2026-03-11T18:33:50.828+05:30 DEBUG 14376 --- [backend] [http-nio-8081-exec-6] org.hibernate.SQL                        : select v1_0.section_id,v1_0.id,v1_0.duration,v1_0.title,v1_0.type,v1_0.url from videos v1_0 where v1_0.section_id=?
2026-03-11T18:33:50.828+05:30 DEBUG 14376 --- [backend] [http-nio-8081-exec-6] org.hibernate.SQL                        : select q1_0.section_id,q1_0.id,q1_0.description,q1_0.title from quizzes q1_0 where q1_0.section_id=?
2026-03-11T18:33:50.833+05:30 DEBUG 14376 --- [backend] [http-nio-8081-exec-6] org.hibernate.SQL                        : select s1_0.course_id,s1_0.id,s1_0.title from sections s1_0 where s1_0.course_id=?
2026-03-11T18:33:50.833+05:30 DEBUG 14376 --- [backend] [http-nio-8081-exec-6] org.hibernate.SQL                        : select s1_0.course_id,s1_0.id,s1_0.title from sections s1_0 where s1_0.course_id=?
2026-03-11T18:33:50.839+05:30 DEBUG 14376 --- [backend] [http-nio-8081-exec-6] org.hibernate.SQL                        : select s1_0.course_id,s1_0.id,s1_0.title from sections s1_0 where s1_0.course_id=?
2026-03-11T18:33:50.870+05:30 DEBUG 14376 --- [backend] [http-nio-8081-exec-8] org.hibernate.SQL                        : select c1_0.id,c1_0.bg_color,c1_0.border_color,c1_0.color,c1_0.description,c1_0.discount,c1_0.domain,c1_0.duration,c1_0.gradient,c1_0.icon_name,c1_0.level,c1_0.live_link,c1_0.name,c1_0.shadow,c1_0.slug,c1_0.total_fee from courses c1_0
2026-03-11T18:33:50.878+05:30 DEBUG 14376 --- [backend] [http-nio-8081-exec-8] org.hibernate.SQL                        : select s1_0.course_id,s1_0.id,s1_0.title from sections s1_0 where s1_0.course_id=?
2026-03-11T18:33:50.878+05:30 DEBUG 14376 --- [backend] [http-nio-8081-exec-8] org.hibernate.SQL                        : select v1_0.section_id,v1_0.id,v1_0.duration,v1_0.title,v1_0.type,v1_0.url from videos v1_0 where v1_0.section_id=?
2026-03-11T18:33:50.878+05:30 DEBUG 14376 --- [backend] [http-nio-8081-exec-8] org.hibernate.SQL                        : select q1_0.section_id,q1_0.id,q1_0.description,q1_0.title from quizzes q1_0 where q1_0.section_id in (select s1_0.id from sections s1_0 where s1_0.course_id=?)
2026-03-11T18:33:50.893+05:30 DEBUG 14376 --- [backend] [http-nio-8081-exec-8] org.hibernate.SQL                        : select v1_0.section_id,v1_0.id,v1_0.duration,v1_0.title,v1_0.type,v1_0.url from videos v1_0 where v1_0.section_id=?
2026-03-11T18:33:50.895+05:30 DEBUG 14376 --- [backend] [http-nio-8081-exec-8] org.hibernate.SQL                        : select q1_0.quiz_id,q1_0.id,q1_0.correct_option_index,q1_0.question_text from questions q1_0 where q1_0.quiz_id=?
2026-03-11T18:33:50.897+05:30 DEBUG 14376 --- [backend] [http-nio-8081-exec-8] org.hibernate.SQL                        : select o1_0.question_id,o1_0.option_text from question_options o1_0 where o1_0.question_id=?
2026-03-11T18:33:50.901+05:30 DEBUG 14376 --- [backend] [http-nio-8081-exec-8] org.hibernate.SQL                        : select o1_0.question_id,o1_0.option_text from question_options o1_0 where o1_0.question_id=?
2026-03-11T18:33:50.901+05:30 DEBUG 14376 --- [backend] [http-nio-8081-exec-8] org.hibernate.SQL                        : select v1_0.section_id,v1_0.id,v1_0.duration,v1_0.title,v1_0.type,v1_0.url from videos v1_0 where v1_0.section_id=?
2026-03-11T18:33:50.907+05:30 DEBUG 14376 --- [backend] [http-nio-8081-exec-8] org.hibernate.SQL                        : select v1_0.section_id,v1_0.id,v1_0.duration,v1_0.title,v1_0.type,v1_0.url from videos v1_0 where v1_0.section_id=?
2026-03-11T18:33:50.909+05:30 DEBUG 14376 --- [backend] [http-nio-8081-exec-8] org.hibernate.SQL                        : select s1_0.course_id,s1_0.id,s1_0.title from sections s1_0 where s1_0.course_id=?
2026-03-11T18:33:50.914+05:30 DEBUG 14376 --- [backend] [http-nio-8081-exec-8] org.hibernate.SQL                        : select s1_0.course_id,s1_0.id,s1_0.title from sections s1_0 where s1_0.course_id=?
2026-03-11T18:33:50.916+05:30 DEBUG 14376 --- [backend] [http-nio-8081-exec-8] org.hibernate.SQL                        : select s1_0.course_id,s1_0.id,s1_0.title from sections s1_0 where s1_0.course_id=?
2026-03-11T18:33:50.920+05:30 DEBUG 14376 --- [backend] [http-nio-8081-exec-8] org.hibernate.SQL                        : select s1_0.course_id,s1_0.id,s1_0.title from sections s1_0 where s1_0.course_id=?
2026-03-11T18:33:50.921+05:30 DEBUG 14376 --- [backend] [http-nio-8081-exec-8] org.hibernate.SQL                        : select s1_0.course_id,s1_0.id,s1_0.title from sections s1_0 where s1_0.course_id=?
2026-03-11T18:33:50.923+05:30 DEBUG 14376 --- [backend] [http-nio-8081-exec-8] org.hibernate.SQL                        : select s1_0.course_id,s1_0.id,s1_0.title from sections s1_0 where s1_0.course_id=?
2026-03-11T18:33:50.923+05:30 DEBUG 14376 --- [backend] [http-nio-8081-exec-8] org.hibernate.SQL                        : select v1_0.section_id,v1_0.id,v1_0.duration,v1_0.title,v1_0.type,v1_0.url from videos v1_0 where v1_0.section_id=?
2026-03-11T18:33:50.929+05:30 DEBUG 14376 --- [backend] [http-nio-8081-exec-8] org.hibernate.SQL                        : select q1_0.section_id,q1_0.id,q1_0.description,q1_0.title from quizzes q1_0 where q1_0.section_id=?
2026-03-11T18:33:50.929+05:30 DEBUG 14376 --- [backend] [http-nio-8081-exec-8] org.hibernate.SQL                        : select s1_0.course_id,s1_0.id,s1_0.title from sections s1_0 where s1_0.course_id=?
2026-03-11T18:33:50.929+05:30 DEBUG 14376 --- [backend] [http-nio-8081-exec-8] org.hibernate.SQL                        : select s1_0.course_id,s1_0.id,s1_0.title from sections s1_0 where s1_0.course_id=?
2026-03-11T18:33:50.929+05:30 DEBUG 14376 --- [backend] [http-nio-8081-exec-8] org.hibernate.SQL                        : select s1_0.course_id,s1_0.id,s1_0.title from sections s1_0 where s1_0.course_id=?
2026-03-11T18:33:50.962+05:30 DEBUG 14376 --- [backend] [http-nio-8081-exec-1] org.hibernate.SQL                        : select c1_0.id,c1_0.bg_color,c1_0.border_color,c1_0.color,c1_0.description,c1_0.discount,c1_0.domain,c1_0.duration,c1_0.gradient,c1_0.icon_name,c1_0.level,c1_0.live_link,c1_0.name,c1_0.shadow,c1_0.slug,c1_0.total_fee from courses c1_0
2026-03-11T18:33:50.977+05:30 DEBUG 14376 --- [backend] [http-nio-8081-exec-1] org.hibernate.SQL                        : select s1_0.course_id,s1_0.id,s1_0.title from sections s1_0 where s1_0.course_id=?
2026-03-11T18:33:50.980+05:30 DEBUG 14376 --- [backend] [http-nio-8081-exec-1] org.hibernate.SQL                        : select v1_0.section_id,v1_0.id,v1_0.duration,v1_0.title,v1_0.type,v1_0.url from videos v1_0 where v1_0.section_id=?
2026-03-11T18:33:50.987+05:30 DEBUG 14376 --- [backend] [http-nio-8081-exec-1] org.hibernate.SQL                        : select q1_0.section_id,q1_0.id,q1_0.description,q1_0.title from quizzes q1_0 where q1_0.section_id in (select s1_0.id from sections s1_0 where s1_0.course_id=?)
2026-03-11T18:33:50.996+05:30 DEBUG 14376 --- [backend] [http-nio-8081-exec-1] org.hibernate.SQL                        : select v1_0.section_id,v1_0.id,v1_0.duration,v1_0.title,v1_0.type,v1_0.url from videos v1_0 where v1_0.section_id=?
2026-03-11T18:33:50.999+05:30 DEBUG 14376 --- [backend] [http-nio-8081-exec-1] org.hibernate.SQL                        : select q1_0.quiz_id,q1_0.id,q1_0.correct_option_index,q1_0.question_text from questions q1_0 where q1_0.quiz_id=?
2026-03-11T18:33:50.999+05:30 DEBUG 14376 --- [backend] [http-nio-8081-exec-1] org.hibernate.SQL                        : select o1_0.question_id,o1_0.option_text from question_options o1_0 where o1_0.question_id=?
2026-03-11T18:33:51.006+05:30 DEBUG 14376 --- [backend] [http-nio-8081-exec-1] org.hibernate.SQL                        : select o1_0.question_id,o1_0.option_text from question_options o1_0 where o1_0.question_id=?
2026-03-11T18:33:51.013+05:30 DEBUG 14376 --- [backend] [http-nio-8081-exec-1] org.hibernate.SQL                        : select v1_0.section_id,v1_0.id,v1_0.duration,v1_0.title,v1_0.type,v1_0.url from videos v1_0 where v1_0.section_id=?
2026-03-11T18:33:51.020+05:30 DEBUG 14376 --- [backend] [http-nio-8081-exec-1] org.hibernate.SQL                        : select v1_0.section_id,v1_0.id,v1_0.duration,v1_0.title,v1_0.type,v1_0.url from videos v1_0 where v1_0.section_id=?
2026-03-11T18:33:51.025+05:30 DEBUG 14376 --- [backend] [http-nio-8081-exec-1] org.hibernate.SQL                        : select s1_0.course_id,s1_0.id,s1_0.title from sections s1_0 where s1_0.course_id=?
2026-03-11T18:33:51.028+05:30 DEBUG 14376 --- [backend] [http-nio-8081-exec-1] org.hibernate.SQL                        : select s1_0.course_id,s1_0.id,s1_0.title from sections s1_0 where s1_0.course_id=?
2026-03-11T18:33:51.033+05:30 DEBUG 14376 --- [backend] [http-nio-8081-exec-1] org.hibernate.SQL                        : select s1_0.course_id,s1_0.id,s1_0.title from sections s1_0 where s1_0.course_id=?
2026-03-11T18:33:51.033+05:30 DEBUG 14376 --- [backend] [http-nio-8081-exec-1] org.hibernate.SQL                        : select s1_0.course_id,s1_0.id,s1_0.title from sections s1_0 where s1_0.course_id=?
2026-03-11T18:33:51.037+05:30 DEBUG 14376 --- [backend] [http-nio-8081-exec-1] org.hibernate.SQL                        : select s1_0.course_id,s1_0.id,s1_0.title from sections s1_0 where s1_0.course_id=?
2026-03-11T18:33:51.042+05:30 DEBUG 14376 --- [backend] [http-nio-8081-exec-1] org.hibernate.SQL                        : select s1_0.course_id,s1_0.id,s1_0.title from sections s1_0 where s1_0.course_id=?
2026-03-11T18:33:51.044+05:30 DEBUG 14376 --- [backend] [http-nio-8081-exec-1] org.hibernate.SQL                        : select v1_0.section_id,v1_0.id,v1_0.duration,v1_0.title,v1_0.type,v1_0.url from videos v1_0 where v1_0.section_id=?
2026-03-11T18:33:51.050+05:30 DEBUG 14376 --- [backend] [http-nio-8081-exec-1] org.hibernate.SQL                        : select q1_0.section_id,q1_0.id,q1_0.description,q1_0.title from quizzes q1_0 where q1_0.section_id=?
2026-03-11T18:33:51.055+05:30 DEBUG 14376 --- [backend] [http-nio-8081-exec-1] org.hibernate.SQL                        : select s1_0.course_id,s1_0.id,s1_0.title from sections s1_0 where s1_0.course_id=?
2026-03-11T18:33:51.060+05:30 DEBUG 14376 --- [backend] [http-nio-8081-exec-1] org.hibernate.SQL                        : select s1_0.course_id,s1_0.id,s1_0.title from sections s1_0 where s1_0.course_id=?
2026-03-11T18:33:51.065+05:30 DEBUG 14376 --- [backend] [http-nio-8081-exec-1] org.hibernate.SQL                        : select s1_0.course_id,s1_0.id,s1_0.title from sections s1_0 where s1_0.course_id=?
2026-03-11T18:33:51.083+05:30 DEBUG 14376 --- [backend] [http-nio-8081-exec-1] org.hibernate.SQL                        : select c1_0.id,c1_0.bg_color,c1_0.border_color,c1_0.color,c1_0.description,c1_0.discount,c1_0.domain,c1_0.duration,c1_0.gradient,c1_0.icon_name,c1_0.level,c1_0.live_link,c1_0.name,c1_0.shadow,c1_0.slug,c1_0.total_fee from courses c1_0
2026-03-11T18:33:51.092+05:30 DEBUG 14376 --- [backend] [http-nio-8081-exec-1] org.hibernate.SQL                        : select s1_0.course_id,s1_0.id,s1_0.title from sections s1_0 where s1_0.course_id=?
2026-03-11T18:33:51.099+05:30 DEBUG 14376 --- [backend] [http-nio-8081-exec-1] org.hibernate.SQL                        : select v1_0.section_id,v1_0.id,v1_0.duration,v1_0.title,v1_0.type,v1_0.url from videos v1_0 where v1_0.section_id=?
2026-03-11T18:33:51.110+05:30 DEBUG 14376 --- [backend] [http-nio-8081-exec-1] org.hibernate.SQL                        : select q1_0.section_id,q1_0.id,q1_0.description,q1_0.title from quizzes q1_0 where q1_0.section_id in (select s1_0.id from sections s1_0 where s1_0.course_id=?)
2026-03-11T18:33:51.113+05:30 DEBUG 14376 --- [backend] [http-nio-8081-exec-1] org.hibernate.SQL                        : select v1_0.section_id,v1_0.id,v1_0.duration,v1_0.title,v1_0.type,v1_0.url from videos v1_0 where v1_0.section_id=?
2026-03-11T18:33:51.117+05:30 DEBUG 14376 --- [backend] [http-nio-8081-exec-1] org.hibernate.SQL                        : select q1_0.quiz_id,q1_0.id,q1_0.correct_option_index,q1_0.question_text from questions q1_0 where q1_0.quiz_id=?
2026-03-11T18:33:51.119+05:30 DEBUG 14376 --- [backend] [http-nio-8081-exec-1] org.hibernate.SQL                        : select o1_0.question_id,o1_0.option_text from question_options o1_0 where o1_0.question_id=?
2026-03-11T18:33:51.127+05:30 DEBUG 14376 --- [backend] [http-nio-8081-exec-1] org.hibernate.SQL                        : select o1_0.question_id,o1_0.option_text from question_options o1_0 where o1_0.question_id=?
2026-03-11T18:33:51.128+05:30 DEBUG 14376 --- [backend] [http-nio-8081-exec-1] org.hibernate.SQL                        : select v1_0.section_id,v1_0.id,v1_0.duration,v1_0.title,v1_0.type,v1_0.url from videos v1_0 where v1_0.section_id=?
2026-03-11T18:33:51.133+05:30 DEBUG 14376 --- [backend] [http-nio-8081-exec-1] org.hibernate.SQL                        : select v1_0.section_id,v1_0.id,v1_0.duration,v1_0.title,v1_0.type,v1_0.url from videos v1_0 where v1_0.section_id=?
2026-03-11T18:33:51.133+05:30 DEBUG 14376 --- [backend] [http-nio-8081-exec-1] org.hibernate.SQL                        : select s1_0.course_id,s1_0.id,s1_0.title from sections s1_0 where s1_0.course_id=?
2026-03-11T18:33:51.140+05:30 DEBUG 14376 --- [backend] [http-nio-8081-exec-1] org.hibernate.SQL                        : select s1_0.course_id,s1_0.id,s1_0.title from sections s1_0 where s1_0.course_id=?
2026-03-11T18:33:51.142+05:30 DEBUG 14376 --- [backend] [http-nio-8081-exec-1] org.hibernate.SQL                        : select s1_0.course_id,s1_0.id,s1_0.title from sections s1_0 where s1_0.course_id=?
2026-03-11T18:33:51.150+05:30 DEBUG 14376 --- [backend] [http-nio-8081-exec-1] org.hibernate.SQL                        : select s1_0.course_id,s1_0.id,s1_0.title from sections s1_0 where s1_0.course_id=?
2026-03-11T18:33:51.154+05:30 DEBUG 14376 --- [backend] [http-nio-8081-exec-1] org.hibernate.SQL                        : select s1_0.course_id,s1_0.id,s1_0.title from sections s1_0 where s1_0.course_id=?
2026-03-11T18:33:51.159+05:30 DEBUG 14376 --- [backend] [http-nio-8081-exec-1] org.hibernate.SQL                        : select s1_0.course_id,s1_0.id,s1_0.title from sections s1_0 where s1_0.course_id=?
2026-03-11T18:33:51.162+05:30 DEBUG 14376 --- [backend] [http-nio-8081-exec-1] org.hibernate.SQL                        : select v1_0.section_id,v1_0.id,v1_0.duration,v1_0.title,v1_0.type,v1_0.url from videos v1_0 where v1_0.section_id=?
2026-03-11T18:33:51.168+05:30 DEBUG 14376 --- [backend] [http-nio-8081-exec-1] org.hibernate.SQL                        : select q1_0.section_id,q1_0.id,q1_0.description,q1_0.title from quizzes q1_0 where q1_0.section_id=?
2026-03-11T18:33:51.168+05:30 DEBUG 14376 --- [backend] [http-nio-8081-exec-1] org.hibernate.SQL                        : select s1_0.course_id,s1_0.id,s1_0.title from sections s1_0 where s1_0.course_id=?
2026-03-11T18:33:51.182+05:30 DEBUG 14376 --- [backend] [http-nio-8081-exec-1] org.hibernate.SQL                        : select s1_0.course_id,s1_0.id,s1_0.title from sections s1_0 where s1_0.course_id=?
2026-03-11T18:33:51.182+05:30 DEBUG 14376 --- [backend] [http-nio-8081-exec-1] org.hibernate.SQL                        : select s1_0.course_id,s1_0.id,s1_0.title from sections s1_0 where s1_0.course_id=?
2026-03-11T18:33:51.217+05:30 DEBUG 14376 --- [backend] [http-nio-8081-exec-4] org.hibernate.SQL                        : select c1_0.id,c1_0.bg_color,c1_0.border_color,c1_0.color,c1_0.description,c1_0.discount,c1_0.domain,c1_0.duration,c1_0.gradient,c1_0.icon_name,c1_0.level,c1_0.live_link,c1_0.name,c1_0.shadow,c1_0.slug,c1_0.total_fee from courses c1_0
2026-03-11T18:33:51.231+05:30 DEBUG 14376 --- [backend] [http-nio-8081-exec-4] org.hibernate.SQL                        : select s1_0.course_id,s1_0.id,s1_0.title from sections s1_0 where s1_0.course_id=?
2026-03-11T18:33:51.235+05:30 DEBUG 14376 --- [backend] [http-nio-8081-exec-4] org.hibernate.SQL                        : select v1_0.section_id,v1_0.id,v1_0.duration,v1_0.title,v1_0.type,v1_0.url from videos v1_0 where v1_0.section_id=?
2026-03-11T18:33:51.245+05:30 DEBUG 14376 --- [backend] [http-nio-8081-exec-4] org.hibernate.SQL                        : select q1_0.section_id,q1_0.id,q1_0.description,q1_0.title from quizzes q1_0 where q1_0.section_id in (select s1_0.id from sections s1_0 where s1_0.course_id=?)
2026-03-11T18:33:51.249+05:30 DEBUG 14376 --- [backend] [http-nio-8081-exec-4] org.hibernate.SQL                        : select v1_0.section_id,v1_0.id,v1_0.duration,v1_0.title,v1_0.type,v1_0.url from videos v1_0 where v1_0.section_id=?
2026-03-11T18:33:51.250+05:30 DEBUG 14376 --- [backend] [http-nio-8081-exec-4] org.hibernate.SQL                        : select q1_0.quiz_id,q1_0.id,q1_0.correct_option_index,q1_0.question_text from questions q1_0 where q1_0.quiz_id=?
2026-03-11T18:33:51.255+05:30 DEBUG 14376 --- [backend] [http-nio-8081-exec-4] org.hibernate.SQL                        : select o1_0.question_id,o1_0.option_text from question_options o1_0 where o1_0.question_id=?
2026-03-11T18:33:51.257+05:30 DEBUG 14376 --- [backend] [http-nio-8081-exec-4] org.hibernate.SQL                        : select o1_0.question_id,o1_0.option_text from question_options o1_0 where o1_0.question_id=?
2026-03-11T18:33:51.261+05:30 DEBUG 14376 --- [backend] [http-nio-8081-exec-4] org.hibernate.SQL                        : select v1_0.section_id,v1_0.id,v1_0.duration,v1_0.title,v1_0.type,v1_0.url from videos v1_0 where v1_0.section_id=?
2026-03-11T18:33:51.266+05:30 DEBUG 14376 --- [backend] [http-nio-8081-exec-4] org.hibernate.SQL                        : select v1_0.section_id,v1_0.id,v1_0.duration,v1_0.title,v1_0.type,v1_0.url from videos v1_0 where v1_0.section_id=?
2026-03-11T18:33:51.269+05:30 DEBUG 14376 --- [backend] [http-nio-8081-exec-4] org.hibernate.SQL                        : select s1_0.course_id,s1_0.id,s1_0.title from sections s1_0 where s1_0.course_id=?
2026-03-11T18:33:51.273+05:30 DEBUG 14376 --- [backend] [http-nio-8081-exec-4] org.hibernate.SQL                        : select s1_0.course_id,s1_0.id,s1_0.title from sections s1_0 where s1_0.course_id=?
2026-03-11T18:33:51.274+05:30 DEBUG 14376 --- [backend] [http-nio-8081-exec-4] org.hibernate.SQL                        : select s1_0.course_id,s1_0.id,s1_0.title from sections s1_0 where s1_0.course_id=?
2026-03-11T18:33:51.277+05:30 DEBUG 14376 --- [backend] [http-nio-8081-exec-4] org.hibernate.SQL                        : select s1_0.course_id,s1_0.id,s1_0.title from sections s1_0 where s1_0.course_id=?
2026-03-11T18:33:51.277+05:30 DEBUG 14376 --- [backend] [http-nio-8081-exec-4] org.hibernate.SQL                        : select s1_0.course_id,s1_0.id,s1_0.title from sections s1_0 where s1_0.course_id=?
2026-03-11T18:33:51.280+05:30 DEBUG 14376 --- [backend] [http-nio-8081-exec-4] org.hibernate.SQL                        : select s1_0.course_id,s1_0.id,s1_0.title from sections s1_0 where s1_0.course_id=?
2026-03-11T18:33:51.283+05:30 DEBUG 14376 --- [backend] [http-nio-8081-exec-4] org.hibernate.SQL                        : select v1_0.section_id,v1_0.id,v1_0.duration,v1_0.title,v1_0.type,v1_0.url from videos v1_0 where v1_0.section_id=?
2026-03-11T18:33:51.289+05:30 DEBUG 14376 --- [backend] [http-nio-8081-exec-4] org.hibernate.SQL                        : select q1_0.section_id,q1_0.id,q1_0.description,q1_0.title from quizzes q1_0 where q1_0.section_id=?
2026-03-11T18:33:51.289+05:30 DEBUG 14376 --- [backend] [http-nio-8081-exec-4] org.hibernate.SQL                        : select s1_0.course_id,s1_0.id,s1_0.title from sections s1_0 where s1_0.course_id=?
2026-03-11T18:33:51.296+05:30 DEBUG 14376 --- [backend] [http-nio-8081-exec-4] org.hibernate.SQL                        : select s1_0.course_id,s1_0.id,s1_0.title from sections s1_0 where s1_0.course_id=?
2026-03-11T18:33:51.298+05:30 DEBUG 14376 --- [backend] [http-nio-8081-exec-4] org.hibernate.SQL                        : select s1_0.course_id,s1_0.id,s1_0.title from sections s1_0 where s1_0.course_id=?
2026-03-11T18:34:19.029+05:30  INFO 14376 --- [backend] [http-nio-8081-exec-10] c.t.backend.controller.AuthController    : Login attempt for identifier: admin@tsarit.com
2026-03-11T18:34:19.029+05:30 DEBUG 14376 --- [backend] [http-nio-8081-exec-10] org.hibernate.SQL                        : select u1_0.id,u1_0.certificate_date,u1_0.certificate_issued,u1_0.course,u1_0.discount,u1_0.email,u1_0.password,u1_0.phone,u1_0.profile_picture,u1_0.role,u1_0.total_fee,u1_0.username from users u1_0 where u1_0.username=? limit ?
2026-03-11T18:34:19.037+05:30  INFO 14376 --- [backend] [http-nio-8081-exec-10] c.t.backend.controller.AuthController    : User not found by username. Trying email...
2026-03-11T18:34:19.038+05:30 DEBUG 14376 --- [backend] [http-nio-8081-exec-10] org.hibernate.SQL                        : select u1_0.id,u1_0.certificate_date,u1_0.certificate_issued,u1_0.course,u1_0.discount,u1_0.email,u1_0.password,u1_0.phone,u1_0.profile_picture,u1_0.role,u1_0.total_fee,u1_0.username from users u1_0 where u1_0.email=? limit ?
2026-03-11T18:34:19.042+05:30  INFO 14376 --- [backend] [http-nio-8081-exec-10] c.t.backend.controller.AuthController    : User found: ID=17, Username=Admin, Email=admin@tsarit.com, Role=ADMIN
2026-03-11T18:34:19.042+05:30  INFO 14376 --- [backend] [http-nio-8081-exec-10] c.t.backend.controller.AuthController    : Stored Password Hash: $2a$10$NAtHdOiNl9RzXrPW4tO81udicLkg0QF83tz/3b8pDAp.t80pt3gk.
2026-03-11T18:34:19.208+05:30  INFO 14376 --- [backend] [http-nio-8081-exec-10] c.t.backend.controller.AuthController    : PasswordEncoder Match Result: true
2026-03-11T18:34:19.208+05:30  INFO 14376 --- [backend] [http-nio-8081-exec-10] c.t.backend.controller.AuthController    : Login successful for user: Admin
2026-03-11T18:34:19.493+05:30 DEBUG 14376 --- [backend] [http-nio-8081-exec-7] org.hibernate.SQL                        : select count(*) from users u1_0
2026-03-11T18:34:19.500+05:30 DEBUG 14376 --- [backend] [http-nio-8081-exec-7] org.hibernate.SQL                        : select count(*) from courses c1_0
2026-03-11T18:34:19.508+05:30 DEBUG 14376 --- [backend] [http-nio-8081-exec-7] org.hibernate.SQL                        : select count(*) from webinars w1_0
2026-03-11T18:34:19.515+05:30 DEBUG 14376 --- [backend] [http-nio-8081-exec-7] org.hibernate.SQL                        : select count(*) from testimonials t1_0
2026-03-11T18:34:19.525+05:30 DEBUG 14376 --- [backend] [http-nio-8081-exec-7] org.hibernate.SQL                        : select sum(e1_0.amount_paid) from enrollments e1_0
2026-03-11T18:34:19.544+05:30 DEBUG 14376 --- [backend] [http-nio-8081-exec-6] org.hibernate.SQL                        : select count(*) from users u1_0
2026-03-11T18:34:19.549+05:30 DEBUG 14376 --- [backend] [http-nio-8081-exec-6] org.hibernate.SQL                        : select count(*) from courses c1_0
2026-03-11T18:34:19.552+05:30 DEBUG 14376 --- [backend] [http-nio-8081-exec-6] org.hibernate.SQL                        : select count(*) from webinars w1_0
2026-03-11T18:34:19.558+05:30 DEBUG 14376 --- [backend] [http-nio-8081-exec-6] org.hibernate.SQL                        : select count(*) from testimonials t1_0
2026-03-11T18:34:19.561+05:30 DEBUG 14376 --- [backend] [http-nio-8081-exec-6] org.hibernate.SQL                        : select sum(e1_0.amount_paid) from enrollments e1_0
2026-03-11T18:34:24.718+05:30 DEBUG 14376 --- [backend] [http-nio-8081-exec-9] org.hibernate.SQL                        : select u1_0.id,u1_0.certificate_date,u1_0.certificate_issued,u1_0.course,u1_0.discount,u1_0.email,u1_0.password,u1_0.phone,u1_0.profile_picture,u1_0.role,u1_0.total_fee,u1_0.username from users u1_0
2026-03-11T18:34:24.739+05:30 DEBUG 14376 --- [backend] [http-nio-8081-exec-10] org.hibernate.SQL                        : select e1_0.id,e1_0.amount_paid,e1_0.certificate_date,e1_0.certificate_id,e1_0.certificate_issued,e1_0.course_name,e1_0.discount,e1_0.enrollment_date,e1_0.fee,e1_0.payment_time,e1_0.progress,e1_0.status,e1_0.student_name,e1_0.transaction_id,e1_0.user_id from enrollments e1_0
2026-03-11T18:34:24.743+05:30 DEBUG 14376 --- [backend] [http-nio-8081-exec-10] org.hibernate.SQL                        : select u1_0.id,u1_0.certificate_date,u1_0.certificate_issued,u1_0.course,u1_0.discount,u1_0.email,u1_0.password,u1_0.phone,u1_0.profile_picture,u1_0.role,u1_0.total_fee,u1_0.username from users u1_0 where u1_0.id=?
2026-03-11T18:34:24.743+05:30 DEBUG 14376 --- [backend] [http-nio-8081-exec-5] org.hibernate.SQL                        : select u1_0.id,u1_0.certificate_date,u1_0.certificate_issued,u1_0.course,u1_0.discount,u1_0.email,u1_0.password,u1_0.phone,u1_0.profile_picture,u1_0.role,u1_0.total_fee,u1_0.username from users u1_0
2026-03-11T18:34:24.747+05:30 DEBUG 14376 --- [backend] [http-nio-8081-exec-10] org.hibernate.SQL                        : select u1_0.id,u1_0.certificate_date,u1_0.certificate_issued,u1_0.course,u1_0.discount,u1_0.email,u1_0.password,u1_0.phone,u1_0.profile_picture,u1_0.role,u1_0.total_fee,u1_0.username from users u1_0 where u1_0.id=?
2026-03-11T18:34:24.750+05:30 DEBUG 14376 --- [backend] [http-nio-8081-exec-10] org.hibernate.SQL                        : select u1_0.id,u1_0.certificate_date,u1_0.certificate_issued,u1_0.course,u1_0.discount,u1_0.email,u1_0.password,u1_0.phone,u1_0.profile_picture,u1_0.role,u1_0.total_fee,u1_0.username from users u1_0 where u1_0.id=?
2026-03-11T18:34:24.750+05:30 DEBUG 14376 --- [backend] [http-nio-8081-exec-10] org.hibernate.SQL                        : select u1_0.id,u1_0.certificate_date,u1_0.certificate_issued,u1_0.course,u1_0.discount,u1_0.email,u1_0.password,u1_0.phone,u1_0.profile_picture,u1_0.role,u1_0.total_fee,u1_0.username from users u1_0 where u1_0.id=?
2026-03-11T18:34:24.755+05:30 DEBUG 14376 --- [backend] [http-nio-8081-exec-10] org.hibernate.SQL                        : select u1_0.id,u1_0.certificate_date,u1_0.certificate_issued,u1_0.course,u1_0.discount,u1_0.email,u1_0.password,u1_0.phone,u1_0.profile_picture,u1_0.role,u1_0.total_fee,u1_0.username from users u1_0 where u1_0.id=?
2026-03-11T18:34:24.758+05:30 DEBUG 14376 --- [backend] [http-nio-8081-exec-10] org.hibernate.SQL                        : select u1_0.id,u1_0.certificate_date,u1_0.certificate_issued,u1_0.course,u1_0.discount,u1_0.email,u1_0.password,u1_0.phone,u1_0.profile_picture,u1_0.role,u1_0.total_fee,u1_0.username from users u1_0 where u1_0.id=?
2026-03-11T18:34:24.759+05:30 DEBUG 14376 --- [backend] [http-nio-8081-exec-10] org.hibernate.SQL                        : select u1_0.id,u1_0.certificate_date,u1_0.certificate_issued,u1_0.course,u1_0.discount,u1_0.email,u1_0.password,u1_0.phone,u1_0.profile_picture,u1_0.role,u1_0.total_fee,u1_0.username from users u1_0 where u1_0.id=?
2026-03-11T18:34:24.761+05:30 DEBUG 14376 --- [backend] [http-nio-8081-exec-10] org.hibernate.SQL                        : select u1_0.id,u1_0.certificate_date,u1_0.certificate_issued,u1_0.course,u1_0.discount,u1_0.email,u1_0.password,u1_0.phone,u1_0.profile_picture,u1_0.role,u1_0.total_fee,u1_0.username from users u1_0 where u1_0.id=?
2026-03-11T18:34:24.765+05:30 DEBUG 14376 --- [backend] [http-nio-8081-exec-10] org.hibernate.SQL                        : select u1_0.id,u1_0.certificate_date,u1_0.certificate_issued,u1_0.course,u1_0.discount,u1_0.email,u1_0.password,u1_0.phone,u1_0.profile_picture,u1_0.role,u1_0.total_fee,u1_0.username from users u1_0 where u1_0.id=?
2026-03-11T18:34:24.792+05:30 DEBUG 14376 --- [backend] [http-nio-8081-exec-2] org.hibernate.SQL                        : select e1_0.id,e1_0.amount_paid,e1_0.certificate_date,e1_0.certificate_id,e1_0.certificate_issued,e1_0.course_name,e1_0.discount,e1_0.enrollment_date,e1_0.fee,e1_0.payment_time,e1_0.progress,e1_0.status,e1_0.student_name,e1_0.transaction_id,e1_0.user_id from enrollments e1_0
2026-03-11T18:34:24.792+05:30 DEBUG 14376 --- [backend] [http-nio-8081-exec-2] org.hibernate.SQL                        : select u1_0.id,u1_0.certificate_date,u1_0.certificate_issued,u1_0.course,u1_0.discount,u1_0.email,u1_0.password,u1_0.phone,u1_0.profile_picture,u1_0.role,u1_0.total_fee,u1_0.username from users u1_0 where u1_0.id=?
2026-03-11T18:34:24.792+05:30 DEBUG 14376 --- [backend] [http-nio-8081-exec-2] org.hibernate.SQL                        : select u1_0.id,u1_0.certificate_date,u1_0.certificate_issued,u1_0.course,u1_0.discount,u1_0.email,u1_0.password,u1_0.phone,u1_0.profile_picture,u1_0.role,u1_0.total_fee,u1_0.username from users u1_0 where u1_0.id=?
2026-03-11T18:34:24.799+05:30 DEBUG 14376 --- [backend] [http-nio-8081-exec-2] org.hibernate.SQL                        : select u1_0.id,u1_0.certificate_date,u1_0.certificate_issued,u1_0.course,u1_0.discount,u1_0.email,u1_0.password,u1_0.phone,u1_0.profile_picture,u1_0.role,u1_0.total_fee,u1_0.username from users u1_0 where u1_0.id=?
2026-03-11T18:34:24.799+05:30 DEBUG 14376 --- [backend] [http-nio-8081-exec-2] org.hibernate.SQL                        : select u1_0.id,u1_0.certificate_date,u1_0.certificate_issued,u1_0.course,u1_0.discount,u1_0.email,u1_0.password,u1_0.phone,u1_0.profile_picture,u1_0.role,u1_0.total_fee,u1_0.username from users u1_0 where u1_0.id=?
2026-03-11T18:34:24.799+05:30 DEBUG 14376 --- [backend] [http-nio-8081-exec-2] org.hibernate.SQL                        : select u1_0.id,u1_0.certificate_date,u1_0.certificate_issued,u1_0.course,u1_0.discount,u1_0.email,u1_0.password,u1_0.phone,u1_0.profile_picture,u1_0.role,u1_0.total_fee,u1_0.username from users u1_0 where u1_0.id=?
2026-03-11T18:34:24.799+05:30 DEBUG 14376 --- [backend] [http-nio-8081-exec-2] org.hibernate.SQL                        : select u1_0.id,u1_0.certificate_date,u1_0.certificate_issued,u1_0.course,u1_0.discount,u1_0.email,u1_0.password,u1_0.phone,u1_0.profile_picture,u1_0.role,u1_0.total_fee,u1_0.username from users u1_0 where u1_0.id=?
2026-03-11T18:34:24.807+05:30 DEBUG 14376 --- [backend] [http-nio-8081-exec-2] org.hibernate.SQL                        : select u1_0.id,u1_0.certificate_date,u1_0.certificate_issued,u1_0.course,u1_0.discount,u1_0.email,u1_0.password,u1_0.phone,u1_0.profile_picture,u1_0.role,u1_0.total_fee,u1_0.username from users u1_0 where u1_0.id=?
2026-03-11T18:34:24.808+05:30 DEBUG 14376 --- [backend] [http-nio-8081-exec-2] org.hibernate.SQL                        : select u1_0.id,u1_0.certificate_date,u1_0.certificate_issued,u1_0.course,u1_0.discount,u1_0.email,u1_0.password,u1_0.phone,u1_0.profile_picture,u1_0.role,u1_0.total_fee,u1_0.username from users u1_0 where u1_0.id=?
2026-03-11T18:34:24.809+05:30 DEBUG 14376 --- [backend] [http-nio-8081-exec-2] org.hibernate.SQL                        : select u1_0.id,u1_0.certificate_date,u1_0.certificate_issued,u1_0.course,u1_0.discount,u1_0.email,u1_0.password,u1_0.phone,u1_0.profile_picture,u1_0.role,u1_0.total_fee,u1_0.username from users u1_0 where u1_0.id=?
